mode,thp,concurrency,read_iops,read_bw_kib,clat_p99_us
sync_psync,thp_off,16,280156.594780,35860044,173.056
async_uring,thp_off,16,271294.956835,34725754,0.876
sync_psync,thp_on,16,290728.293837,37213221,150.528
async_uring,thp_on,16,269288.490384,34468926,0.884
