{
  "fio version" : "fio-3.36",
  "timestamp" : 1765736482,
  "timestamp_ms" : 1765736482535,
  "time" : "Sun Dec 14 13:21:22 2025",
  "global options" : {
    "filename" : "test.dat",
    "rw" : "randread",
    "bs" : "4k",
    "direct" : "1",
    "time_based" : "1",
    "runtime" : "30",
    "group_reporting" : "1",
    "randrepeat" : "0",
    "norandommap" : "1"
  },
  "jobs" : [
    {
      "jobname" : "async_uring_c4_nj4_qd1",
      "groupid" : 0,
      "job_start" : 1765736452515,
      "error" : 0,
      "eta" : 0,
      "elapsed" : 31,
      "job options" : {
        "name" : "async_uring_c4_nj4_qd1",
        "ioengine" : "io_uring",
        "numjobs" : "4",
        "iodepth" : "1",
        "iodepth_batch" : "1",
        "iodepth_batch_complete_min" : "1"
      },
      "read" : {
        "io_bytes" : 256421109760,
        "io_kbytes" : 250411240,
        "bw_bytes" : 8547085422,
        "bw" : 8346763,
        "iops" : 2086690.776974,
        "runtime" : 30001,
        "total_ios" : 62602810,
        "short_ios" : 0,
        "drop_ios" : 0,
        "slat_ns" : {
          "min" : 1089,
          "max" : 4702842,
          "mean" : 1629.548235,
          "stddev" : 2695.740192,
          "N" : 62602810
        },
        "clat_ns" : {
          "min" : 49,
          "max" : 5559310,
          "mean" : 96.902796,
          "stddev" : 973.975001,
          "N" : 62602810,
          "percentile" : {
            "1.000000" : 59,
            "5.000000" : 60,
            "10.000000" : 60,
            "20.000000" : 70,
            "30.000000" : 70,
            "40.000000" : 71,
            "50.000000" : 99,
            "60.000000" : 108,
            "70.000000" : 110,
            "80.000000" : 111,
            "90.000000" : 121,
            "95.000000" : 121,
            "99.000000" : 141,
            "99.500000" : 171,
            "99.900000" : 772,
            "99.950000" : 788,
            "99.990000" : 6688
          }
        },
        "lat_ns" : {
          "min" : 1169,
          "max" : 5561140,
          "mean" : 1726.451031,
          "stddev" : 2875.179611,
          "N" : 62602810
        },
        "bw_min" : 7839808,
        "bw_max" : 8655521,
        "bw_agg" : 100.000000,
        "bw_mean" : 8355569.779661,
        "bw_dev" : 37621.236806,
        "bw_samples" : 236,
        "iops_min" : 1959952,
        "iops_max" : 2163880,
        "iops_mean" : 2088892.101695,
        "iops_stddev" : 9405.312321,
        "iops_samples" : 236
      },
      "write" : {
        "io_bytes" : 0,
        "io_kbytes" : 0,
        "bw_bytes" : 0,
        "bw" : 0,
        "iops" : 0.000000,
        "runtime" : 0,
        "total_ios" : 0,
        "short_ios" : 0,
        "drop_ios" : 0,
        "slat_ns" : {
          "min" : 0,
          "max" : 0,
          "mean" : 0.000000,
          "stddev" : 0.000000,
          "N" : 0
        },
        "clat_ns" : {
          "min" : 0,
          "max" : 0,
          "mean" : 0.000000,
          "stddev" : 0.000000,
          "N" : 0
        },
        "lat_ns" : {
          "min" : 0,
          "max" : 0,
          "mean" : 0.000000,
          "stddev" : 0.000000,
          "N" : 0
        },
        "bw_min" : 0,
        "bw_max" : 0,
        "bw_agg" : 0.000000,
        "bw_mean" : 0.000000,
        "bw_dev" : 0.000000,
        "bw_samples" : 0,
        "iops_min" : 0,
        "iops_max" : 0,
        "iops_mean" : 0.000000,
        "iops_stddev" : 0.000000,
        "iops_samples" : 0
      },
      "trim" : {
        "io_bytes" : 0,
        "io_kbytes" : 0,
        "bw_bytes" : 0,
        "bw" : 0,
        "iops" : 0.000000,
        "runtime" : 0,
        "total_ios" : 0,
        "short_ios" : 0,
        "drop_ios" : 0,
        "slat_ns" : {
          "min" : 0,
          "max" : 0,
          "mean" : 0.000000,
          "stddev" : 0.000000,
          "N" : 0
        },
        "clat_ns" : {
          "min" : 0,
          "max" : 0,
          "mean" : 0.000000,
          "stddev" : 0.000000,
          "N" : 0
        },
        "lat_ns" : {
          "min" : 0,
          "max" : 0,
          "mean" : 0.000000,
          "stddev" : 0.000000,
          "N" : 0
        },
        "bw_min" : 0,
        "bw_max" : 0,
        "bw_agg" : 0.000000,
        "bw_mean" : 0.000000,
        "bw_dev" : 0.000000,
        "bw_samples" : 0,
        "iops_min" : 0,
        "iops_max" : 0,
        "iops_mean" : 0.000000,
        "iops_stddev" : 0.000000,
        "iops_samples" : 0
      },
      "sync" : {
        "total_ios" : 0,
        "lat_ns" : {
          "min" : 0,
          "max" : 0,
          "mean" : 0.000000,
          "stddev" : 0.000000,
          "N" : 0
        }
      },
      "job_runtime" : 120000,
      "usr_cpu" : 22.857500,
      "sys_cpu" : 77.175000,
      "ctx" : 57,
      "majf" : 0,
      "minf" : 40,
      "iodepth_level" : {
        "1" : 100.000000,
        "2" : 0.000000,
        "4" : 0.000000,
        "8" : 0.000000,
        "16" : 0.000000,
        "32" : 0.000000,
        ">=64" : 0.000000
      },
      "iodepth_submit" : {
        "0" : 0.000000,
        "4" : 100.000000,
        "8" : 0.000000,
        "16" : 0.000000,
        "32" : 0.000000,
        "64" : 0.000000,
        ">=64" : 0.000000
      },
      "iodepth_complete" : {
        "0" : 0.000000,
        "4" : 100.000000,
        "8" : 0.000000,
        "16" : 0.000000,
        "32" : 0.000000,
        "64" : 0.000000,
        ">=64" : 0.000000
      },
      "latency_ns" : {
        "2" : 0.000000,
        "4" : 0.000000,
        "10" : 0.000000,
        "20" : 0.000000,
        "50" : 0.010000,
        "100" : 50.026210,
        "250" : 49.617522,
        "500" : 0.084974,
        "750" : 0.056352,
        "1000" : 0.193204
      },
      "latency_us" : {
        "2" : 0.010000,
        "4" : 0.010000,
        "10" : 0.010000,
        "20" : 0.010000,
        "50" : 0.010000,
        "100" : 0.010000,
        "250" : 0.010000,
        "500" : 0.010000,
        "750" : 0.010000,
        "1000" : 0.010000
      },
      "latency_ms" : {
        "2" : 0.010000,
        "4" : 0.000000,
        "10" : 0.010000,
        "20" : 0.000000,
        "50" : 0.000000,
        "100" : 0.000000,
        "250" : 0.000000,
        "500" : 0.000000,
        "750" : 0.000000,
        "1000" : 0.000000,
        "2000" : 0.000000,
        ">=2000" : 0.000000
      },
      "latency_depth" : 1,
      "latency_target" : 0,
      "latency_percentile" : 100.000000,
      "latency_window" : 0
    }
  ],
  "disk_util" : [
    {
      "name" : "sdd",
      "read_ios" : 0,
      "write_ios" : 29,
      "read_sectors" : 0,
      "write_sectors" : 536,
      "read_merges" : 0,
      "write_merges" : 18,
      "read_ticks" : 0,
      "write_ticks" : 43,
      "in_queue" : 57,
      "util" : 0.106784
    }
  ]
}
