{
  "fio version" : "fio-3.36",
  "timestamp" : 1765736421,
  "timestamp_ms" : 1765736421976,
  "time" : "Sun Dec 14 13:20:21 2025",
  "global options" : {
    "filename" : "test.dat",
    "rw" : "randread",
    "bs" : "4k",
    "direct" : "1",
    "time_based" : "1",
    "runtime" : "30",
    "group_reporting" : "1",
    "randrepeat" : "0",
    "norandommap" : "1"
  },
  "jobs" : [
    {
      "jobname" : "async_uring_c1_nj4_qd1",
      "groupid" : 0,
      "job_start" : 1765736391963,
      "error" : 0,
      "eta" : 0,
      "elapsed" : 31,
      "job options" : {
        "name" : "async_uring_c1_nj4_qd1",
        "ioengine" : "io_uring",
        "numjobs" : "4",
        "iodepth" : "1",
        "iodepth_batch" : "1",
        "iodepth_batch_complete_min" : "1"
      },
      "read" : {
        "io_bytes" : 259624386560,
        "io_kbytes" : 253539440,
        "bw_bytes" : 8653857756,
        "bw" : 8451032,
        "iops" : 2112758.241392,
        "runtime" : 30001,
        "total_ios" : 63384860,
        "short_ios" : 0,
        "drop_ios" : 0,
        "slat_ns" : {
          "min" : 1074,
          "max" : 11299089,
          "mean" : 1620.891613,
          "stddev" : 4360.782495,
          "N" : 63384860
        },
        "clat_ns" : {
          "min" : 49,
          "max" : 9877951,
          "mean" : 95.271566,
          "stddev" : 1619.177721,
          "N" : 63384860,
          "percentile" : {
            "1.000000" : 59,
            "5.000000" : 60,
            "10.000000" : 60,
            "20.000000" : 70,
            "30.000000" : 70,
            "40.000000" : 71,
            "50.000000" : 91,
            "60.000000" : 100,
            "70.000000" : 109,
            "80.000000" : 111,
            "90.000000" : 119,
            "95.000000" : 121,
            "99.000000" : 141,
            "99.500000" : 177,
            "99.900000" : 780,
            "99.950000" : 788,
            "99.990000" : 6816
          }
        },
        "lat_ns" : {
          "min" : 1153,
          "max" : 11301749,
          "mean" : 1716.163179,
          "stddev" : 4658.755351,
          "N" : 63384860
        },
        "bw_min" : 7935205,
        "bw_max" : 9055576,
        "bw_agg" : 100.000000,
        "bw_mean" : 8458759.966102,
        "bw_dev" : 49979.865110,
        "bw_samples" : 236,
        "iops_min" : 1983801,
        "iops_max" : 2263894,
        "iops_mean" : 2114689.779661,
        "iops_stddev" : 12494.982768,
        "iops_samples" : 236
      },
      "write" : {
        "io_bytes" : 0,
        "io_kbytes" : 0,
        "bw_bytes" : 0,
        "bw" : 0,
        "iops" : 0.000000,
        "runtime" : 0,
        "total_ios" : 0,
        "short_ios" : 0,
        "drop_ios" : 0,
        "slat_ns" : {
          "min" : 0,
          "max" : 0,
          "mean" : 0.000000,
          "stddev" : 0.000000,
          "N" : 0
        },
        "clat_ns" : {
          "min" : 0,
          "max" : 0,
          "mean" : 0.000000,
          "stddev" : 0.000000,
          "N" : 0
        },
        "lat_ns" : {
          "min" : 0,
          "max" : 0,
          "mean" : 0.000000,
          "stddev" : 0.000000,
          "N" : 0
        },
        "bw_min" : 0,
        "bw_max" : 0,
        "bw_agg" : 0.000000,
        "bw_mean" : 0.000000,
        "bw_dev" : 0.000000,
        "bw_samples" : 0,
        "iops_min" : 0,
        "iops_max" : 0,
        "iops_mean" : 0.000000,
        "iops_stddev" : 0.000000,
        "iops_samples" : 0
      },
      "trim" : {
        "io_bytes" : 0,
        "io_kbytes" : 0,
        "bw_bytes" : 0,
        "bw" : 0,
        "iops" : 0.000000,
        "runtime" : 0,
        "total_ios" : 0,
        "short_ios" : 0,
        "drop_ios" : 0,
        "slat_ns" : {
          "min" : 0,
          "max" : 0,
          "mean" : 0.000000,
          "stddev" : 0.000000,
          "N" : 0
        },
        "clat_ns" : {
          "min" : 0,
          "max" : 0,
          "mean" : 0.000000,
          "stddev" : 0.000000,
          "N" : 0
        },
        "lat_ns" : {
          "min" : 0,
          "max" : 0,
          "mean" : 0.000000,
          "stddev" : 0.000000,
          "N" : 0
        },
        "bw_min" : 0,
        "bw_max" : 0,
        "bw_agg" : 0.000000,
        "bw_mean" : 0.000000,
        "bw_dev" : 0.000000,
        "bw_samples" : 0,
        "iops_min" : 0,
        "iops_max" : 0,
        "iops_mean" : 0.000000,
        "iops_stddev" : 0.000000,
        "iops_samples" : 0
      },
      "sync" : {
        "total_ios" : 0,
        "lat_ns" : {
          "min" : 0,
          "max" : 0,
          "mean" : 0.000000,
          "stddev" : 0.000000,
          "N" : 0
        }
      },
      "job_runtime" : 120000,
      "usr_cpu" : 22.035000,
      "sys_cpu" : 77.995833,
      "ctx" : 103,
      "majf" : 0,
      "minf" : 49,
      "iodepth_level" : {
        "1" : 100.000000,
        "2" : 0.000000,
        "4" : 0.000000,
        "8" : 0.000000,
        "16" : 0.000000,
        "32" : 0.000000,
        ">=64" : 0.000000
      },
      "iodepth_submit" : {
        "0" : 0.000000,
        "4" : 100.000000,
        "8" : 0.000000,
        "16" : 0.000000,
        "32" : 0.000000,
        "64" : 0.000000,
        ">=64" : 0.000000
      },
      "iodepth_complete" : {
        "0" : 0.000000,
        "4" : 100.000000,
        "8" : 0.000000,
        "16" : 0.000000,
        "32" : 0.000000,
        "64" : 0.000000,
        ">=64" : 0.000000
      },
      "latency_ns" : {
        "2" : 0.000000,
        "4" : 0.000000,
        "10" : 0.000000,
        "20" : 0.000000,
        "50" : 0.010000,
        "100" : 53.875250,
        "250" : 45.750017,
        "500" : 0.081333,
        "750" : 0.053355,
        "1000" : 0.213336
      },
      "latency_us" : {
        "2" : 0.010000,
        "4" : 0.010000,
        "10" : 0.010000,
        "20" : 0.010000,
        "50" : 0.010000,
        "100" : 0.010000,
        "250" : 0.010000,
        "500" : 0.010000,
        "750" : 0.010000,
        "1000" : 0.010000
      },
      "latency_ms" : {
        "2" : 0.000000,
        "4" : 0.010000,
        "10" : 0.010000,
        "20" : 0.000000,
        "50" : 0.000000,
        "100" : 0.000000,
        "250" : 0.000000,
        "500" : 0.000000,
        "750" : 0.000000,
        "1000" : 0.000000,
        "2000" : 0.000000,
        ">=2000" : 0.000000
      },
      "latency_depth" : 1,
      "latency_target" : 0,
      "latency_percentile" : 100.000000,
      "latency_window" : 0
    }
  ],
  "disk_util" : [
    {
      "name" : "sdd",
      "read_ios" : 0,
      "write_ios" : 19,
      "read_sectors" : 0,
      "write_sectors" : 440,
      "read_merges" : 0,
      "write_merges" : 17,
      "read_ticks" : 0,
      "write_ticks" : 28,
      "in_queue" : 31,
      "util" : 0.053381
    }
  ]
}
