{
  "fio version" : "fio-3.36",
  "timestamp" : 1765736603,
  "timestamp_ms" : 1765736603796,
  "time" : "Sun Dec 14 13:23:23 2025",
  "global options" : {
    "filename" : "test.dat",
    "rw" : "randread",
    "bs" : "4k",
    "direct" : "1",
    "time_based" : "1",
    "runtime" : "30",
    "group_reporting" : "1",
    "randrepeat" : "0",
    "norandommap" : "1"
  },
  "jobs" : [
    {
      "jobname" : "async_uring_c64_nj4_qd16",
      "groupid" : 0,
      "job_start" : 1765736573781,
      "error" : 0,
      "eta" : 0,
      "elapsed" : 31,
      "job options" : {
        "name" : "async_uring_c64_nj4_qd16",
        "ioengine" : "io_uring",
        "numjobs" : "4",
        "iodepth" : "16",
        "iodepth_batch" : "16",
        "iodepth_batch_complete_min" : "16"
      },
      "read" : {
        "io_bytes" : 462960001024,
        "io_kbytes" : 452109376,
        "bw_bytes" : 15430971302,
        "bw" : 15069307,
        "iops" : 3767326.978201,
        "runtime" : 30002,
        "total_ios" : 113027344,
        "short_ios" : 0,
        "drop_ios" : 0,
        "slat_ns" : {
          "min" : 11229,
          "max" : 13715871,
          "mean" : 15236.401507,
          "stddev" : 19362.330440,
          "N" : 113027344
        },
        "clat_ns" : {
          "min" : 176,
          "max" : 2119918,
          "mean" : 265.678327,
          "stddev" : 1272.400720,
          "N" : 113027344,
          "percentile" : {
            "1.000000" : 189,
            "5.000000" : 191,
            "10.000000" : 197,
            "20.000000" : 201,
            "30.000000" : 201,
            "40.000000" : 209,
            "50.000000" : 278,
            "60.000000" : 286,
            "70.000000" : 294,
            "80.000000" : 302,
            "90.000000" : 314,
            "95.000000" : 330,
            "99.000000" : 450,
            "99.500000" : 764,
            "99.900000" : 1048,
            "99.950000" : 1224,
            "99.990000" : 16192
          }
        },
        "lat_ns" : {
          "min" : 11435,
          "max" : 13719611,
          "mean" : 15502.079834,
          "stddev" : 19427.003118,
          "N" : 113027344
        },
        "bw_min" : 13363752,
        "bw_max" : 16204576,
        "bw_agg" : 100.000000,
        "bw_mean" : 15085302.593220,
        "bw_dev" : 101664.474259,
        "bw_samples" : 236,
        "iops_min" : 3340940,
        "iops_max" : 4051144,
        "iops_mean" : 3771325.762712,
        "iops_stddev" : 25416.009637,
        "iops_samples" : 236
      },
      "write" : {
        "io_bytes" : 0,
        "io_kbytes" : 0,
        "bw_bytes" : 0,
        "bw" : 0,
        "iops" : 0.000000,
        "runtime" : 0,
        "total_ios" : 0,
        "short_ios" : 0,
        "drop_ios" : 0,
        "slat_ns" : {
          "min" : 0,
          "max" : 0,
          "mean" : 0.000000,
          "stddev" : 0.000000,
          "N" : 0
        },
        "clat_ns" : {
          "min" : 0,
          "max" : 0,
          "mean" : 0.000000,
          "stddev" : 0.000000,
          "N" : 0
        },
        "lat_ns" : {
          "min" : 0,
          "max" : 0,
          "mean" : 0.000000,
          "stddev" : 0.000000,
          "N" : 0
        },
        "bw_min" : 0,
        "bw_max" : 0,
        "bw_agg" : 0.000000,
        "bw_mean" : 0.000000,
        "bw_dev" : 0.000000,
        "bw_samples" : 0,
        "iops_min" : 0,
        "iops_max" : 0,
        "iops_mean" : 0.000000,
        "iops_stddev" : 0.000000,
        "iops_samples" : 0
      },
      "trim" : {
        "io_bytes" : 0,
        "io_kbytes" : 0,
        "bw_bytes" : 0,
        "bw" : 0,
        "iops" : 0.000000,
        "runtime" : 0,
        "total_ios" : 0,
        "short_ios" : 0,
        "drop_ios" : 0,
        "slat_ns" : {
          "min" : 0,
          "max" : 0,
          "mean" : 0.000000,
          "stddev" : 0.000000,
          "N" : 0
        },
        "clat_ns" : {
          "min" : 0,
          "max" : 0,
          "mean" : 0.000000,
          "stddev" : 0.000000,
          "N" : 0
        },
        "lat_ns" : {
          "min" : 0,
          "max" : 0,
          "mean" : 0.000000,
          "stddev" : 0.000000,
          "N" : 0
        },
        "bw_min" : 0,
        "bw_max" : 0,
        "bw_agg" : 0.000000,
        "bw_mean" : 0.000000,
        "bw_dev" : 0.000000,
        "bw_samples" : 0,
        "iops_min" : 0,
        "iops_max" : 0,
        "iops_mean" : 0.000000,
        "iops_stddev" : 0.000000,
        "iops_samples" : 0
      },
      "sync" : {
        "total_ios" : 0,
        "lat_ns" : {
          "min" : 0,
          "max" : 0,
          "mean" : 0.000000,
          "stddev" : 0.000000,
          "N" : 0
        }
      },
      "job_runtime" : 120001,
      "usr_cpu" : 15.695703,
      "sys_cpu" : 84.350964,
      "ctx" : 75,
      "majf" : 0,
      "minf" : 102,
      "iodepth_level" : {
        "1" : 0.000000,
        "2" : 0.000000,
        "4" : 0.000000,
        "8" : 0.000000,
        "16" : 100.000000,
        "32" : 0.000000,
        ">=64" : 0.000000
      },
      "iodepth_submit" : {
        "0" : 0.000000,
        "4" : 0.000000,
        "8" : 0.000000,
        "16" : 100.000000,
        "32" : 0.000000,
        "64" : 0.000000,
        ">=64" : 0.000000
      },
      "iodepth_complete" : {
        "0" : 0.000000,
        "4" : 0.000000,
        "8" : 0.000000,
        "16" : 100.000000,
        "32" : 0.000000,
        "64" : 0.000000,
        ">=64" : 0.000000
      },
      "latency_ns" : {
        "2" : 0.000000,
        "4" : 0.000000,
        "10" : 0.000000,
        "20" : 0.000000,
        "50" : 0.000000,
        "100" : 0.000000,
        "250" : 47.217672,
        "500" : 51.867916,
        "750" : 0.391948,
        "1000" : 0.373800
      },
      "latency_us" : {
        "2" : 0.103451,
        "4" : 0.010000,
        "10" : 0.024928,
        "20" : 0.010489,
        "50" : 0.010000,
        "100" : 0.010000,
        "250" : 0.010000,
        "500" : 0.010000,
        "750" : 0.000000,
        "1000" : 0.000000
      },
      "latency_ms" : {
        "2" : 0.000000,
        "4" : 0.010000,
        "10" : 0.000000,
        "20" : 0.000000,
        "50" : 0.000000,
        "100" : 0.000000,
        "250" : 0.000000,
        "500" : 0.000000,
        "750" : 0.000000,
        "1000" : 0.000000,
        "2000" : 0.000000,
        ">=2000" : 0.000000
      },
      "latency_depth" : 16,
      "latency_target" : 0,
      "latency_percentile" : 100.000000,
      "latency_window" : 0
    }
  ],
  "disk_util" : [
    {
      "name" : "sdd",
      "read_ios" : 0,
      "write_ios" : 26,
      "read_sectors" : 0,
      "write_sectors" : 344,
      "read_merges" : 0,
      "write_merges" : 18,
      "read_ticks" : 0,
      "write_ticks" : 46,
      "in_queue" : 61,
      "util" : 0.093445
    }
  ]
}
