{
  "fio version" : "fio-3.36",
  "timestamp" : 1765736543,
  "timestamp_ms" : 1765736543126,
  "time" : "Sun Dec 14 13:22:23 2025",
  "global options" : {
    "filename" : "test.dat",
    "rw" : "randread",
    "bs" : "4k",
    "direct" : "1",
    "time_based" : "1",
    "runtime" : "30",
    "group_reporting" : "1",
    "randrepeat" : "0",
    "norandommap" : "1"
  },
  "jobs" : [
    {
      "jobname" : "async_uring_c16_nj4_qd4",
      "groupid" : 0,
      "job_start" : 1765736513112,
      "error" : 0,
      "eta" : 0,
      "elapsed" : 31,
      "job options" : {
        "name" : "async_uring_c16_nj4_qd4",
        "ioengine" : "io_uring",
        "numjobs" : "4",
        "iodepth" : "4",
        "iodepth_batch" : "4",
        "iodepth_batch_complete_min" : "4"
      },
      "read" : {
        "io_bytes" : 391741734912,
        "io_kbytes" : 382560288,
        "bw_bytes" : 13057622576,
        "bw" : 12751584,
        "iops" : 3187896.136795,
        "runtime" : 30001,
        "total_ios" : 95640072,
        "short_ios" : 0,
        "drop_ios" : 0,
        "slat_ns" : {
          "min" : 3220,
          "max" : 11520124,
          "mean" : 4425.160078,
          "stddev" : 6696.991446,
          "N" : 95640072
        },
        "clat_ns" : {
          "min" : 78,
          "max" : 509850,
          "mean" : 136.915573,
          "stddev" : 742.864729,
          "N" : 95640072,
          "percentile" : {
            "1.000000" : 89,
            "5.000000" : 91,
            "10.000000" : 99,
            "20.000000" : 100,
            "30.000000" : 101,
            "40.000000" : 109,
            "50.000000" : 131,
            "60.000000" : 149,
            "70.000000" : 151,
            "80.000000" : 161,
            "90.000000" : 171,
            "95.000000" : 173,
            "99.000000" : 199,
            "99.500000" : 310,
            "99.900000" : 900,
            "99.950000" : 916,
            "99.990000" : 8512
          }
        },
        "lat_ns" : {
          "min" : 3329,
          "max" : 11522511,
          "mean" : 4562.075651,
          "stddev" : 6750.273994,
          "N" : 95640072
        },
        "bw_min" : 12253296,
        "bw_max" : 13230856,
        "bw_agg" : 100.000000,
        "bw_mean" : 12761255.627119,
        "bw_dev" : 51888.738742,
        "bw_samples" : 236,
        "iops_min" : 3063324,
        "iops_max" : 3307722,
        "iops_mean" : 3190313.983051,
        "iops_stddev" : 12972.268155,
        "iops_samples" : 236
      },
      "write" : {
        "io_bytes" : 0,
        "io_kbytes" : 0,
        "bw_bytes" : 0,
        "bw" : 0,
        "iops" : 0.000000,
        "runtime" : 0,
        "total_ios" : 0,
        "short_ios" : 0,
        "drop_ios" : 0,
        "slat_ns" : {
          "min" : 0,
          "max" : 0,
          "mean" : 0.000000,
          "stddev" : 0.000000,
          "N" : 0
        },
        "clat_ns" : {
          "min" : 0,
          "max" : 0,
          "mean" : 0.000000,
          "stddev" : 0.000000,
          "N" : 0
        },
        "lat_ns" : {
          "min" : 0,
          "max" : 0,
          "mean" : 0.000000,
          "stddev" : 0.000000,
          "N" : 0
        },
        "bw_min" : 0,
        "bw_max" : 0,
        "bw_agg" : 0.000000,
        "bw_mean" : 0.000000,
        "bw_dev" : 0.000000,
        "bw_samples" : 0,
        "iops_min" : 0,
        "iops_max" : 0,
        "iops_mean" : 0.000000,
        "iops_stddev" : 0.000000,
        "iops_samples" : 0
      },
      "trim" : {
        "io_bytes" : 0,
        "io_kbytes" : 0,
        "bw_bytes" : 0,
        "bw" : 0,
        "iops" : 0.000000,
        "runtime" : 0,
        "total_ios" : 0,
        "short_ios" : 0,
        "drop_ios" : 0,
        "slat_ns" : {
          "min" : 0,
          "max" : 0,
          "mean" : 0.000000,
          "stddev" : 0.000000,
          "N" : 0
        },
        "clat_ns" : {
          "min" : 0,
          "max" : 0,
          "mean" : 0.000000,
          "stddev" : 0.000000,
          "N" : 0
        },
        "lat_ns" : {
          "min" : 0,
          "max" : 0,
          "mean" : 0.000000,
          "stddev" : 0.000000,
          "N" : 0
        },
        "bw_min" : 0,
        "bw_max" : 0,
        "bw_agg" : 0.000000,
        "bw_mean" : 0.000000,
        "bw_dev" : 0.000000,
        "bw_samples" : 0,
        "iops_min" : 0,
        "iops_max" : 0,
        "iops_mean" : 0.000000,
        "iops_stddev" : 0.000000,
        "iops_samples" : 0
      },
      "sync" : {
        "total_ios" : 0,
        "lat_ns" : {
          "min" : 0,
          "max" : 0,
          "mean" : 0.000000,
          "stddev" : 0.000000,
          "N" : 0
        }
      },
      "job_runtime" : 120000,
      "usr_cpu" : 17.726667,
      "sys_cpu" : 82.291667,
      "ctx" : 118,
      "majf" : 0,
      "minf" : 53,
      "iodepth_level" : {
        "1" : 0.000000,
        "2" : 0.000000,
        "4" : 100.000000,
        "8" : 0.000000,
        "16" : 0.000000,
        "32" : 0.000000,
        ">=64" : 0.000000
      },
      "iodepth_submit" : {
        "0" : 0.000000,
        "4" : 100.000000,
        "8" : 0.000000,
        "16" : 0.000000,
        "32" : 0.000000,
        "64" : 0.000000,
        ">=64" : 0.000000
      },
      "iodepth_complete" : {
        "0" : 0.000000,
        "4" : 100.000000,
        "8" : 0.000000,
        "16" : 0.000000,
        "32" : 0.000000,
        "64" : 0.000000,
        ">=64" : 0.000000
      },
      "latency_ns" : {
        "2" : 0.000000,
        "4" : 0.000000,
        "10" : 0.000000,
        "20" : 0.000000,
        "50" : 0.000000,
        "100" : 12.109322,
        "250" : 87.314087,
        "500" : 0.221585,
        "750" : 0.068770,
        "1000" : 0.262480
      },
      "latency_us" : {
        "2" : 0.010000,
        "4" : 0.010000,
        "10" : 0.013045,
        "20" : 0.010000,
        "50" : 0.010000,
        "100" : 0.010000,
        "250" : 0.010000,
        "500" : 0.010000,
        "750" : 0.010000,
        "1000" : 0.000000
      },
      "latency_ms" : {
        "2" : 0.000000,
        "4" : 0.000000,
        "10" : 0.000000,
        "20" : 0.000000,
        "50" : 0.000000,
        "100" : 0.000000,
        "250" : 0.000000,
        "500" : 0.000000,
        "750" : 0.000000,
        "1000" : 0.000000,
        "2000" : 0.000000,
        ">=2000" : 0.000000
      },
      "latency_depth" : 4,
      "latency_target" : 0,
      "latency_percentile" : 100.000000,
      "latency_window" : 0
    }
  ],
  "disk_util" : [
    {
      "name" : "sdd",
      "read_ios" : 0,
      "write_ios" : 28,
      "read_sectors" : 0,
      "write_sectors" : 528,
      "read_merges" : 0,
      "write_merges" : 18,
      "read_ticks" : 0,
      "write_ticks" : 38,
      "in_queue" : 44,
      "util" : 0.066745
    }
  ]
}
