{
  "fio version" : "fio-3.36",
  "timestamp" : 1765736573,
  "timestamp_ms" : 1765736573519,
  "time" : "Sun Dec 14 13:22:53 2025",
  "global options" : {
    "filename" : "test.dat",
    "rw" : "randread",
    "bs" : "4k",
    "direct" : "1",
    "time_based" : "1",
    "runtime" : "30",
    "group_reporting" : "1",
    "randrepeat" : "0",
    "norandommap" : "1"
  },
  "jobs" : [
    {
      "jobname" : "sync_psync_c64",
      "groupid" : 0,
      "job_start" : 1765736543448,
      "error" : 0,
      "eta" : 0,
      "elapsed" : 31,
      "job options" : {
        "name" : "sync_psync_c64",
        "ioengine" : "psync",
        "numjobs" : "64",
        "iodepth" : "1"
      },
      "read" : {
        "io_bytes" : 833895976960,
        "io_kbytes" : 814351540,
        "bw_bytes" : 27788196106,
        "bw" : 27136910,
        "iops" : 6784227.565064,
        "runtime" : 30009,
        "total_ios" : 203587885,
        "short_ios" : 0,
        "drop_ios" : 0,
        "slat_ns" : {
          "min" : 0,
          "max" : 0,
          "mean" : 0.000000,
          "stddev" : 0.000000,
          "N" : 0
        },
        "clat_ns" : {
          "min" : 1085,
          "max" : 80978485,
          "mean" : 8135.802794,
          "stddev" : 350870.829948,
          "N" : 203587885,
          "percentile" : {
            "1.000000" : 1384,
            "5.000000" : 1400,
            "10.000000" : 1416,
            "20.000000" : 1432,
            "30.000000" : 1432,
            "40.000000" : 1448,
            "50.000000" : 1448,
            "60.000000" : 1448,
            "70.000000" : 1464,
            "80.000000" : 1480,
            "90.000000" : 1496,
            "95.000000" : 1512,
            "99.000000" : 1720,
            "99.500000" : 2160,
            "99.900000" : 10816,
            "99.950000" : 72192,
            "99.990000" : 20054016
          }
        },
        "lat_ns" : {
          "min" : 1105,
          "max" : 80978515,
          "mean" : 8286.423091,
          "stddev" : 354056.446604,
          "N" : 203587885
        },
        "bw_min" : 16209981,
        "bw_max" : 35449437,
        "bw_agg" : 100.000000,
        "bw_mean" : 27157519.135593,
        "bw_dev" : 44970.978668,
        "bw_samples" : 3776,
        "iops_min" : 4052474,
        "iops_max" : 8862349,
        "iops_mean" : 6789371.915254,
        "iops_stddev" : 11242.760011,
        "iops_samples" : 3776
      },
      "write" : {
        "io_bytes" : 0,
        "io_kbytes" : 0,
        "bw_bytes" : 0,
        "bw" : 0,
        "iops" : 0.000000,
        "runtime" : 0,
        "total_ios" : 0,
        "short_ios" : 0,
        "drop_ios" : 0,
        "slat_ns" : {
          "min" : 0,
          "max" : 0,
          "mean" : 0.000000,
          "stddev" : 0.000000,
          "N" : 0
        },
        "clat_ns" : {
          "min" : 0,
          "max" : 0,
          "mean" : 0.000000,
          "stddev" : 0.000000,
          "N" : 0
        },
        "lat_ns" : {
          "min" : 0,
          "max" : 0,
          "mean" : 0.000000,
          "stddev" : 0.000000,
          "N" : 0
        },
        "bw_min" : 0,
        "bw_max" : 0,
        "bw_agg" : 0.000000,
        "bw_mean" : 0.000000,
        "bw_dev" : 0.000000,
        "bw_samples" : 0,
        "iops_min" : 0,
        "iops_max" : 0,
        "iops_mean" : 0.000000,
        "iops_stddev" : 0.000000,
        "iops_samples" : 0
      },
      "trim" : {
        "io_bytes" : 0,
        "io_kbytes" : 0,
        "bw_bytes" : 0,
        "bw" : 0,
        "iops" : 0.000000,
        "runtime" : 0,
        "total_ios" : 0,
        "short_ios" : 0,
        "drop_ios" : 0,
        "slat_ns" : {
          "min" : 0,
          "max" : 0,
          "mean" : 0.000000,
          "stddev" : 0.000000,
          "N" : 0
        },
        "clat_ns" : {
          "min" : 0,
          "max" : 0,
          "mean" : 0.000000,
          "stddev" : 0.000000,
          "N" : 0
        },
        "lat_ns" : {
          "min" : 0,
          "max" : 0,
          "mean" : 0.000000,
          "stddev" : 0.000000,
          "N" : 0
        },
        "bw_min" : 0,
        "bw_max" : 0,
        "bw_agg" : 0.000000,
        "bw_mean" : 0.000000,
        "bw_dev" : 0.000000,
        "bw_samples" : 0,
        "iops_min" : 0,
        "iops_max" : 0,
        "iops_mean" : 0.000000,
        "iops_stddev" : 0.000000,
        "iops_samples" : 0
      },
      "sync" : {
        "total_ios" : 0,
        "lat_ns" : {
          "min" : 0,
          "max" : 0,
          "mean" : 0.000000,
          "stddev" : 0.000000,
          "N" : 0
        }
      },
      "job_runtime" : 1920162,
      "usr_cpu" : 4.280680,
      "sys_cpu" : 14.327124,
      "ctx" : 92594,
      "majf" : 0,
      "minf" : 960,
      "iodepth_level" : {
        "1" : 100.000000,
        "2" : 0.000000,
        "4" : 0.000000,
        "8" : 0.000000,
        "16" : 0.000000,
        "32" : 0.000000,
        ">=64" : 0.000000
      },
      "iodepth_submit" : {
        "0" : 0.000000,
        "4" : 100.000000,
        "8" : 0.000000,
        "16" : 0.000000,
        "32" : 0.000000,
        "64" : 0.000000,
        ">=64" : 0.000000
      },
      "iodepth_complete" : {
        "0" : 0.000000,
        "4" : 100.000000,
        "8" : 0.000000,
        "16" : 0.000000,
        "32" : 0.000000,
        "64" : 0.000000,
        ">=64" : 0.000000
      },
      "latency_ns" : {
        "2" : 0.000000,
        "4" : 0.000000,
        "10" : 0.000000,
        "20" : 0.000000,
        "50" : 0.000000,
        "100" : 0.000000,
        "250" : 0.000000,
        "500" : 0.000000,
        "750" : 0.000000,
        "1000" : 0.000000
      },
      "latency_us" : {
        "2" : 99.352643,
        "4" : 0.415953,
        "10" : 0.124719,
        "20" : 0.030967,
        "50" : 0.021858,
        "100" : 0.010000,
        "250" : 0.010000,
        "500" : 0.010000,
        "750" : 0.010000,
        "1000" : 0.010000
      },
      "latency_ms" : {
        "2" : 0.010000,
        "4" : 0.010000,
        "10" : 0.010000,
        "20" : 0.020131,
        "50" : 0.015971,
        "100" : 0.010000,
        "250" : 0.000000,
        "500" : 0.000000,
        "750" : 0.000000,
        "1000" : 0.000000,
        "2000" : 0.000000,
        ">=2000" : 0.000000
      },
      "latency_depth" : 1,
      "latency_target" : 0,
      "latency_percentile" : 100.000000,
      "latency_window" : 0
    }
  ],
  "disk_util" : [
    {
      "name" : "sdd",
      "read_ios" : 0,
      "write_ios" : 13,
      "read_sectors" : 0,
      "write_sectors" : 256,
      "read_merges" : 0,
      "write_merges" : 18,
      "read_ticks" : 0,
      "write_ticks" : 17,
      "in_queue" : 24,
      "util" : 0.013333
    }
  ]
}
