{
  "fio version" : "fio-3.36",
  "timestamp" : 1765736512,
  "timestamp_ms" : 1765736512851,
  "time" : "Sun Dec 14 13:21:52 2025",
  "global options" : {
    "filename" : "test.dat",
    "rw" : "randread",
    "bs" : "4k",
    "direct" : "1",
    "time_based" : "1",
    "runtime" : "30",
    "group_reporting" : "1",
    "randrepeat" : "0",
    "norandommap" : "1"
  },
  "jobs" : [
    {
      "jobname" : "sync_psync_c16",
      "groupid" : 0,
      "job_start" : 1765736482807,
      "error" : 0,
      "eta" : 0,
      "elapsed" : 31,
      "job options" : {
        "name" : "sync_psync_c16",
        "ioengine" : "psync",
        "numjobs" : "16",
        "iodepth" : "1"
      },
      "read" : {
        "io_bytes" : 848866017280,
        "io_kbytes" : 828970720,
        "bw_bytes" : 28294590756,
        "bw" : 27631436,
        "iops" : 6907859.071364,
        "runtime" : 30001,
        "total_ios" : 207242680,
        "short_ios" : 0,
        "drop_ios" : 0,
        "slat_ns" : {
          "min" : 0,
          "max" : 0,
          "mean" : 0.000000,
          "stddev" : 0.000000,
          "N" : 0
        },
        "clat_ns" : {
          "min" : 994,
          "max" : 57643284,
          "mean" : 2009.524247,
          "stddev" : 50279.369627,
          "N" : 207242680,
          "percentile" : {
            "1.000000" : 1352,
            "5.000000" : 1384,
            "10.000000" : 1400,
            "20.000000" : 1400,
            "30.000000" : 1416,
            "40.000000" : 1416,
            "50.000000" : 1416,
            "60.000000" : 1432,
            "70.000000" : 1432,
            "80.000000" : 1448,
            "90.000000" : 1464,
            "95.000000" : 1496,
            "99.000000" : 1736,
            "99.500000" : 2416,
            "99.900000" : 9024,
            "99.950000" : 22912,
            "99.990000" : 4014080
          }
        },
        "lat_ns" : {
          "min" : 1024,
          "max" : 57643314,
          "mean" : 2048.909959,
          "stddev" : 50814.247474,
          "N" : 207242680
        },
        "bw_min" : 12907869,
        "bw_max" : 37724840,
        "bw_agg" : 100.000000,
        "bw_mean" : 27644071.016949,
        "bw_dev" : 336775.837505,
        "bw_samples" : 944,
        "iops_min" : 3226966,
        "iops_max" : 9431210,
        "iops_mean" : 6911017.491525,
        "iops_stddev" : 84193.943340,
        "iops_samples" : 944
      },
      "write" : {
        "io_bytes" : 0,
        "io_kbytes" : 0,
        "bw_bytes" : 0,
        "bw" : 0,
        "iops" : 0.000000,
        "runtime" : 0,
        "total_ios" : 0,
        "short_ios" : 0,
        "drop_ios" : 0,
        "slat_ns" : {
          "min" : 0,
          "max" : 0,
          "mean" : 0.000000,
          "stddev" : 0.000000,
          "N" : 0
        },
        "clat_ns" : {
          "min" : 0,
          "max" : 0,
          "mean" : 0.000000,
          "stddev" : 0.000000,
          "N" : 0
        },
        "lat_ns" : {
          "min" : 0,
          "max" : 0,
          "mean" : 0.000000,
          "stddev" : 0.000000,
          "N" : 0
        },
        "bw_min" : 0,
        "bw_max" : 0,
        "bw_agg" : 0.000000,
        "bw_mean" : 0.000000,
        "bw_dev" : 0.000000,
        "bw_samples" : 0,
        "iops_min" : 0,
        "iops_max" : 0,
        "iops_mean" : 0.000000,
        "iops_stddev" : 0.000000,
        "iops_samples" : 0
      },
      "trim" : {
        "io_bytes" : 0,
        "io_kbytes" : 0,
        "bw_bytes" : 0,
        "bw" : 0,
        "iops" : 0.000000,
        "runtime" : 0,
        "total_ios" : 0,
        "short_ios" : 0,
        "drop_ios" : 0,
        "slat_ns" : {
          "min" : 0,
          "max" : 0,
          "mean" : 0.000000,
          "stddev" : 0.000000,
          "N" : 0
        },
        "clat_ns" : {
          "min" : 0,
          "max" : 0,
          "mean" : 0.000000,
          "stddev" : 0.000000,
          "N" : 0
        },
        "lat_ns" : {
          "min" : 0,
          "max" : 0,
          "mean" : 0.000000,
          "stddev" : 0.000000,
          "N" : 0
        },
        "bw_min" : 0,
        "bw_max" : 0,
        "bw_agg" : 0.000000,
        "bw_mean" : 0.000000,
        "bw_dev" : 0.000000,
        "bw_samples" : 0,
        "iops_min" : 0,
        "iops_max" : 0,
        "iops_mean" : 0.000000,
        "iops_stddev" : 0.000000,
        "iops_samples" : 0
      },
      "sync" : {
        "total_ios" : 0,
        "lat_ns" : {
          "min" : 0,
          "max" : 0,
          "mean" : 0.000000,
          "stddev" : 0.000000,
          "N" : 0
        }
      },
      "job_runtime" : 480000,
      "usr_cpu" : 17.303333,
      "sys_cpu" : 57.406875,
      "ctx" : 42309,
      "majf" : 0,
      "minf" : 189,
      "iodepth_level" : {
        "1" : 100.000000,
        "2" : 0.000000,
        "4" : 0.000000,
        "8" : 0.000000,
        "16" : 0.000000,
        "32" : 0.000000,
        ">=64" : 0.000000
      },
      "iodepth_submit" : {
        "0" : 0.000000,
        "4" : 100.000000,
        "8" : 0.000000,
        "16" : 0.000000,
        "32" : 0.000000,
        "64" : 0.000000,
        ">=64" : 0.000000
      },
      "iodepth_complete" : {
        "0" : 0.000000,
        "4" : 100.000000,
        "8" : 0.000000,
        "16" : 0.000000,
        "32" : 0.000000,
        "64" : 0.000000,
        ">=64" : 0.000000
      },
      "latency_ns" : {
        "2" : 0.000000,
        "4" : 0.000000,
        "10" : 0.000000,
        "20" : 0.000000,
        "50" : 0.000000,
        "100" : 0.000000,
        "250" : 0.000000,
        "500" : 0.000000,
        "750" : 0.000000,
        "1000" : 0.010000
      },
      "latency_us" : {
        "2" : 99.283115,
        "4" : 0.485880,
        "10" : 0.145094,
        "20" : 0.033261,
        "50" : 0.023656,
        "100" : 0.010000,
        "250" : 0.010000,
        "500" : 0.010000,
        "750" : 0.010000,
        "1000" : 0.010000
      },
      "latency_ms" : {
        "2" : 0.010000,
        "4" : 0.010000,
        "10" : 0.011949,
        "20" : 0.010000,
        "50" : 0.010000,
        "100" : 0.010000,
        "250" : 0.000000,
        "500" : 0.000000,
        "750" : 0.000000,
        "1000" : 0.000000,
        "2000" : 0.000000,
        ">=2000" : 0.000000
      },
      "latency_depth" : 1,
      "latency_target" : 0,
      "latency_percentile" : 100.000000,
      "latency_window" : 0
    }
  ],
  "disk_util" : [
    {
      "name" : "sdd",
      "read_ios" : 0,
      "write_ios" : 21,
      "read_sectors" : 0,
      "write_sectors" : 352,
      "read_merges" : 0,
      "write_merges" : 22,
      "read_ticks" : 0,
      "write_ticks" : 33,
      "in_queue" : 46,
      "util" : 0.093364
    }
  ]
}
