{
  "fio version" : "fio-3.36",
  "timestamp" : 1765736391,
  "timestamp_ms" : 1765736391703,
  "time" : "Sun Dec 14 13:19:51 2025",
  "global options" : {
    "filename" : "test.dat",
    "rw" : "randread",
    "bs" : "4k",
    "direct" : "1",
    "time_based" : "1",
    "runtime" : "30",
    "group_reporting" : "1",
    "randrepeat" : "0",
    "norandommap" : "1"
  },
  "jobs" : [
    {
      "jobname" : "sync_psync_c1",
      "groupid" : 0,
      "job_start" : 1765736361689,
      "error" : 0,
      "eta" : 0,
      "elapsed" : 31,
      "job options" : {
        "name" : "sync_psync_c1",
        "ioengine" : "psync",
        "numjobs" : "1",
        "iodepth" : "1"
      },
      "read" : {
        "io_bytes" : 91919261696,
        "io_kbytes" : 89764904,
        "bw_bytes" : 3063873260,
        "bw" : 2992063,
        "iops" : 748015.932802,
        "runtime" : 30001,
        "total_ios" : 22441226,
        "short_ios" : 0,
        "drop_ios" : 0,
        "slat_ns" : {
          "min" : 0,
          "max" : 0,
          "mean" : 0.000000,
          "stddev" : 0.000000,
          "N" : 0
        },
        "clat_ns" : {
          "min" : 998,
          "max" : 10531835,
          "mean" : 1196.319196,
          "stddev" : 6597.498426,
          "N" : 22441226,
          "percentile" : {
            "1.000000" : 1048,
            "5.000000" : 1064,
            "10.000000" : 1064,
            "20.000000" : 1080,
            "30.000000" : 1080,
            "40.000000" : 1080,
            "50.000000" : 1096,
            "60.000000" : 1096,
            "70.000000" : 1112,
            "80.000000" : 1144,
            "90.000000" : 1336,
            "95.000000" : 1384,
            "99.000000" : 1752,
            "99.500000" : 2160,
            "99.900000" : 9536,
            "99.950000" : 17536,
            "99.990000" : 121344
          }
        },
        "lat_ns" : {
          "min" : 1018,
          "max" : 10531855,
          "mean" : 1217.226511,
          "stddev" : 6614.591216,
          "N" : 22441226
        },
        "bw_min" : 2638986,
        "bw_max" : 3194208,
        "bw_agg" : 100.000000,
        "bw_mean" : 2994642.644068,
        "bw_dev" : 99519.911204,
        "bw_samples" : 59,
        "iops_min" : 659746,
        "iops_max" : 798552,
        "iops_mean" : 748660.813559,
        "iops_stddev" : 24879.974458,
        "iops_samples" : 59
      },
      "write" : {
        "io_bytes" : 0,
        "io_kbytes" : 0,
        "bw_bytes" : 0,
        "bw" : 0,
        "iops" : 0.000000,
        "runtime" : 0,
        "total_ios" : 0,
        "short_ios" : 0,
        "drop_ios" : 0,
        "slat_ns" : {
          "min" : 0,
          "max" : 0,
          "mean" : 0.000000,
          "stddev" : 0.000000,
          "N" : 0
        },
        "clat_ns" : {
          "min" : 0,
          "max" : 0,
          "mean" : 0.000000,
          "stddev" : 0.000000,
          "N" : 0
        },
        "lat_ns" : {
          "min" : 0,
          "max" : 0,
          "mean" : 0.000000,
          "stddev" : 0.000000,
          "N" : 0
        },
        "bw_min" : 0,
        "bw_max" : 0,
        "bw_agg" : 0.000000,
        "bw_mean" : 0.000000,
        "bw_dev" : 0.000000,
        "bw_samples" : 0,
        "iops_min" : 0,
        "iops_max" : 0,
        "iops_mean" : 0.000000,
        "iops_stddev" : 0.000000,
        "iops_samples" : 0
      },
      "trim" : {
        "io_bytes" : 0,
        "io_kbytes" : 0,
        "bw_bytes" : 0,
        "bw" : 0,
        "iops" : 0.000000,
        "runtime" : 0,
        "total_ios" : 0,
        "short_ios" : 0,
        "drop_ios" : 0,
        "slat_ns" : {
          "min" : 0,
          "max" : 0,
          "mean" : 0.000000,
          "stddev" : 0.000000,
          "N" : 0
        },
        "clat_ns" : {
          "min" : 0,
          "max" : 0,
          "mean" : 0.000000,
          "stddev" : 0.000000,
          "N" : 0
        },
        "lat_ns" : {
          "min" : 0,
          "max" : 0,
          "mean" : 0.000000,
          "stddev" : 0.000000,
          "N" : 0
        },
        "bw_min" : 0,
        "bw_max" : 0,
        "bw_agg" : 0.000000,
        "bw_mean" : 0.000000,
        "bw_dev" : 0.000000,
        "bw_samples" : 0,
        "iops_min" : 0,
        "iops_max" : 0,
        "iops_mean" : 0.000000,
        "iops_stddev" : 0.000000,
        "iops_samples" : 0
      },
      "sync" : {
        "total_ios" : 0,
        "lat_ns" : {
          "min" : 0,
          "max" : 0,
          "mean" : 0.000000,
          "stddev" : 0.000000,
          "N" : 0
        }
      },
      "job_runtime" : 30000,
      "usr_cpu" : 22.086667,
      "sys_cpu" : 77.946667,
      "ctx" : 41,
      "majf" : 0,
      "minf" : 14,
      "iodepth_level" : {
        "1" : 100.000000,
        "2" : 0.000000,
        "4" : 0.000000,
        "8" : 0.000000,
        "16" : 0.000000,
        "32" : 0.000000,
        ">=64" : 0.000000
      },
      "iodepth_submit" : {
        "0" : 0.000000,
        "4" : 100.000000,
        "8" : 0.000000,
        "16" : 0.000000,
        "32" : 0.000000,
        "64" : 0.000000,
        ">=64" : 0.000000
      },
      "iodepth_complete" : {
        "0" : 0.000000,
        "4" : 100.000000,
        "8" : 0.000000,
        "16" : 0.000000,
        "32" : 0.000000,
        "64" : 0.000000,
        ">=64" : 0.000000
      },
      "latency_ns" : {
        "2" : 0.000000,
        "4" : 0.000000,
        "10" : 0.000000,
        "20" : 0.000000,
        "50" : 0.000000,
        "100" : 0.000000,
        "250" : 0.000000,
        "500" : 0.000000,
        "750" : 0.000000,
        "1000" : 0.010000
      },
      "latency_us" : {
        "2" : 99.434028,
        "4" : 0.357320,
        "10" : 0.113911,
        "20" : 0.052751,
        "50" : 0.023296,
        "100" : 0.010000,
        "250" : 0.010000,
        "500" : 0.010000,
        "750" : 0.010000,
        "1000" : 0.010000
      },
      "latency_ms" : {
        "2" : 0.010000,
        "4" : 0.010000,
        "10" : 0.010000,
        "20" : 0.010000,
        "50" : 0.000000,
        "100" : 0.000000,
        "250" : 0.000000,
        "500" : 0.000000,
        "750" : 0.000000,
        "1000" : 0.000000,
        "2000" : 0.000000,
        ">=2000" : 0.000000
      },
      "latency_depth" : 1,
      "latency_target" : 0,
      "latency_percentile" : 100.000000,
      "latency_window" : 0
    }
  ],
  "disk_util" : [
    {
      "name" : "sdd",
      "read_ios" : 0,
      "write_ios" : 22,
      "read_sectors" : 0,
      "write_sectors" : 352,
      "read_merges" : 0,
      "write_merges" : 22,
      "read_ticks" : 0,
      "write_ticks" : 19,
      "in_queue" : 27,
      "util" : 0.066753
    }
  ]
}
