{
  "fio version" : "fio-3.36",
  "timestamp" : 1765736452,
  "timestamp_ms" : 1765736452256,
  "time" : "Sun Dec 14 13:20:52 2025",
  "global options" : {
    "filename" : "test.dat",
    "rw" : "randread",
    "bs" : "4k",
    "direct" : "1",
    "time_based" : "1",
    "runtime" : "30",
    "group_reporting" : "1",
    "randrepeat" : "0",
    "norandommap" : "1"
  },
  "jobs" : [
    {
      "jobname" : "sync_psync_c4",
      "groupid" : 0,
      "job_start" : 1765736422237,
      "error" : 0,
      "eta" : 0,
      "elapsed" : 31,
      "job options" : {
        "name" : "sync_psync_c4",
        "ioengine" : "psync",
        "numjobs" : "4",
        "iodepth" : "1"
      },
      "read" : {
        "io_bytes" : 330882232320,
        "io_kbytes" : 323127180,
        "bw_bytes" : 11029040109,
        "bw" : 10770546,
        "iops" : 2692636.745442,
        "runtime" : 30001,
        "total_ios" : 80781795,
        "short_ios" : 0,
        "drop_ios" : 0,
        "slat_ns" : {
          "min" : 0,
          "max" : 0,
          "mean" : 0.000000,
          "stddev" : 0.000000,
          "N" : 0
        },
        "clat_ns" : {
          "min" : 996,
          "max" : 11681229,
          "mean" : 1303.596067,
          "stddev" : 5199.538191,
          "N" : 80781795,
          "percentile" : {
            "1.000000" : 1080,
            "5.000000" : 1096,
            "10.000000" : 1112,
            "20.000000" : 1112,
            "30.000000" : 1128,
            "40.000000" : 1144,
            "50.000000" : 1336,
            "60.000000" : 1352,
            "70.000000" : 1368,
            "80.000000" : 1368,
            "90.000000" : 1384,
            "95.000000" : 1416,
            "99.000000" : 1672,
            "99.500000" : 2128,
            "99.900000" : 9024,
            "99.950000" : 14400,
            "99.990000" : 82432
          }
        },
        "lat_ns" : {
          "min" : 1016,
          "max" : 11681259,
          "mean" : 1328.278922,
          "stddev" : 5209.477952,
          "N" : 80781795
        },
        "bw_min" : 9795879,
        "bw_max" : 11342936,
        "bw_agg" : 100.000000,
        "bw_mean" : 10779779.288136,
        "bw_dev" : 57768.086943,
        "bw_samples" : 236,
        "iops_min" : 2448970,
        "iops_max" : 2835734,
        "iops_mean" : 2694944.745763,
        "iops_stddev" : 14442.016644,
        "iops_samples" : 236
      },
      "write" : {
        "io_bytes" : 0,
        "io_kbytes" : 0,
        "bw_bytes" : 0,
        "bw" : 0,
        "iops" : 0.000000,
        "runtime" : 0,
        "total_ios" : 0,
        "short_ios" : 0,
        "drop_ios" : 0,
        "slat_ns" : {
          "min" : 0,
          "max" : 0,
          "mean" : 0.000000,
          "stddev" : 0.000000,
          "N" : 0
        },
        "clat_ns" : {
          "min" : 0,
          "max" : 0,
          "mean" : 0.000000,
          "stddev" : 0.000000,
          "N" : 0
        },
        "lat_ns" : {
          "min" : 0,
          "max" : 0,
          "mean" : 0.000000,
          "stddev" : 0.000000,
          "N" : 0
        },
        "bw_min" : 0,
        "bw_max" : 0,
        "bw_agg" : 0.000000,
        "bw_mean" : 0.000000,
        "bw_dev" : 0.000000,
        "bw_samples" : 0,
        "iops_min" : 0,
        "iops_max" : 0,
        "iops_mean" : 0.000000,
        "iops_stddev" : 0.000000,
        "iops_samples" : 0
      },
      "trim" : {
        "io_bytes" : 0,
        "io_kbytes" : 0,
        "bw_bytes" : 0,
        "bw" : 0,
        "iops" : 0.000000,
        "runtime" : 0,
        "total_ios" : 0,
        "short_ios" : 0,
        "drop_ios" : 0,
        "slat_ns" : {
          "min" : 0,
          "max" : 0,
          "mean" : 0.000000,
          "stddev" : 0.000000,
          "N" : 0
        },
        "clat_ns" : {
          "min" : 0,
          "max" : 0,
          "mean" : 0.000000,
          "stddev" : 0.000000,
          "N" : 0
        },
        "lat_ns" : {
          "min" : 0,
          "max" : 0,
          "mean" : 0.000000,
          "stddev" : 0.000000,
          "N" : 0
        },
        "bw_min" : 0,
        "bw_max" : 0,
        "bw_agg" : 0.000000,
        "bw_mean" : 0.000000,
        "bw_dev" : 0.000000,
        "bw_samples" : 0,
        "iops_min" : 0,
        "iops_max" : 0,
        "iops_mean" : 0.000000,
        "iops_stddev" : 0.000000,
        "iops_samples" : 0
      },
      "sync" : {
        "total_ios" : 0,
        "lat_ns" : {
          "min" : 0,
          "max" : 0,
          "mean" : 0.000000,
          "stddev" : 0.000000,
          "N" : 0
        }
      },
      "job_runtime" : 120000,
      "usr_cpu" : 23.265833,
      "sys_cpu" : 76.775000,
      "ctx" : 83,
      "majf" : 0,
      "minf" : 53,
      "iodepth_level" : {
        "1" : 100.000000,
        "2" : 0.000000,
        "4" : 0.000000,
        "8" : 0.000000,
        "16" : 0.000000,
        "32" : 0.000000,
        ">=64" : 0.000000
      },
      "iodepth_submit" : {
        "0" : 0.000000,
        "4" : 100.000000,
        "8" : 0.000000,
        "16" : 0.000000,
        "32" : 0.000000,
        "64" : 0.000000,
        ">=64" : 0.000000
      },
      "iodepth_complete" : {
        "0" : 0.000000,
        "4" : 100.000000,
        "8" : 0.000000,
        "16" : 0.000000,
        "32" : 0.000000,
        "64" : 0.000000,
        ">=64" : 0.000000
      },
      "latency_ns" : {
        "2" : 0.000000,
        "4" : 0.000000,
        "10" : 0.000000,
        "20" : 0.000000,
        "50" : 0.000000,
        "100" : 0.000000,
        "250" : 0.000000,
        "500" : 0.000000,
        "750" : 0.000000,
        "1000" : 0.010000
      },
      "latency_us" : {
        "2" : 99.406114,
        "4" : 0.387663,
        "10" : 0.124377,
        "20" : 0.050695,
        "50" : 0.018092,
        "100" : 0.010000,
        "250" : 0.010000,
        "500" : 0.010000,
        "750" : 0.010000,
        "1000" : 0.010000
      },
      "latency_ms" : {
        "2" : 0.010000,
        "4" : 0.010000,
        "10" : 0.010000,
        "20" : 0.010000,
        "50" : 0.000000,
        "100" : 0.000000,
        "250" : 0.000000,
        "500" : 0.000000,
        "750" : 0.000000,
        "1000" : 0.000000,
        "2000" : 0.000000,
        ">=2000" : 0.000000
      },
      "latency_depth" : 1,
      "latency_target" : 0,
      "latency_percentile" : 100.000000,
      "latency_window" : 0
    }
  ],
  "disk_util" : [
    {
      "name" : "sdd",
      "read_ios" : 0,
      "write_ios" : 17,
      "read_sectors" : 0,
      "write_sectors" : 280,
      "read_merges" : 0,
      "write_merges" : 17,
      "read_ticks" : 0,
      "write_ticks" : 33,
      "in_queue" : 37,
      "util" : 0.093424
    }
  ]
}
