{
  "fio version" : "fio-3.36",
  "timestamp" : 1765739969,
  "timestamp_ms" : 1765739969152,
  "time" : "Sun Dec 14 14:19:29 2025",
  "global options" : {
    "filename" : "test.dat",
    "rw" : "randread",
    "bs" : "4k",
    "direct" : "1",
    "time_based" : "1",
    "runtime" : "30",
    "group_reporting" : "1",
    "randrepeat" : "0",
    "norandommap" : "1"
  },
  "jobs" : [
    {
      "jobname" : "async_uring_c16_core2",
      "groupid" : 0,
      "job_start" : 1765739939136,
      "error" : 0,
      "eta" : 0,
      "elapsed" : 31,
      "job options" : {
        "name" : "async_uring_c16_core2",
        "ioengine" : "io_uring",
        "numjobs" : "4",
        "iodepth" : "4",
        "iodepth_batch" : "4",
        "iodepth_batch_complete_min" : "4"
      },
      "read" : {
        "io_bytes" : 393904717824,
        "io_kbytes" : 384672576,
        "bw_bytes" : 13129719603,
        "bw" : 12821991,
        "iops" : 3205497.950068,
        "runtime" : 30001,
        "total_ios" : 96168144,
        "short_ios" : 0,
        "drop_ios" : 0,
        "slat_ns" : {
          "min" : 3163,
          "max" : 11852751,
          "mean" : 4406.018745,
          "stddev" : 4592.494263,
          "N" : 96168144
        },
        "clat_ns" : {
          "min" : 77,
          "max" : 1020899,
          "mean" : 134.635235,
          "stddev" : 639.459208,
          "N" : 96168144,
          "percentile" : {
            "1.000000" : 89,
            "5.000000" : 96,
            "10.000000" : 99,
            "20.000000" : 101,
            "30.000000" : 101,
            "40.000000" : 110,
            "50.000000" : 133,
            "60.000000" : 145,
            "70.000000" : 151,
            "80.000000" : 159,
            "90.000000" : 163,
            "95.000000" : 173,
            "99.000000" : 193,
            "99.500000" : 213,
            "99.900000" : 524,
            "99.950000" : 788,
            "99.990000" : 8640
          }
        },
        "lat_ns" : {
          "min" : 3279,
          "max" : 11853481,
          "mean" : 4540.653980,
          "stddev" : 4649.567437,
          "N" : 96168144
        },
        "bw_min" : 11782125,
        "bw_max" : 13443056,
        "bw_agg" : 100.000000,
        "bw_mean" : 12830503.576271,
        "bw_dev" : 72780.155029,
        "bw_samples" : 236,
        "iops_min" : 2945531,
        "iops_max" : 3360764,
        "iops_mean" : 3207625.898305,
        "iops_stddev" : 18195.045166,
        "iops_samples" : 236
      },
      "write" : {
        "io_bytes" : 0,
        "io_kbytes" : 0,
        "bw_bytes" : 0,
        "bw" : 0,
        "iops" : 0.000000,
        "runtime" : 0,
        "total_ios" : 0,
        "short_ios" : 0,
        "drop_ios" : 0,
        "slat_ns" : {
          "min" : 0,
          "max" : 0,
          "mean" : 0.000000,
          "stddev" : 0.000000,
          "N" : 0
        },
        "clat_ns" : {
          "min" : 0,
          "max" : 0,
          "mean" : 0.000000,
          "stddev" : 0.000000,
          "N" : 0
        },
        "lat_ns" : {
          "min" : 0,
          "max" : 0,
          "mean" : 0.000000,
          "stddev" : 0.000000,
          "N" : 0
        },
        "bw_min" : 0,
        "bw_max" : 0,
        "bw_agg" : 0.000000,
        "bw_mean" : 0.000000,
        "bw_dev" : 0.000000,
        "bw_samples" : 0,
        "iops_min" : 0,
        "iops_max" : 0,
        "iops_mean" : 0.000000,
        "iops_stddev" : 0.000000,
        "iops_samples" : 0
      },
      "trim" : {
        "io_bytes" : 0,
        "io_kbytes" : 0,
        "bw_bytes" : 0,
        "bw" : 0,
        "iops" : 0.000000,
        "runtime" : 0,
        "total_ios" : 0,
        "short_ios" : 0,
        "drop_ios" : 0,
        "slat_ns" : {
          "min" : 0,
          "max" : 0,
          "mean" : 0.000000,
          "stddev" : 0.000000,
          "N" : 0
        },
        "clat_ns" : {
          "min" : 0,
          "max" : 0,
          "mean" : 0.000000,
          "stddev" : 0.000000,
          "N" : 0
        },
        "lat_ns" : {
          "min" : 0,
          "max" : 0,
          "mean" : 0.000000,
          "stddev" : 0.000000,
          "N" : 0
        },
        "bw_min" : 0,
        "bw_max" : 0,
        "bw_agg" : 0.000000,
        "bw_mean" : 0.000000,
        "bw_dev" : 0.000000,
        "bw_samples" : 0,
        "iops_min" : 0,
        "iops_max" : 0,
        "iops_mean" : 0.000000,
        "iops_stddev" : 0.000000,
        "iops_samples" : 0
      },
      "sync" : {
        "total_ios" : 0,
        "lat_ns" : {
          "min" : 0,
          "max" : 0,
          "mean" : 0.000000,
          "stddev" : 0.000000,
          "N" : 0
        }
      },
      "job_runtime" : 120000,
      "usr_cpu" : 17.913333,
      "sys_cpu" : 82.079167,
      "ctx" : 3504,
      "majf" : 0,
      "minf" : 55,
      "iodepth_level" : {
        "1" : 0.000000,
        "2" : 0.000000,
        "4" : 100.000000,
        "8" : 0.000000,
        "16" : 0.000000,
        "32" : 0.000000,
        ">=64" : 0.000000
      },
      "iodepth_submit" : {
        "0" : 0.000000,
        "4" : 100.000000,
        "8" : 0.000000,
        "16" : 0.000000,
        "32" : 0.000000,
        "64" : 0.000000,
        ">=64" : 0.000000
      },
      "iodepth_complete" : {
        "0" : 0.000000,
        "4" : 100.000000,
        "8" : 0.000000,
        "16" : 0.000000,
        "32" : 0.000000,
        "64" : 0.000000,
        ">=64" : 0.000000
      },
      "latency_ns" : {
        "2" : 0.000000,
        "4" : 0.000000,
        "10" : 0.000000,
        "20" : 0.000000,
        "50" : 0.000000,
        "100" : 12.703471,
        "250" : 86.951138,
        "500" : 0.225988,
        "750" : 0.066617,
        "1000" : 0.028396
      },
      "latency_us" : {
        "2" : 0.010000,
        "4" : 0.010000,
        "10" : 0.013668,
        "20" : 0.010000,
        "50" : 0.010000,
        "100" : 0.010000,
        "250" : 0.010000,
        "500" : 0.010000,
        "750" : 0.010000,
        "1000" : 0.010000
      },
      "latency_ms" : {
        "2" : 0.010000,
        "4" : 0.000000,
        "10" : 0.000000,
        "20" : 0.000000,
        "50" : 0.000000,
        "100" : 0.000000,
        "250" : 0.000000,
        "500" : 0.000000,
        "750" : 0.000000,
        "1000" : 0.000000,
        "2000" : 0.000000,
        ">=2000" : 0.000000
      },
      "latency_depth" : 4,
      "latency_target" : 0,
      "latency_percentile" : 100.000000,
      "latency_window" : 0
    }
  ],
  "disk_util" : [
    {
      "name" : "sdd",
      "read_ios" : 0,
      "write_ios" : 13,
      "read_sectors" : 0,
      "write_sectors" : 264,
      "read_merges" : 0,
      "write_merges" : 19,
      "read_ticks" : 0,
      "write_ticks" : 21,
      "in_queue" : 29,
      "util" : 0.053349
    }
  ]
}
