{
  "fio version" : "fio-3.36",
  "timestamp" : 1765739846,
  "timestamp_ms" : 1765739846532,
  "time" : "Sun Dec 14 14:17:26 2025",
  "global options" : {
    "filename" : "test.dat",
    "rw" : "randread",
    "bs" : "4k",
    "direct" : "1",
    "time_based" : "1",
    "runtime" : "30",
    "group_reporting" : "1",
    "randrepeat" : "0",
    "norandommap" : "1"
  },
  "jobs" : [
    {
      "jobname" : "async_uring_c16_nopin",
      "groupid" : 0,
      "job_start" : 1765739816513,
      "error" : 0,
      "eta" : 0,
      "elapsed" : 31,
      "job options" : {
        "name" : "async_uring_c16_nopin",
        "ioengine" : "io_uring",
        "numjobs" : "4",
        "iodepth" : "4",
        "iodepth_batch" : "4",
        "iodepth_batch_complete_min" : "4"
      },
      "read" : {
        "io_bytes" : 389319573504,
        "io_kbytes" : 380194896,
        "bw_bytes" : 12976886553,
        "bw" : 12672740,
        "iops" : 3168185.193827,
        "runtime" : 30001,
        "total_ios" : 95048724,
        "short_ios" : 0,
        "drop_ios" : 0,
        "slat_ns" : {
          "min" : 3199,
          "max" : 11555903,
          "mean" : 4453.723525,
          "stddev" : 10228.179145,
          "N" : 95048724
        },
        "clat_ns" : {
          "min" : 78,
          "max" : 11484022,
          "mean" : 139.419573,
          "stddev" : 2466.869971,
          "N" : 95048724,
          "percentile" : {
            "1.000000" : 90,
            "5.000000" : 97,
            "10.000000" : 100,
            "20.000000" : 101,
            "30.000000" : 101,
            "40.000000" : 110,
            "50.000000" : 137,
            "60.000000" : 151,
            "70.000000" : 153,
            "80.000000" : 163,
            "90.000000" : 173,
            "95.000000" : 181,
            "99.000000" : 201,
            "99.500000" : 310,
            "99.900000" : 908,
            "99.950000" : 924,
            "99.990000" : 8640
          }
        },
        "lat_ns" : {
          "min" : 3324,
          "max" : 11558423,
          "mean" : 4593.143099,
          "stddev" : 10530.247133,
          "N" : 95048724
        },
        "bw_min" : 10850585,
        "bw_max" : 13465496,
        "bw_agg" : 100.000000,
        "bw_mean" : 12681634.644068,
        "bw_dev" : 84883.957987,
        "bw_samples" : 236,
        "iops_min" : 2712645,
        "iops_max" : 3366372,
        "iops_mean" : 3170407.983051,
        "iops_stddev" : 21221.063042,
        "iops_samples" : 236
      },
      "write" : {
        "io_bytes" : 0,
        "io_kbytes" : 0,
        "bw_bytes" : 0,
        "bw" : 0,
        "iops" : 0.000000,
        "runtime" : 0,
        "total_ios" : 0,
        "short_ios" : 0,
        "drop_ios" : 0,
        "slat_ns" : {
          "min" : 0,
          "max" : 0,
          "mean" : 0.000000,
          "stddev" : 0.000000,
          "N" : 0
        },
        "clat_ns" : {
          "min" : 0,
          "max" : 0,
          "mean" : 0.000000,
          "stddev" : 0.000000,
          "N" : 0
        },
        "lat_ns" : {
          "min" : 0,
          "max" : 0,
          "mean" : 0.000000,
          "stddev" : 0.000000,
          "N" : 0
        },
        "bw_min" : 0,
        "bw_max" : 0,
        "bw_agg" : 0.000000,
        "bw_mean" : 0.000000,
        "bw_dev" : 0.000000,
        "bw_samples" : 0,
        "iops_min" : 0,
        "iops_max" : 0,
        "iops_mean" : 0.000000,
        "iops_stddev" : 0.000000,
        "iops_samples" : 0
      },
      "trim" : {
        "io_bytes" : 0,
        "io_kbytes" : 0,
        "bw_bytes" : 0,
        "bw" : 0,
        "iops" : 0.000000,
        "runtime" : 0,
        "total_ios" : 0,
        "short_ios" : 0,
        "drop_ios" : 0,
        "slat_ns" : {
          "min" : 0,
          "max" : 0,
          "mean" : 0.000000,
          "stddev" : 0.000000,
          "N" : 0
        },
        "clat_ns" : {
          "min" : 0,
          "max" : 0,
          "mean" : 0.000000,
          "stddev" : 0.000000,
          "N" : 0
        },
        "lat_ns" : {
          "min" : 0,
          "max" : 0,
          "mean" : 0.000000,
          "stddev" : 0.000000,
          "N" : 0
        },
        "bw_min" : 0,
        "bw_max" : 0,
        "bw_agg" : 0.000000,
        "bw_mean" : 0.000000,
        "bw_dev" : 0.000000,
        "bw_samples" : 0,
        "iops_min" : 0,
        "iops_max" : 0,
        "iops_mean" : 0.000000,
        "iops_stddev" : 0.000000,
        "iops_samples" : 0
      },
      "sync" : {
        "total_ios" : 0,
        "lat_ns" : {
          "min" : 0,
          "max" : 0,
          "mean" : 0.000000,
          "stddev" : 0.000000,
          "N" : 0
        }
      },
      "job_runtime" : 120000,
      "usr_cpu" : 17.779167,
      "sys_cpu" : 82.004167,
      "ctx" : 64,
      "majf" : 0,
      "minf" : 46,
      "iodepth_level" : {
        "1" : 0.000000,
        "2" : 0.000000,
        "4" : 100.000000,
        "8" : 0.000000,
        "16" : 0.000000,
        "32" : 0.000000,
        ">=64" : 0.000000
      },
      "iodepth_submit" : {
        "0" : 0.000000,
        "4" : 100.000000,
        "8" : 0.000000,
        "16" : 0.000000,
        "32" : 0.000000,
        "64" : 0.000000,
        ">=64" : 0.000000
      },
      "iodepth_complete" : {
        "0" : 0.000000,
        "4" : 100.000000,
        "8" : 0.000000,
        "16" : 0.000000,
        "32" : 0.000000,
        "64" : 0.000000,
        ">=64" : 0.000000
      },
      "latency_ns" : {
        "2" : 0.000000,
        "4" : 0.000000,
        "10" : 0.000000,
        "20" : 0.000000,
        "50" : 0.000000,
        "100" : 9.653891,
        "250" : 89.777988,
        "500" : 0.214888,
        "750" : 0.074905,
        "1000" : 0.254190
      },
      "latency_us" : {
        "2" : 0.010000,
        "4" : 0.010000,
        "10" : 0.013214,
        "20" : 0.010000,
        "50" : 0.010000,
        "100" : 0.010000,
        "250" : 0.010000,
        "500" : 0.010000,
        "750" : 0.000000,
        "1000" : 0.000000
      },
      "latency_ms" : {
        "2" : 0.000000,
        "4" : 0.000000,
        "10" : 0.000000,
        "20" : 0.010000,
        "50" : 0.000000,
        "100" : 0.000000,
        "250" : 0.000000,
        "500" : 0.000000,
        "750" : 0.000000,
        "1000" : 0.000000,
        "2000" : 0.000000,
        ">=2000" : 0.000000
      },
      "latency_depth" : 4,
      "latency_target" : 0,
      "latency_percentile" : 100.000000,
      "latency_window" : 0
    }
  ],
  "disk_util" : [
    {
      "name" : "sdd",
      "read_ios" : 41,
      "write_ios" : 37,
      "read_sectors" : 1208,
      "write_sectors" : 560,
      "read_merges" : 58,
      "write_merges" : 24,
      "read_ticks" : 26,
      "write_ticks" : 43,
      "in_queue" : 72,
      "util" : 0.160230
    }
  ]
}
