{
  "fio version" : "fio-3.36",
  "timestamp" : 1765739908,
  "timestamp_ms" : 1765739908541,
  "time" : "Sun Dec 14 14:18:28 2025",
  "global options" : {
    "filename" : "test.dat",
    "rw" : "randread",
    "bs" : "4k",
    "direct" : "1",
    "time_based" : "1",
    "runtime" : "30",
    "group_reporting" : "1",
    "randrepeat" : "0",
    "norandommap" : "1"
  },
  "jobs" : [
    {
      "jobname" : "async_uring_c16_core1",
      "groupid" : 0,
      "job_start" : 1765739877928,
      "error" : 0,
      "eta" : 0,
      "elapsed" : 31,
      "job options" : {
        "name" : "async_uring_c16_core1",
        "ioengine" : "io_uring",
        "numjobs" : "4",
        "iodepth" : "4",
        "iodepth_batch" : "4",
        "iodepth_batch_complete_min" : "4"
      },
      "read" : {
        "io_bytes" : 216356765696,
        "io_kbytes" : 211285904,
        "bw_bytes" : 7211411429,
        "bw" : 7042393,
        "iops" : 1760598.493434,
        "runtime" : 30002,
        "total_ios" : 52821476,
        "short_ios" : 0,
        "drop_ios" : 0,
        "slat_ns" : {
          "min" : 3026,
          "max" : 35004391,
          "mean" : 8088.590545,
          "stddev" : 149998.035661,
          "N" : 52821476
        },
        "clat_ns" : {
          "min" : 77,
          "max" : 26410995,
          "mean" : 232.528996,
          "stddev" : 24979.168439,
          "N" : 52821476,
          "percentile" : {
            "1.000000" : 78,
            "5.000000" : 87,
            "10.000000" : 87,
            "20.000000" : 88,
            "30.000000" : 88,
            "40.000000" : 88,
            "50.000000" : 97,
            "60.000000" : 98,
            "70.000000" : 117,
            "80.000000" : 137,
            "90.000000" : 147,
            "95.000000" : 157,
            "99.000000" : 185,
            "99.500000" : 274,
            "99.900000" : 844,
            "99.950000" : 876,
            "99.990000" : 12224
          }
        },
        "lat_ns" : {
          "min" : 3123,
          "max" : 35007009,
          "mean" : 8321.119541,
          "stddev" : 152081.270020,
          "N" : 52821476
        },
        "bw_min" : 3114064,
        "bw_max" : 9229258,
        "bw_agg" : 100.000000,
        "bw_mean" : 7046299.898305,
        "bw_dev" : 205258.231466,
        "bw_samples" : 236,
        "iops_min" : 778516,
        "iops_max" : 2307314,
        "iops_mean" : 1761574.559322,
        "iops_stddev" : 51314.557870,
        "iops_samples" : 236
      },
      "write" : {
        "io_bytes" : 0,
        "io_kbytes" : 0,
        "bw_bytes" : 0,
        "bw" : 0,
        "iops" : 0.000000,
        "runtime" : 0,
        "total_ios" : 0,
        "short_ios" : 0,
        "drop_ios" : 0,
        "slat_ns" : {
          "min" : 0,
          "max" : 0,
          "mean" : 0.000000,
          "stddev" : 0.000000,
          "N" : 0
        },
        "clat_ns" : {
          "min" : 0,
          "max" : 0,
          "mean" : 0.000000,
          "stddev" : 0.000000,
          "N" : 0
        },
        "lat_ns" : {
          "min" : 0,
          "max" : 0,
          "mean" : 0.000000,
          "stddev" : 0.000000,
          "N" : 0
        },
        "bw_min" : 0,
        "bw_max" : 0,
        "bw_agg" : 0.000000,
        "bw_mean" : 0.000000,
        "bw_dev" : 0.000000,
        "bw_samples" : 0,
        "iops_min" : 0,
        "iops_max" : 0,
        "iops_mean" : 0.000000,
        "iops_stddev" : 0.000000,
        "iops_samples" : 0
      },
      "trim" : {
        "io_bytes" : 0,
        "io_kbytes" : 0,
        "bw_bytes" : 0,
        "bw" : 0,
        "iops" : 0.000000,
        "runtime" : 0,
        "total_ios" : 0,
        "short_ios" : 0,
        "drop_ios" : 0,
        "slat_ns" : {
          "min" : 0,
          "max" : 0,
          "mean" : 0.000000,
          "stddev" : 0.000000,
          "N" : 0
        },
        "clat_ns" : {
          "min" : 0,
          "max" : 0,
          "mean" : 0.000000,
          "stddev" : 0.000000,
          "N" : 0
        },
        "lat_ns" : {
          "min" : 0,
          "max" : 0,
          "mean" : 0.000000,
          "stddev" : 0.000000,
          "N" : 0
        },
        "bw_min" : 0,
        "bw_max" : 0,
        "bw_agg" : 0.000000,
        "bw_mean" : 0.000000,
        "bw_dev" : 0.000000,
        "bw_samples" : 0,
        "iops_min" : 0,
        "iops_max" : 0,
        "iops_mean" : 0.000000,
        "iops_stddev" : 0.000000,
        "iops_samples" : 0
      },
      "sync" : {
        "total_ios" : 0,
        "lat_ns" : {
          "min" : 0,
          "max" : 0,
          "mean" : 0.000000,
          "stddev" : 0.000000,
          "N" : 0
        }
      },
      "job_runtime" : 120002,
      "usr_cpu" : 8.257362,
      "sys_cpu" : 43.151781,
      "ctx" : 15587,
      "majf" : 0,
      "minf" : 60,
      "iodepth_level" : {
        "1" : 0.000000,
        "2" : 0.000000,
        "4" : 100.000000,
        "8" : 0.000000,
        "16" : 0.000000,
        "32" : 0.000000,
        ">=64" : 0.000000
      },
      "iodepth_submit" : {
        "0" : 0.000000,
        "4" : 100.000000,
        "8" : 0.000000,
        "16" : 0.000000,
        "32" : 0.000000,
        "64" : 0.000000,
        ">=64" : 0.000000
      },
      "iodepth_complete" : {
        "0" : 0.000000,
        "4" : 100.000000,
        "8" : 0.000000,
        "16" : 0.000000,
        "32" : 0.000000,
        "64" : 0.000000,
        ">=64" : 0.000000
      },
      "latency_ns" : {
        "2" : 0.000000,
        "4" : 0.000000,
        "10" : 0.000000,
        "20" : 0.000000,
        "50" : 0.000000,
        "100" : 66.568492,
        "250" : 32.890811,
        "500" : 0.252458,
        "750" : 0.126509,
        "1000" : 0.128955
      },
      "latency_us" : {
        "2" : 0.010000,
        "4" : 0.010000,
        "10" : 0.010064,
        "20" : 0.010000,
        "50" : 0.010000,
        "100" : 0.010000,
        "250" : 0.010000,
        "500" : 0.010000,
        "750" : 0.010000,
        "1000" : 0.010000
      },
      "latency_ms" : {
        "2" : 0.010000,
        "4" : 0.010000,
        "10" : 0.010000,
        "20" : 0.010000,
        "50" : 0.010000,
        "100" : 0.000000,
        "250" : 0.000000,
        "500" : 0.000000,
        "750" : 0.000000,
        "1000" : 0.000000,
        "2000" : 0.000000,
        ">=2000" : 0.000000
      },
      "latency_depth" : 4,
      "latency_target" : 0,
      "latency_percentile" : 100.000000,
      "latency_window" : 0
    }
  ],
  "disk_util" : [
    {
      "name" : "sdd",
      "read_ios" : 0,
      "write_ios" : 29,
      "read_sectors" : 0,
      "write_sectors" : 520,
      "read_merges" : 0,
      "write_merges" : 19,
      "read_ticks" : 0,
      "write_ticks" : 34,
      "in_queue" : 40,
      "util" : 0.066749
    }
  ]
}
