{
  "fio version" : "fio-3.36",
  "timestamp" : 1765739816,
  "timestamp_ms" : 1765739816247,
  "time" : "Sun Dec 14 14:16:56 2025",
  "global options" : {
    "filename" : "test.dat",
    "rw" : "randread",
    "bs" : "4k",
    "direct" : "1",
    "time_based" : "1",
    "runtime" : "30",
    "group_reporting" : "1",
    "randrepeat" : "0",
    "norandommap" : "1"
  },
  "jobs" : [
    {
      "jobname" : "sync_psync_c16_nopin",
      "groupid" : 0,
      "job_start" : 1765739786210,
      "error" : 0,
      "eta" : 0,
      "elapsed" : 31,
      "job options" : {
        "name" : "sync_psync_c16_nopin",
        "ioengine" : "psync",
        "numjobs" : "16",
        "iodepth" : "1"
      },
      "read" : {
        "io_bytes" : 825997893632,
        "io_kbytes" : 806638568,
        "bw_bytes" : 27532345376,
        "bw" : 26887056,
        "iops" : 6721764.007866,
        "runtime" : 30001,
        "total_ios" : 201659642,
        "short_ios" : 0,
        "drop_ios" : 0,
        "slat_ns" : {
          "min" : 0,
          "max" : 0,
          "mean" : 0.000000,
          "stddev" : 0.000000,
          "N" : 0
        },
        "clat_ns" : {
          "min" : 1072,
          "max" : 30462248,
          "mean" : 2055.679813,
          "stddev" : 49890.814996,
          "N" : 201659642,
          "percentile" : {
            "1.000000" : 1336,
            "5.000000" : 1368,
            "10.000000" : 1384,
            "20.000000" : 1400,
            "30.000000" : 1416,
            "40.000000" : 1416,
            "50.000000" : 1432,
            "60.000000" : 1432,
            "70.000000" : 1448,
            "80.000000" : 1448,
            "90.000000" : 1480,
            "95.000000" : 1512,
            "99.000000" : 1784,
            "99.500000" : 2352,
            "99.900000" : 16192,
            "99.950000" : 39168,
            "99.990000" : 4014080
          }
        },
        "lat_ns" : {
          "min" : 1092,
          "max" : 30462288,
          "mean" : 2097.079462,
          "stddev" : 50377.246802,
          "N" : 201659642
        },
        "bw_min" : 15022318,
        "bw_max" : 37441641,
        "bw_agg" : 100.000000,
        "bw_mean" : 26912945.491525,
        "bw_dev" : 323876.920453,
        "bw_samples" : 944,
        "iops_min" : 3755579,
        "iops_max" : 9360410,
        "iops_mean" : 6728235.694915,
        "iops_stddev" : 80969.225119,
        "iops_samples" : 944
      },
      "write" : {
        "io_bytes" : 0,
        "io_kbytes" : 0,
        "bw_bytes" : 0,
        "bw" : 0,
        "iops" : 0.000000,
        "runtime" : 0,
        "total_ios" : 0,
        "short_ios" : 0,
        "drop_ios" : 0,
        "slat_ns" : {
          "min" : 0,
          "max" : 0,
          "mean" : 0.000000,
          "stddev" : 0.000000,
          "N" : 0
        },
        "clat_ns" : {
          "min" : 0,
          "max" : 0,
          "mean" : 0.000000,
          "stddev" : 0.000000,
          "N" : 0
        },
        "lat_ns" : {
          "min" : 0,
          "max" : 0,
          "mean" : 0.000000,
          "stddev" : 0.000000,
          "N" : 0
        },
        "bw_min" : 0,
        "bw_max" : 0,
        "bw_agg" : 0.000000,
        "bw_mean" : 0.000000,
        "bw_dev" : 0.000000,
        "bw_samples" : 0,
        "iops_min" : 0,
        "iops_max" : 0,
        "iops_mean" : 0.000000,
        "iops_stddev" : 0.000000,
        "iops_samples" : 0
      },
      "trim" : {
        "io_bytes" : 0,
        "io_kbytes" : 0,
        "bw_bytes" : 0,
        "bw" : 0,
        "iops" : 0.000000,
        "runtime" : 0,
        "total_ios" : 0,
        "short_ios" : 0,
        "drop_ios" : 0,
        "slat_ns" : {
          "min" : 0,
          "max" : 0,
          "mean" : 0.000000,
          "stddev" : 0.000000,
          "N" : 0
        },
        "clat_ns" : {
          "min" : 0,
          "max" : 0,
          "mean" : 0.000000,
          "stddev" : 0.000000,
          "N" : 0
        },
        "lat_ns" : {
          "min" : 0,
          "max" : 0,
          "mean" : 0.000000,
          "stddev" : 0.000000,
          "N" : 0
        },
        "bw_min" : 0,
        "bw_max" : 0,
        "bw_agg" : 0.000000,
        "bw_mean" : 0.000000,
        "bw_dev" : 0.000000,
        "bw_samples" : 0,
        "iops_min" : 0,
        "iops_max" : 0,
        "iops_mean" : 0.000000,
        "iops_stddev" : 0.000000,
        "iops_samples" : 0
      },
      "sync" : {
        "total_ios" : 0,
        "lat_ns" : {
          "min" : 0,
          "max" : 0,
          "mean" : 0.000000,
          "stddev" : 0.000000,
          "N" : 0
        }
      },
      "job_runtime" : 480000,
      "usr_cpu" : 17.809375,
      "sys_cpu" : 56.776667,
      "ctx" : 42994,
      "majf" : 0,
      "minf" : 229,
      "iodepth_level" : {
        "1" : 100.000000,
        "2" : 0.000000,
        "4" : 0.000000,
        "8" : 0.000000,
        "16" : 0.000000,
        "32" : 0.000000,
        ">=64" : 0.000000
      },
      "iodepth_submit" : {
        "0" : 0.000000,
        "4" : 100.000000,
        "8" : 0.000000,
        "16" : 0.000000,
        "32" : 0.000000,
        "64" : 0.000000,
        ">=64" : 0.000000
      },
      "iodepth_complete" : {
        "0" : 0.000000,
        "4" : 100.000000,
        "8" : 0.000000,
        "16" : 0.000000,
        "32" : 0.000000,
        "64" : 0.000000,
        ">=64" : 0.000000
      },
      "latency_ns" : {
        "2" : 0.000000,
        "4" : 0.000000,
        "10" : 0.000000,
        "20" : 0.000000,
        "50" : 0.000000,
        "100" : 0.000000,
        "250" : 0.000000,
        "500" : 0.000000,
        "750" : 0.000000,
        "1000" : 0.000000
      },
      "latency_us" : {
        "2" : 99.243908,
        "4" : 0.455399,
        "10" : 0.148606,
        "20" : 0.065665,
        "50" : 0.042959,
        "100" : 0.012798,
        "250" : 0.012629,
        "500" : 0.010000,
        "750" : 0.010000,
        "1000" : 0.010000
      },
      "latency_ms" : {
        "2" : 0.010000,
        "4" : 0.010000,
        "10" : 0.012078,
        "20" : 0.010000,
        "50" : 0.010000,
        "100" : 0.000000,
        "250" : 0.000000,
        "500" : 0.000000,
        "750" : 0.000000,
        "1000" : 0.000000,
        "2000" : 0.000000,
        ">=2000" : 0.000000
      },
      "latency_depth" : 1,
      "latency_target" : 0,
      "latency_percentile" : 100.000000,
      "latency_window" : 0
    }
  ],
  "disk_util" : [
    {
      "name" : "sdd",
      "read_ios" : 2,
      "write_ios" : 41,
      "read_sectors" : 16,
      "write_sectors" : 648,
      "read_merges" : 0,
      "write_merges" : 22,
      "read_ticks" : 1,
      "write_ticks" : 85,
      "in_queue" : 101,
      "util" : 0.120032
    }
  ]
}
