{
  "fio version" : "fio-3.36",
  "timestamp" : 1765739877,
  "timestamp_ms" : 1765739877664,
  "time" : "Sun Dec 14 14:17:57 2025",
  "global options" : {
    "filename" : "test.dat",
    "rw" : "randread",
    "bs" : "4k",
    "direct" : "1",
    "time_based" : "1",
    "runtime" : "30",
    "group_reporting" : "1",
    "randrepeat" : "0",
    "norandommap" : "1"
  },
  "jobs" : [
    {
      "jobname" : "sync_psync_c16_core1",
      "groupid" : 0,
      "job_start" : 1765739846808,
      "error" : 0,
      "eta" : 0,
      "elapsed" : 31,
      "job options" : {
        "name" : "sync_psync_c16_core1",
        "ioengine" : "psync",
        "numjobs" : "16",
        "iodepth" : "1"
      },
      "read" : {
        "io_bytes" : 183034576896,
        "io_kbytes" : 178744704,
        "bw_bytes" : 6094651601,
        "bw" : 5951808,
        "iops" : 1487952.051145,
        "runtime" : 30032,
        "total_ios" : 44686176,
        "short_ios" : 0,
        "drop_ios" : 0,
        "slat_ns" : {
          "min" : 0,
          "max" : 0,
          "mean" : 0.000000,
          "stddev" : 0.000000,
          "N" : 0
        },
        "clat_ns" : {
          "min" : 967,
          "max" : 92038023,
          "mean" : 9581.235813,
          "stddev" : 525586.701262,
          "N" : 44686176,
          "percentile" : {
            "1.000000" : 1032,
            "5.000000" : 1032,
            "10.000000" : 1048,
            "20.000000" : 1048,
            "30.000000" : 1048,
            "40.000000" : 1064,
            "50.000000" : 1064,
            "60.000000" : 1080,
            "70.000000" : 1240,
            "80.000000" : 1304,
            "90.000000" : 1336,
            "95.000000" : 1352,
            "99.000000" : 1720,
            "99.500000" : 1896,
            "99.900000" : 10432,
            "99.950000" : 36608,
            "99.990000" : 31064064
          }
        },
        "lat_ns" : {
          "min" : 987,
          "max" : 92038042,
          "mean" : 9732.661535,
          "stddev" : 529750.910850,
          "N" : 44686176
        },
        "bw_min" : 4668475,
        "bw_max" : 7398881,
        "bw_agg" : 100.000000,
        "bw_mean" : 5960334.881356,
        "bw_dev" : 35995.331647,
        "bw_samples" : 944,
        "iops_min" : 1167115,
        "iops_max" : 1849716,
        "iops_mean" : 1490080.169492,
        "iops_stddev" : 8998.840475,
        "iops_samples" : 944
      },
      "write" : {
        "io_bytes" : 0,
        "io_kbytes" : 0,
        "bw_bytes" : 0,
        "bw" : 0,
        "iops" : 0.000000,
        "runtime" : 0,
        "total_ios" : 0,
        "short_ios" : 0,
        "drop_ios" : 0,
        "slat_ns" : {
          "min" : 0,
          "max" : 0,
          "mean" : 0.000000,
          "stddev" : 0.000000,
          "N" : 0
        },
        "clat_ns" : {
          "min" : 0,
          "max" : 0,
          "mean" : 0.000000,
          "stddev" : 0.000000,
          "N" : 0
        },
        "lat_ns" : {
          "min" : 0,
          "max" : 0,
          "mean" : 0.000000,
          "stddev" : 0.000000,
          "N" : 0
        },
        "bw_min" : 0,
        "bw_max" : 0,
        "bw_agg" : 0.000000,
        "bw_mean" : 0.000000,
        "bw_dev" : 0.000000,
        "bw_samples" : 0,
        "iops_min" : 0,
        "iops_max" : 0,
        "iops_mean" : 0.000000,
        "iops_stddev" : 0.000000,
        "iops_samples" : 0
      },
      "trim" : {
        "io_bytes" : 0,
        "io_kbytes" : 0,
        "bw_bytes" : 0,
        "bw" : 0,
        "iops" : 0.000000,
        "runtime" : 0,
        "total_ios" : 0,
        "short_ios" : 0,
        "drop_ios" : 0,
        "slat_ns" : {
          "min" : 0,
          "max" : 0,
          "mean" : 0.000000,
          "stddev" : 0.000000,
          "N" : 0
        },
        "clat_ns" : {
          "min" : 0,
          "max" : 0,
          "mean" : 0.000000,
          "stddev" : 0.000000,
          "N" : 0
        },
        "lat_ns" : {
          "min" : 0,
          "max" : 0,
          "mean" : 0.000000,
          "stddev" : 0.000000,
          "N" : 0
        },
        "bw_min" : 0,
        "bw_max" : 0,
        "bw_agg" : 0.000000,
        "bw_mean" : 0.000000,
        "bw_dev" : 0.000000,
        "bw_samples" : 0,
        "iops_min" : 0,
        "iops_max" : 0,
        "iops_mean" : 0.000000,
        "iops_stddev" : 0.000000,
        "iops_samples" : 0
      },
      "sync" : {
        "total_ios" : 0,
        "lat_ns" : {
          "min" : 0,
          "max" : 0,
          "mean" : 0.000000,
          "stddev" : 0.000000,
          "N" : 0
        }
      },
      "job_runtime" : 480081,
      "usr_cpu" : 2.667258,
      "sys_cpu" : 10.143705,
      "ctx" : 16651,
      "majf" : 0,
      "minf" : 224,
      "iodepth_level" : {
        "1" : 100.000000,
        "2" : 0.000000,
        "4" : 0.000000,
        "8" : 0.000000,
        "16" : 0.000000,
        "32" : 0.000000,
        ">=64" : 0.000000
      },
      "iodepth_submit" : {
        "0" : 0.000000,
        "4" : 100.000000,
        "8" : 0.000000,
        "16" : 0.000000,
        "32" : 0.000000,
        "64" : 0.000000,
        ">=64" : 0.000000
      },
      "iodepth_complete" : {
        "0" : 0.000000,
        "4" : 100.000000,
        "8" : 0.000000,
        "16" : 0.000000,
        "32" : 0.000000,
        "64" : 0.000000,
        ">=64" : 0.000000
      },
      "latency_ns" : {
        "2" : 0.000000,
        "4" : 0.000000,
        "10" : 0.000000,
        "20" : 0.000000,
        "50" : 0.000000,
        "100" : 0.000000,
        "250" : 0.000000,
        "500" : 0.000000,
        "750" : 0.000000,
        "1000" : 0.010000
      },
      "latency_us" : {
        "2" : 99.574018,
        "4" : 0.216342,
        "10" : 0.104988,
        "20" : 0.036618,
        "50" : 0.020680,
        "100" : 0.010000,
        "250" : 0.010000,
        "500" : 0.010000,
        "750" : 0.010000,
        "1000" : 0.010000
      },
      "latency_ms" : {
        "2" : 0.010000,
        "4" : 0.010000,
        "10" : 0.010000,
        "20" : 0.012214,
        "50" : 0.014656,
        "100" : 0.010000,
        "250" : 0.000000,
        "500" : 0.000000,
        "750" : 0.000000,
        "1000" : 0.000000,
        "2000" : 0.000000,
        ">=2000" : 0.000000
      },
      "latency_depth" : 1,
      "latency_target" : 0,
      "latency_percentile" : 100.000000,
      "latency_window" : 0
    }
  ],
  "disk_util" : [
    {
      "name" : "sdd",
      "read_ios" : 1,
      "write_ios" : 33,
      "read_sectors" : 8,
      "write_sectors" : 568,
      "read_merges" : 0,
      "write_merges" : 18,
      "read_ticks" : 2,
      "write_ticks" : 68,
      "in_queue" : 81,
      "util" : 0.080059
    }
  ]
}
