{
  "fio version" : "fio-3.36",
  "timestamp" : 1765747561,
  "timestamp_ms" : 1765747561806,
  "time" : "Sun Dec 14 16:26:01 2025",
  "global options" : {
    "filename" : "test.dat",
    "rw" : "randread",
    "bs" : "128k",
    "direct" : "0",
    "time_based" : "1",
    "runtime" : "30",
    "group_reporting" : "1",
    "randrepeat" : "0",
    "norandommap" : "1"
  },
  "jobs" : [
    {
      "jobname" : "async_uring_c16_thp_off",
      "groupid" : 0,
      "job_start" : 1765747532623,
      "error" : 0,
      "eta" : 0,
      "elapsed" : 31,
      "job options" : {
        "name" : "async_uring_c16_thp_off",
        "ioengine" : "io_uring",
        "numjobs" : "4",
        "iodepth" : "4",
        "iodepth_batch" : "4",
        "iodepth_batch_complete_min" : "4"
      },
      "read" : {
        "io_bytes" : 1066810736640,
        "io_kbytes" : 1041807360,
        "bw_bytes" : 35559172582,
        "bw" : 34725754,
        "iops" : 271294.956835,
        "runtime" : 30001,
        "total_ios" : 8139120,
        "short_ios" : 0,
        "drop_ios" : 0,
        "slat_ns" : {
          "min" : 34088,
          "max" : 12709179,
          "mean" : 57238.635113,
          "stddev" : 27412.966950,
          "N" : 8139120
        },
        "clat_ns" : {
          "min" : 133,
          "max" : 246921,
          "mean" : 267.143573,
          "stddev" : 654.181585,
          "N" : 8139120,
          "percentile" : {
            "1.000000" : 155,
            "5.000000" : 165,
            "10.000000" : 175,
            "20.000000" : 185,
            "30.000000" : 185,
            "40.000000" : 197,
            "50.000000" : 217,
            "60.000000" : 247,
            "70.000000" : 270,
            "80.000000" : 298,
            "90.000000" : 362,
            "95.000000" : 482,
            "99.000000" : 876,
            "99.500000" : 1080,
            "99.900000" : 1640,
            "99.950000" : 2064,
            "99.990000" : 17024
          }
        },
        "lat_ns" : {
          "min" : 35476,
          "max" : 12711771,
          "mean" : 57505.778686,
          "stddev" : 27458.276932,
          "N" : 8139120
        },
        "bw_min" : 1295360,
        "bw_max" : 36760524,
        "bw_agg" : 100.000000,
        "bw_mean" : 34742295.322034,
        "bw_dev" : 1368653.918905,
        "bw_samples" : 236,
        "iops_min" : 10120,
        "iops_max" : 287191,
        "iops_mean" : 271423.288136,
        "iops_stddev" : 10692.547968,
        "iops_samples" : 236
      },
      "write" : {
        "io_bytes" : 0,
        "io_kbytes" : 0,
        "bw_bytes" : 0,
        "bw" : 0,
        "iops" : 0.000000,
        "runtime" : 0,
        "total_ios" : 0,
        "short_ios" : 0,
        "drop_ios" : 0,
        "slat_ns" : {
          "min" : 0,
          "max" : 0,
          "mean" : 0.000000,
          "stddev" : 0.000000,
          "N" : 0
        },
        "clat_ns" : {
          "min" : 0,
          "max" : 0,
          "mean" : 0.000000,
          "stddev" : 0.000000,
          "N" : 0
        },
        "lat_ns" : {
          "min" : 0,
          "max" : 0,
          "mean" : 0.000000,
          "stddev" : 0.000000,
          "N" : 0
        },
        "bw_min" : 0,
        "bw_max" : 0,
        "bw_agg" : 0.000000,
        "bw_mean" : 0.000000,
        "bw_dev" : 0.000000,
        "bw_samples" : 0,
        "iops_min" : 0,
        "iops_max" : 0,
        "iops_mean" : 0.000000,
        "iops_stddev" : 0.000000,
        "iops_samples" : 0
      },
      "trim" : {
        "io_bytes" : 0,
        "io_kbytes" : 0,
        "bw_bytes" : 0,
        "bw" : 0,
        "iops" : 0.000000,
        "runtime" : 0,
        "total_ios" : 0,
        "short_ios" : 0,
        "drop_ios" : 0,
        "slat_ns" : {
          "min" : 0,
          "max" : 0,
          "mean" : 0.000000,
          "stddev" : 0.000000,
          "N" : 0
        },
        "clat_ns" : {
          "min" : 0,
          "max" : 0,
          "mean" : 0.000000,
          "stddev" : 0.000000,
          "N" : 0
        },
        "lat_ns" : {
          "min" : 0,
          "max" : 0,
          "mean" : 0.000000,
          "stddev" : 0.000000,
          "N" : 0
        },
        "bw_min" : 0,
        "bw_max" : 0,
        "bw_agg" : 0.000000,
        "bw_mean" : 0.000000,
        "bw_dev" : 0.000000,
        "bw_samples" : 0,
        "iops_min" : 0,
        "iops_max" : 0,
        "iops_mean" : 0.000000,
        "iops_stddev" : 0.000000,
        "iops_samples" : 0
      },
      "sync" : {
        "total_ios" : 0,
        "lat_ns" : {
          "min" : 0,
          "max" : 0,
          "mean" : 0.000000,
          "stddev" : 0.000000,
          "N" : 0
        }
      },
      "job_runtime" : 120000,
      "usr_cpu" : 2.223333,
      "sys_cpu" : 95.189167,
      "ctx" : 204,
      "majf" : 0,
      "minf" : 554,
      "iodepth_level" : {
        "1" : 0.000000,
        "2" : 0.000000,
        "4" : 100.000000,
        "8" : 0.000000,
        "16" : 0.000000,
        "32" : 0.000000,
        ">=64" : 0.000000
      },
      "iodepth_submit" : {
        "0" : 0.000000,
        "4" : 100.000000,
        "8" : 0.000000,
        "16" : 0.000000,
        "32" : 0.000000,
        "64" : 0.000000,
        ">=64" : 0.000000
      },
      "iodepth_complete" : {
        "0" : 0.000000,
        "4" : 100.000000,
        "8" : 0.000000,
        "16" : 0.000000,
        "32" : 0.000000,
        "64" : 0.000000,
        ">=64" : 0.000000
      },
      "latency_ns" : {
        "2" : 0.000000,
        "4" : 0.000000,
        "10" : 0.000000,
        "20" : 0.000000,
        "50" : 0.000000,
        "100" : 0.000000,
        "250" : 60.438573,
        "500" : 34.883722,
        "750" : 3.099844,
        "1000" : 0.942903
      },
      "latency_us" : {
        "2" : 0.582569,
        "4" : 0.013220,
        "10" : 0.013122,
        "20" : 0.018528,
        "50" : 0.010000,
        "100" : 0.010000,
        "250" : 0.010000,
        "500" : 0.000000,
        "750" : 0.000000,
        "1000" : 0.000000
      },
      "latency_ms" : {
        "2" : 0.000000,
        "4" : 0.000000,
        "10" : 0.000000,
        "20" : 0.000000,
        "50" : 0.000000,
        "100" : 0.000000,
        "250" : 0.000000,
        "500" : 0.000000,
        "750" : 0.000000,
        "1000" : 0.000000,
        "2000" : 0.000000,
        ">=2000" : 0.000000
      },
      "latency_depth" : 4,
      "latency_target" : 0,
      "latency_percentile" : 100.000000,
      "latency_window" : 0
    }
  ],
  "disk_util" : [
    {
      "name" : "sdd",
      "read_ios" : 0,
      "write_ios" : 56,
      "read_sectors" : 0,
      "write_sectors" : 768,
      "read_merges" : 0,
      "write_merges" : 29,
      "read_ticks" : 0,
      "write_ticks" : 119,
      "in_queue" : 136,
      "util" : 0.119840
    }
  ]
}
