{
  "fio version" : "fio-3.36",
  "timestamp" : 1765747620,
  "timestamp_ms" : 1765747620751,
  "time" : "Sun Dec 14 16:27:00 2025",
  "global options" : {
    "filename" : "test.dat",
    "rw" : "randread",
    "bs" : "128k",
    "direct" : "0",
    "time_based" : "1",
    "runtime" : "30",
    "group_reporting" : "1",
    "randrepeat" : "0",
    "norandommap" : "1"
  },
  "jobs" : [
    {
      "jobname" : "async_uring_c16_thp_on",
      "groupid" : 0,
      "job_start" : 1765747591569,
      "error" : 0,
      "eta" : 0,
      "elapsed" : 31,
      "job options" : {
        "name" : "async_uring_c16_thp_on",
        "ioengine" : "io_uring",
        "numjobs" : "4",
        "iodepth" : "4",
        "iodepth_batch" : "4",
        "iodepth_batch_complete_min" : "4"
      },
      "read" : {
        "io_bytes" : 1058920726528,
        "io_kbytes" : 1034102272,
        "bw_bytes" : 35296181011,
        "bw" : 34468926,
        "iops" : 269288.490384,
        "runtime" : 30001,
        "total_ios" : 8078924,
        "short_ios" : 0,
        "drop_ios" : 0,
        "slat_ns" : {
          "min" : 33008,
          "max" : 5827060,
          "mean" : 57678.559697,
          "stddev" : 20252.765559,
          "N" : 8078924
        },
        "clat_ns" : {
          "min" : 123,
          "max" : 314895,
          "mean" : 264.151396,
          "stddev" : 912.870940,
          "N" : 8078924,
          "percentile" : {
            "1.000000" : 155,
            "5.000000" : 165,
            "10.000000" : 175,
            "20.000000" : 185,
            "30.000000" : 185,
            "40.000000" : 197,
            "50.000000" : 217,
            "60.000000" : 247,
            "70.000000" : 270,
            "80.000000" : 290,
            "90.000000" : 350,
            "95.000000" : 462,
            "99.000000" : 884,
            "99.500000" : 1160,
            "99.900000" : 1784,
            "99.950000" : 2192,
            "99.990000" : 16512
          }
        },
        "lat_ns" : {
          "min" : 33204,
          "max" : 5828850,
          "mean" : 57942.711093,
          "stddev" : 20324.436317,
          "N" : 8078924
        },
        "bw_min" : 1285618,
        "bw_max" : 36464961,
        "bw_agg" : 100.000000,
        "bw_mean" : 34493164.830508,
        "bw_dev" : 1351724.341102,
        "bw_samples" : 236,
        "iops_min" : 10042,
        "iops_max" : 284881,
        "iops_mean" : 269476.830508,
        "iops_stddev" : 10560.388656,
        "iops_samples" : 236
      },
      "write" : {
        "io_bytes" : 0,
        "io_kbytes" : 0,
        "bw_bytes" : 0,
        "bw" : 0,
        "iops" : 0.000000,
        "runtime" : 0,
        "total_ios" : 0,
        "short_ios" : 0,
        "drop_ios" : 0,
        "slat_ns" : {
          "min" : 0,
          "max" : 0,
          "mean" : 0.000000,
          "stddev" : 0.000000,
          "N" : 0
        },
        "clat_ns" : {
          "min" : 0,
          "max" : 0,
          "mean" : 0.000000,
          "stddev" : 0.000000,
          "N" : 0
        },
        "lat_ns" : {
          "min" : 0,
          "max" : 0,
          "mean" : 0.000000,
          "stddev" : 0.000000,
          "N" : 0
        },
        "bw_min" : 0,
        "bw_max" : 0,
        "bw_agg" : 0.000000,
        "bw_mean" : 0.000000,
        "bw_dev" : 0.000000,
        "bw_samples" : 0,
        "iops_min" : 0,
        "iops_max" : 0,
        "iops_mean" : 0.000000,
        "iops_stddev" : 0.000000,
        "iops_samples" : 0
      },
      "trim" : {
        "io_bytes" : 0,
        "io_kbytes" : 0,
        "bw_bytes" : 0,
        "bw" : 0,
        "iops" : 0.000000,
        "runtime" : 0,
        "total_ios" : 0,
        "short_ios" : 0,
        "drop_ios" : 0,
        "slat_ns" : {
          "min" : 0,
          "max" : 0,
          "mean" : 0.000000,
          "stddev" : 0.000000,
          "N" : 0
        },
        "clat_ns" : {
          "min" : 0,
          "max" : 0,
          "mean" : 0.000000,
          "stddev" : 0.000000,
          "N" : 0
        },
        "lat_ns" : {
          "min" : 0,
          "max" : 0,
          "mean" : 0.000000,
          "stddev" : 0.000000,
          "N" : 0
        },
        "bw_min" : 0,
        "bw_max" : 0,
        "bw_agg" : 0.000000,
        "bw_mean" : 0.000000,
        "bw_dev" : 0.000000,
        "bw_samples" : 0,
        "iops_min" : 0,
        "iops_max" : 0,
        "iops_mean" : 0.000000,
        "iops_stddev" : 0.000000,
        "iops_samples" : 0
      },
      "sync" : {
        "total_ios" : 0,
        "lat_ns" : {
          "min" : 0,
          "max" : 0,
          "mean" : 0.000000,
          "stddev" : 0.000000,
          "N" : 0
        }
      },
      "job_runtime" : 120000,
      "usr_cpu" : 2.153333,
      "sys_cpu" : 95.237500,
      "ctx" : 182,
      "majf" : 0,
      "minf" : 548,
      "iodepth_level" : {
        "1" : 0.000000,
        "2" : 0.000000,
        "4" : 100.000000,
        "8" : 0.000000,
        "16" : 0.000000,
        "32" : 0.000000,
        ">=64" : 0.000000
      },
      "iodepth_submit" : {
        "0" : 0.000000,
        "4" : 100.000000,
        "8" : 0.000000,
        "16" : 0.000000,
        "32" : 0.000000,
        "64" : 0.000000,
        ">=64" : 0.000000
      },
      "iodepth_complete" : {
        "0" : 0.000000,
        "4" : 100.000000,
        "8" : 0.000000,
        "16" : 0.000000,
        "32" : 0.000000,
        "64" : 0.000000,
        ">=64" : 0.000000
      },
      "latency_ns" : {
        "2" : 0.000000,
        "4" : 0.000000,
        "10" : 0.000000,
        "20" : 0.000000,
        "50" : 0.000000,
        "100" : 0.000000,
        "250" : 61.994493,
        "500" : 33.749098,
        "750" : 2.739424,
        "1000" : 0.801938
      },
      "latency_us" : {
        "2" : 0.648304,
        "4" : 0.030895,
        "10" : 0.013517,
        "20" : 0.014804,
        "50" : 0.010000,
        "100" : 0.010000,
        "250" : 0.010000,
        "500" : 0.010000,
        "750" : 0.000000,
        "1000" : 0.000000
      },
      "latency_ms" : {
        "2" : 0.000000,
        "4" : 0.000000,
        "10" : 0.000000,
        "20" : 0.000000,
        "50" : 0.000000,
        "100" : 0.000000,
        "250" : 0.000000,
        "500" : 0.000000,
        "750" : 0.000000,
        "1000" : 0.000000,
        "2000" : 0.000000,
        ">=2000" : 0.000000
      },
      "latency_depth" : 4,
      "latency_target" : 0,
      "latency_percentile" : 100.000000,
      "latency_window" : 0
    }
  ],
  "disk_util" : [
    {
      "name" : "sdd",
      "read_ios" : 0,
      "write_ios" : 24,
      "read_sectors" : 0,
      "write_sectors" : 384,
      "read_merges" : 0,
      "write_merges" : 23,
      "read_ticks" : 0,
      "write_ticks" : 47,
      "in_queue" : 52,
      "util" : 0.066885
    }
  ]
}
