{
  "fio version" : "fio-3.36",
  "timestamp" : 1765747532,
  "timestamp_ms" : 1765747532350,
  "time" : "Sun Dec 14 16:25:32 2025",
  "global options" : {
    "filename" : "test.dat",
    "rw" : "randread",
    "bs" : "128k",
    "direct" : "0",
    "time_based" : "1",
    "runtime" : "30",
    "group_reporting" : "1",
    "randrepeat" : "0",
    "norandommap" : "1"
  },
  "jobs" : [
    {
      "jobname" : "sync_psync_c16_thp_off",
      "groupid" : 0,
      "job_start" : 1765747503155,
      "error" : 0,
      "eta" : 0,
      "elapsed" : 31,
      "job options" : {
        "name" : "sync_psync_c16_thp_off",
        "ioengine" : "psync",
        "numjobs" : "16",
        "iodepth" : "1"
      },
      "read" : {
        "io_bytes" : 1101657276416,
        "io_kbytes" : 1075837184,
        "bw_bytes" : 36720685191,
        "bw" : 35860044,
        "iops" : 280156.594780,
        "runtime" : 30001,
        "total_ios" : 8404978,
        "short_ios" : 0,
        "drop_ios" : 0,
        "slat_ns" : {
          "min" : 0,
          "max" : 0,
          "mean" : 0.000000,
          "stddev" : 0.000000,
          "N" : 0
        },
        "clat_ns" : {
          "min" : 4339,
          "max" : 71596991,
          "mean" : 54719.020197,
          "stddev" : 278435.763911,
          "N" : 8404978,
          "percentile" : {
            "1.000000" : 19328,
            "5.000000" : 24192,
            "10.000000" : 26496,
            "20.000000" : 29056,
            "30.000000" : 30848,
            "40.000000" : 32640,
            "50.000000" : 34560,
            "60.000000" : 36096,
            "70.000000" : 38656,
            "80.000000" : 42240,
            "90.000000" : 50432,
            "95.000000" : 61696,
            "99.000000" : 173056,
            "99.500000" : 561152,
            "99.900000" : 4079616,
            "99.950000" : 4227072,
            "99.990000" : 8093696
          }
        },
        "lat_ns" : {
          "min" : 4370,
          "max" : 71597094,
          "mean" : 54820.486026,
          "stddev" : 278640.757967,
          "N" : 8404978
        },
        "bw_min" : 5247362,
        "bw_max" : 51539293,
        "bw_agg" : 100.000000,
        "bw_mean" : 36330212.360406,
        "bw_dev" : 516538.835822,
        "bw_samples" : 932,
        "iops_min" : 40992,
        "iops_max" : 402645,
        "iops_mean" : 283824.680400,
        "iops_stddev" : 4035.443969,
        "iops_samples" : 932
      },
      "write" : {
        "io_bytes" : 0,
        "io_kbytes" : 0,
        "bw_bytes" : 0,
        "bw" : 0,
        "iops" : 0.000000,
        "runtime" : 0,
        "total_ios" : 0,
        "short_ios" : 0,
        "drop_ios" : 0,
        "slat_ns" : {
          "min" : 0,
          "max" : 0,
          "mean" : 0.000000,
          "stddev" : 0.000000,
          "N" : 0
        },
        "clat_ns" : {
          "min" : 0,
          "max" : 0,
          "mean" : 0.000000,
          "stddev" : 0.000000,
          "N" : 0
        },
        "lat_ns" : {
          "min" : 0,
          "max" : 0,
          "mean" : 0.000000,
          "stddev" : 0.000000,
          "N" : 0
        },
        "bw_min" : 0,
        "bw_max" : 0,
        "bw_agg" : 0.000000,
        "bw_mean" : 0.000000,
        "bw_dev" : 0.000000,
        "bw_samples" : 0,
        "iops_min" : 0,
        "iops_max" : 0,
        "iops_mean" : 0.000000,
        "iops_stddev" : 0.000000,
        "iops_samples" : 0
      },
      "trim" : {
        "io_bytes" : 0,
        "io_kbytes" : 0,
        "bw_bytes" : 0,
        "bw" : 0,
        "iops" : 0.000000,
        "runtime" : 0,
        "total_ios" : 0,
        "short_ios" : 0,
        "drop_ios" : 0,
        "slat_ns" : {
          "min" : 0,
          "max" : 0,
          "mean" : 0.000000,
          "stddev" : 0.000000,
          "N" : 0
        },
        "clat_ns" : {
          "min" : 0,
          "max" : 0,
          "mean" : 0.000000,
          "stddev" : 0.000000,
          "N" : 0
        },
        "lat_ns" : {
          "min" : 0,
          "max" : 0,
          "mean" : 0.000000,
          "stddev" : 0.000000,
          "N" : 0
        },
        "bw_min" : 0,
        "bw_max" : 0,
        "bw_agg" : 0.000000,
        "bw_mean" : 0.000000,
        "bw_dev" : 0.000000,
        "bw_samples" : 0,
        "iops_min" : 0,
        "iops_max" : 0,
        "iops_mean" : 0.000000,
        "iops_stddev" : 0.000000,
        "iops_samples" : 0
      },
      "sync" : {
        "total_ios" : 0,
        "lat_ns" : {
          "min" : 0,
          "max" : 0,
          "mean" : 0.000000,
          "stddev" : 0.000000,
          "N" : 0
        }
      },
      "job_runtime" : 480000,
      "usr_cpu" : 2.270208,
      "sys_cpu" : 69.861042,
      "ctx" : 40977,
      "majf" : 0,
      "minf" : 704,
      "iodepth_level" : {
        "1" : 100.000000,
        "2" : 0.000000,
        "4" : 0.000000,
        "8" : 0.000000,
        "16" : 0.000000,
        "32" : 0.000000,
        ">=64" : 0.000000
      },
      "iodepth_submit" : {
        "0" : 0.000000,
        "4" : 100.000000,
        "8" : 0.000000,
        "16" : 0.000000,
        "32" : 0.000000,
        "64" : 0.000000,
        ">=64" : 0.000000
      },
      "iodepth_complete" : {
        "0" : 0.000000,
        "4" : 100.000000,
        "8" : 0.000000,
        "16" : 0.000000,
        "32" : 0.000000,
        "64" : 0.000000,
        ">=64" : 0.000000
      },
      "latency_ns" : {
        "2" : 0.000000,
        "4" : 0.000000,
        "10" : 0.000000,
        "20" : 0.000000,
        "50" : 0.000000,
        "100" : 0.000000,
        "250" : 0.000000,
        "500" : 0.000000,
        "750" : 0.000000,
        "1000" : 0.000000
      },
      "latency_us" : {
        "2" : 0.000000,
        "4" : 0.000000,
        "10" : 0.010000,
        "20" : 1.211937,
        "50" : 88.329523,
        "100" : 8.499130,
        "250" : 1.183584,
        "500" : 0.244319,
        "750" : 0.085759,
        "1000" : 0.046330
      },
      "latency_ms" : {
        "2" : 0.042939,
        "4" : 0.023308,
        "10" : 0.321369,
        "20" : 0.010000,
        "50" : 0.010000,
        "100" : 0.010000,
        "250" : 0.000000,
        "500" : 0.000000,
        "750" : 0.000000,
        "1000" : 0.000000,
        "2000" : 0.000000,
        ">=2000" : 0.000000
      },
      "latency_depth" : 1,
      "latency_target" : 0,
      "latency_percentile" : 100.000000,
      "latency_window" : 0
    }
  ],
  "disk_util" : [
    {
      "name" : "sdd",
      "read_ios" : 0,
      "write_ios" : 38,
      "read_sectors" : 0,
      "write_sectors" : 592,
      "read_merges" : 0,
      "write_merges" : 24,
      "read_ticks" : 0,
      "write_ticks" : 81,
      "in_queue" : 96,
      "util" : 0.119984
    }
  ]
}
