{
  "fio version" : "fio-3.36",
  "timestamp" : 1765747591,
  "timestamp_ms" : 1765747591300,
  "time" : "Sun Dec 14 16:26:31 2025",
  "global options" : {
    "filename" : "test.dat",
    "rw" : "randread",
    "bs" : "128k",
    "direct" : "0",
    "time_based" : "1",
    "runtime" : "30",
    "group_reporting" : "1",
    "randrepeat" : "0",
    "norandommap" : "1"
  },
  "jobs" : [
    {
      "jobname" : "sync_psync_c16_thp_on",
      "groupid" : 0,
      "job_start" : 1765747562106,
      "error" : 0,
      "eta" : 0,
      "elapsed" : 31,
      "job options" : {
        "name" : "sync_psync_c16_thp_on",
        "ioengine" : "psync",
        "numjobs" : "16",
        "iodepth" : "1"
      },
      "read" : {
        "io_bytes" : 1143304486912,
        "io_kbytes" : 1116508288,
        "bw_bytes" : 38106338929,
        "bw" : 37213221,
        "iops" : 290728.293837,
        "runtime" : 30003,
        "total_ios" : 8722721,
        "short_ios" : 0,
        "drop_ios" : 0,
        "slat_ns" : {
          "min" : 0,
          "max" : 0,
          "mean" : 0.000000,
          "stddev" : 0.000000,
          "N" : 0
        },
        "clat_ns" : {
          "min" : 4237,
          "max" : 32513597,
          "mean" : 52685.832748,
          "stddev" : 256588.411593,
          "N" : 8722721,
          "percentile" : {
            "1.000000" : 20864,
            "5.000000" : 25728,
            "10.000000" : 27520,
            "20.000000" : 29824,
            "30.000000" : 31360,
            "40.000000" : 32640,
            "50.000000" : 34048,
            "60.000000" : 35584,
            "70.000000" : 37120,
            "80.000000" : 39680,
            "90.000000" : 46336,
            "95.000000" : 59648,
            "99.000000" : 150528,
            "99.500000" : 468992,
            "99.900000" : 4079616,
            "99.950000" : 4145152,
            "99.990000" : 8028160
          }
        },
        "lat_ns" : {
          "min" : 4278,
          "max" : 32513638,
          "mean" : 52801.166601,
          "stddev" : 256907.520498,
          "N" : 8722721
        },
        "bw_min" : 6453303,
        "bw_max" : 52580671,
        "bw_agg" : 100.000000,
        "bw_mean" : 37671949.144944,
        "bw_dev" : 517727.768041,
        "bw_samples" : 933,
        "iops_min" : 50411,
        "iops_max" : 410783,
        "iops_mean" : 294307.818235,
        "iops_stddev" : 4044.766663,
        "iops_samples" : 933
      },
      "write" : {
        "io_bytes" : 0,
        "io_kbytes" : 0,
        "bw_bytes" : 0,
        "bw" : 0,
        "iops" : 0.000000,
        "runtime" : 0,
        "total_ios" : 0,
        "short_ios" : 0,
        "drop_ios" : 0,
        "slat_ns" : {
          "min" : 0,
          "max" : 0,
          "mean" : 0.000000,
          "stddev" : 0.000000,
          "N" : 0
        },
        "clat_ns" : {
          "min" : 0,
          "max" : 0,
          "mean" : 0.000000,
          "stddev" : 0.000000,
          "N" : 0
        },
        "lat_ns" : {
          "min" : 0,
          "max" : 0,
          "mean" : 0.000000,
          "stddev" : 0.000000,
          "N" : 0
        },
        "bw_min" : 0,
        "bw_max" : 0,
        "bw_agg" : 0.000000,
        "bw_mean" : 0.000000,
        "bw_dev" : 0.000000,
        "bw_samples" : 0,
        "iops_min" : 0,
        "iops_max" : 0,
        "iops_mean" : 0.000000,
        "iops_stddev" : 0.000000,
        "iops_samples" : 0
      },
      "trim" : {
        "io_bytes" : 0,
        "io_kbytes" : 0,
        "bw_bytes" : 0,
        "bw" : 0,
        "iops" : 0.000000,
        "runtime" : 0,
        "total_ios" : 0,
        "short_ios" : 0,
        "drop_ios" : 0,
        "slat_ns" : {
          "min" : 0,
          "max" : 0,
          "mean" : 0.000000,
          "stddev" : 0.000000,
          "N" : 0
        },
        "clat_ns" : {
          "min" : 0,
          "max" : 0,
          "mean" : 0.000000,
          "stddev" : 0.000000,
          "N" : 0
        },
        "lat_ns" : {
          "min" : 0,
          "max" : 0,
          "mean" : 0.000000,
          "stddev" : 0.000000,
          "N" : 0
        },
        "bw_min" : 0,
        "bw_max" : 0,
        "bw_agg" : 0.000000,
        "bw_mean" : 0.000000,
        "bw_dev" : 0.000000,
        "bw_samples" : 0,
        "iops_min" : 0,
        "iops_max" : 0,
        "iops_mean" : 0.000000,
        "iops_stddev" : 0.000000,
        "iops_samples" : 0
      },
      "sync" : {
        "total_ios" : 0,
        "lat_ns" : {
          "min" : 0,
          "max" : 0,
          "mean" : 0.000000,
          "stddev" : 0.000000,
          "N" : 0
        }
      },
      "job_runtime" : 480002,
      "usr_cpu" : 2.680822,
      "sys_cpu" : 69.512002,
      "ctx" : 41034,
      "majf" : 0,
      "minf" : 664,
      "iodepth_level" : {
        "1" : 100.000000,
        "2" : 0.000000,
        "4" : 0.000000,
        "8" : 0.000000,
        "16" : 0.000000,
        "32" : 0.000000,
        ">=64" : 0.000000
      },
      "iodepth_submit" : {
        "0" : 0.000000,
        "4" : 100.000000,
        "8" : 0.000000,
        "16" : 0.000000,
        "32" : 0.000000,
        "64" : 0.000000,
        ">=64" : 0.000000
      },
      "iodepth_complete" : {
        "0" : 0.000000,
        "4" : 100.000000,
        "8" : 0.000000,
        "16" : 0.000000,
        "32" : 0.000000,
        "64" : 0.000000,
        ">=64" : 0.000000
      },
      "latency_ns" : {
        "2" : 0.000000,
        "4" : 0.000000,
        "10" : 0.000000,
        "20" : 0.000000,
        "50" : 0.000000,
        "100" : 0.000000,
        "250" : 0.000000,
        "500" : 0.000000,
        "750" : 0.000000,
        "1000" : 0.000000
      },
      "latency_us" : {
        "2" : 0.000000,
        "4" : 0.000000,
        "10" : 0.010000,
        "20" : 0.808223,
        "50" : 91.111730,
        "100" : 6.361226,
        "250" : 1.016667,
        "500" : 0.210129,
        "750" : 0.084274,
        "1000" : 0.039426
      },
      "latency_ms" : {
        "2" : 0.028340,
        "4" : 0.017185,
        "10" : 0.313927,
        "20" : 0.010000,
        "50" : 0.010000,
        "100" : 0.000000,
        "250" : 0.000000,
        "500" : 0.000000,
        "750" : 0.000000,
        "1000" : 0.000000,
        "2000" : 0.000000,
        ">=2000" : 0.000000
      },
      "latency_depth" : 1,
      "latency_target" : 0,
      "latency_percentile" : 100.000000,
      "latency_window" : 0
    }
  ],
  "disk_util" : [
    {
      "name" : "sdd",
      "read_ios" : 0,
      "write_ios" : 50,
      "read_sectors" : 0,
      "write_sectors" : 768,
      "read_merges" : 0,
      "write_merges" : 27,
      "read_ticks" : 0,
      "write_ticks" : 240,
      "in_queue" : 252,
      "util" : 0.106720
    }
  ]
}
