{
  "fio version" : "fio-3.36",
  "timestamp" : 1759388369,
  "timestamp_ms" : 1759388369076,
  "time" : "Thu Oct  1 20:59:29 2025",
  "jobs" : [
    {
      "jobname" : "Mix_70R_70W",
      "groupid" : 0,
      "job_start" : 1759388340273,
      "error" : 0,
      "eta" : 0,
      "elapsed" : 36,
      "job options" : {
        "name" : "Mix_70R_70W",
        "filename" : "/home/jaron/Repo-for-Advanced-Computer-Systems/Project3/testfile/fio_testfile",
        "direct" : "1",
        "rw" : "randrw",
        "rwmixread" : "70",
        "bs" : "4k",
        "iodepth" : "1",
        "numjobs" : "1",
        "size" : "10G",
        "runtime" : "30s",
        "ramp_time" : "5s"
      },
      "read" : {
        "io_bytes" : 468365312,
        "io_kbytes" : 457388,
        "bw_bytes" : 15611656,
        "bw" : 15245,
        "iops" : 3811.439619,
        "runtime" : 30001,
        "total_ios" : 114347,
        "short_ios" : 0,
        "drop_ios" : 0,
        "slat_ns" : {
          "min" : 0,
          "max" : 0,
          "mean" : 0.000000,
          "stddev" : 0.000000,
          "N" : 0
        },
        "clat_ns" : {
          "min" : 98169,
          "max" : 13932172,
          "mean" : 154883.935241,
          "stddev" : 111465.704849,
          "N" : 114347,
          "percentile" : {
            "1.000000" : 111104,
            "5.000000" : 120320,
            "10.000000" : 123392,
            "20.000000" : 128512,
            "30.000000" : 132096,
            "40.000000" : 138240,
            "50.000000" : 144384,
            "60.000000" : 150528,
            "70.000000" : 160768,
            "80.000000" : 173056,
            "90.000000" : 189440,
            "95.000000" : 211968,
            "99.000000" : 346112,
            "99.500000" : 378880,
            "99.900000" : 489472,
            "99.950000" : 544768,
            "99.990000" : 7634944
          }
        },
        "lat_ns" : {
          "min" : 98190,
          "max" : 13932307,
          "mean" : 154947.280628,
          "stddev" : 111478.954827,
          "N" : 114347
        },
        "bw_min" : 13072,
        "bw_max" : 16736,
        "bw_agg" : 100.000000,
        "bw_mean" : 15262.508475,
        "bw_dev" : 696.641311,
        "bw_samples" : 59,
        "iops_min" : 3268,
        "iops_max" : 4184,
        "iops_mean" : 3815.372881,
        "iops_stddev" : 174.144104,
        "iops_samples" : 59
      },
      "write" : {
        "io_bytes" : 200445952,
        "io_kbytes" : 195748,
        "bw_bytes" : 6681309,
        "bw" : 6524,
        "iops" : 1631.178961,
        "runtime" : 30001,
        "total_ios" : 48937,
        "short_ios" : 0,
        "drop_ios" : 0,
        "slat_ns" : {
          "min" : 0,
          "max" : 0,
          "mean" : 0.000000,
          "stddev" : 0.000000,
          "N" : 0
        },
        "clat_ns" : {
          "min" : 195157,
          "max" : 8061355,
          "mean" : 248124.457343,
          "stddev" : 161021.330440,
          "N" : 48937,
          "percentile" : {
            "1.000000" : 207872,
            "5.000000" : 211968,
            "10.000000" : 216064,
            "20.000000" : 218112,
            "30.000000" : 222208,
            "40.000000" : 228352,
            "50.000000" : 232448,
            "60.000000" : 240640,
            "70.000000" : 250880,
            "80.000000" : 264192,
            "90.000000" : 280576,
            "95.000000" : 301056,
            "99.000000" : 436224,
            "99.500000" : 468992,
            "99.900000" : 610304,
            "99.950000" : 5079040,
            "99.990000" : 7897088
          }
        },
        "lat_ns" : {
          "min" : 195209,
          "max" : 8061418,
          "mean" : 248277.869914,
          "stddev" : 161027.915538,
          "N" : 48937
        },
        "bw_min" : 5601,
        "bw_max" : 7184,
        "bw_agg" : 100.000000,
        "bw_mean" : 6525.305085,
        "bw_dev" : 345.247001,
        "bw_samples" : 59,
        "iops_min" : 1400,
        "iops_max" : 1796,
        "iops_mean" : 1631.033898,
        "iops_stddev" : 86.319368,
        "iops_samples" : 59
      },
      "trim" : {
        "io_bytes" : 0,
        "io_kbytes" : 0,
        "bw_bytes" : 0,
        "bw" : 0,
        "iops" : 0.000000,
        "runtime" : 0,
        "total_ios" : 0,
        "short_ios" : 0,
        "drop_ios" : 0,
        "slat_ns" : {
          "min" : 0,
          "max" : 0,
          "mean" : 0.000000,
          "stddev" : 0.000000,
          "N" : 0
        },
        "clat_ns" : {
          "min" : 0,
          "max" : 0,
          "mean" : 0.000000,
          "stddev" : 0.000000,
          "N" : 0
        },
        "lat_ns" : {
          "min" : 0,
          "max" : 0,
          "mean" : 0.000000,
          "stddev" : 0.000000,
          "N" : 0
        },
        "bw_min" : 0,
        "bw_max" : 0,
        "bw_agg" : 0.000000,
        "bw_mean" : 0.000000,
        "bw_dev" : 0.000000,
        "bw_samples" : 0,
        "iops_min" : 0,
        "iops_max" : 0,
        "iops_mean" : 0.000000,
        "iops_stddev" : 0.000000,
        "iops_samples" : 0
      },
      "sync" : {
        "total_ios" : 0,
        "lat_ns" : {
          "min" : 0,
          "max" : 0,
          "mean" : 0.000000,
          "stddev" : 0.000000,
          "N" : 0
        }
      },
      "job_runtime" : 30000,
      "usr_cpu" : 1.036667,
      "sys_cpu" : 7.626667,
      "ctx" : 163276,
      "majf" : 0,
      "minf" : 37,
      "iodepth_level" : {
        "1" : 100.000000,
        "2" : 0.000000,
        "4" : 0.000000,
        "8" : 0.000000,
        "16" : 0.000000,
        "32" : 0.000000,
        ">=64" : 0.000000
      },
      "iodepth_submit" : {
        "0" : 0.000000,
        "4" : 100.000000,
        "8" : 0.000000,
        "16" : 0.000000,
        "32" : 0.000000,
        "64" : 0.000000,
        ">=64" : 0.000000
      },
      "iodepth_complete" : {
        "0" : 0.000000,
        "4" : 100.000000,
        "8" : 0.000000,
        "16" : 0.000000,
        "32" : 0.000000,
        "64" : 0.000000,
        ">=64" : 0.000000
      },
      "latency_ns" : {
        "2" : 0.000000,
        "4" : 0.000000,
        "10" : 0.000000,
        "20" : 0.000000,
        "50" : 0.000000,
        "100" : 0.000000,
        "250" : 0.000000,
        "500" : 0.000000,
        "750" : 0.000000,
        "1000" : 0.000000
      },
      "latency_us" : {
        "2" : 0.000000,
        "4" : 0.000000,
        "10" : 0.000000,
        "20" : 0.000000,
        "50" : 0.000000,
        "100" : 0.010000,
        "250" : 89.264717,
        "500" : 10.587075,
        "750" : 0.102888,
        "1000" : 0.010000
      },
      "latency_ms" : {
        "2" : 0.010000,
        "4" : 0.010000,
        "10" : 0.028172,
        "20" : 0.010000,
        "50" : 0.000000,
        "100" : 0.000000,
        "250" : 0.000000,
        "500" : 0.000000,
        "750" : 0.000000,
        "1000" : 0.000000,
        "2000" : 0.000000,
        ">=2000" : 0.000000
      },
      "latency_depth" : 1,
      "latency_target" : 0,
      "latency_percentile" : 100.000000,
      "latency_window" : 0
    }
  ],
  "disk_util" : [
    {
      "name" : "sdd",
      "read_ios" : 133095,
      "write_ios" : 56937,
      "read_sectors" : 1064760,
      "write_sectors" : 455792,
      "read_merges" : 0,
      "write_merges" : 32,
      "read_ticks" : 18879,
      "write_ticks" : 12785,
      "in_queue" : 31668,
      "util" : 82.381170
    }
  ]
}
