{
  "fio version" : "fio-3.36",
  "timestamp" : 1759388403,
  "timestamp_ms" : 1759388403115,
  "time" : "Thu Oct  1 21:00:03 2025",
  "jobs" : [
    {
      "jobname" : "Mix_50R_50W",
      "groupid" : 0,
      "job_start" : 1759388374339,
      "error" : 0,
      "eta" : 0,
      "elapsed" : 36,
      "job options" : {
        "name" : "Mix_50R_50W",
        "filename" : "/home/jaron/Repo-for-Advanced-Computer-Systems/Project3/testfile/fio_testfile",
        "direct" : "1",
        "rw" : "randrw",
        "rwmixread" : "50",
        "bs" : "4k",
        "iodepth" : "1",
        "numjobs" : "1",
        "size" : "10G",
        "runtime" : "30s",
        "ramp_time" : "5s"
      },
      "read" : {
        "io_bytes" : 299573248,
        "io_kbytes" : 292552,
        "bw_bytes" : 9985442,
        "bw" : 9751,
        "iops" : 2437.852072,
        "runtime" : 30001,
        "total_ios" : 73138,
        "short_ios" : 0,
        "drop_ios" : 0,
        "slat_ns" : {
          "min" : 0,
          "max" : 0,
          "mean" : 0.000000,
          "stddev" : 0.000000,
          "N" : 0
        },
        "clat_ns" : {
          "min" : 100293,
          "max" : 7717637,
          "mean" : 163672.583267,
          "stddev" : 111296.930367,
          "N" : 73138,
          "percentile" : {
            "1.000000" : 111104,
            "5.000000" : 121344,
            "10.000000" : 124416,
            "20.000000" : 129536,
            "30.000000" : 136192,
            "40.000000" : 142336,
            "50.000000" : 150528,
            "60.000000" : 162816,
            "70.000000" : 177152,
            "80.000000" : 187392,
            "90.000000" : 207872,
            "95.000000" : 226304,
            "99.000000" : 354304,
            "99.500000" : 407552,
            "99.900000" : 505856,
            "99.950000" : 577536,
            "99.990000" : 7634944
          }
        },
        "lat_ns" : {
          "min" : 100345,
          "max" : 7717689,
          "mean" : 163747.098499,
          "stddev" : 111304.719176,
          "N" : 73138
        },
        "bw_min" : 8456,
        "bw_max" : 10992,
        "bw_agg" : 100.000000,
        "bw_mean" : 9765.033898,
        "bw_dev" : 505.674455,
        "bw_samples" : 59,
        "iops_min" : 2114,
        "iops_max" : 2748,
        "iops_mean" : 2441.050847,
        "iops_stddev" : 126.442494,
        "iops_samples" : 59
      },
      "write" : {
        "io_bytes" : 298291200,
        "io_kbytes" : 291300,
        "bw_bytes" : 9942708,
        "bw" : 9709,
        "iops" : 2427.419086,
        "runtime" : 30001,
        "total_ios" : 72825,
        "short_ios" : 0,
        "drop_ios" : 0,
        "slat_ns" : {
          "min" : 0,
          "max" : 0,
          "mean" : 0.000000,
          "stddev" : 0.000000,
          "N" : 0
        },
        "clat_ns" : {
          "min" : 194846,
          "max" : 8019101,
          "mean" : 245713.127854,
          "stddev" : 157050.689871,
          "N" : 72825,
          "percentile" : {
            "1.000000" : 203776,
            "5.000000" : 209920,
            "10.000000" : 211968,
            "20.000000" : 216064,
            "30.000000" : 220160,
            "40.000000" : 224256,
            "50.000000" : 230400,
            "60.000000" : 236544,
            "70.000000" : 248832,
            "80.000000" : 264192,
            "90.000000" : 280576,
            "95.000000" : 301056,
            "99.000000" : 440320,
            "99.500000" : 473088,
            "99.900000" : 618496,
            "99.950000" : 5079040,
            "99.990000" : 7766016
          }
        },
        "lat_ns" : {
          "min" : 194971,
          "max" : 8019319,
          "mean" : 245869.430717,
          "stddev" : 157059.827804,
          "N" : 72825
        },
        "bw_min" : 8360,
        "bw_max" : 10610,
        "bw_agg" : 100.000000,
        "bw_mean" : 9728.932203,
        "bw_dev" : 472.550448,
        "bw_samples" : 59,
        "iops_min" : 2090,
        "iops_max" : 2652,
        "iops_mean" : 2431.966102,
        "iops_stddev" : 118.083542,
        "iops_samples" : 59
      },
      "trim" : {
        "io_bytes" : 0,
        "io_kbytes" : 0,
        "bw_bytes" : 0,
        "bw" : 0,
        "iops" : 0.000000,
        "runtime" : 0,
        "total_ios" : 0,
        "short_ios" : 0,
        "drop_ios" : 0,
        "slat_ns" : {
          "min" : 0,
          "max" : 0,
          "mean" : 0.000000,
          "stddev" : 0.000000,
          "N" : 0
        },
        "clat_ns" : {
          "min" : 0,
          "max" : 0,
          "mean" : 0.000000,
          "stddev" : 0.000000,
          "N" : 0
        },
        "lat_ns" : {
          "min" : 0,
          "max" : 0,
          "mean" : 0.000000,
          "stddev" : 0.000000,
          "N" : 0
        },
        "bw_min" : 0,
        "bw_max" : 0,
        "bw_agg" : 0.000000,
        "bw_mean" : 0.000000,
        "bw_dev" : 0.000000,
        "bw_samples" : 0,
        "iops_min" : 0,
        "iops_max" : 0,
        "iops_mean" : 0.000000,
        "iops_stddev" : 0.000000,
        "iops_samples" : 0
      },
      "sync" : {
        "total_ios" : 0,
        "lat_ns" : {
          "min" : 0,
          "max" : 0,
          "mean" : 0.000000,
          "stddev" : 0.000000,
          "N" : 0
        }
      },
      "job_runtime" : 30000,
      "usr_cpu" : 0.936667,
      "sys_cpu" : 7.623333,
      "ctx" : 145962,
      "majf" : 0,
      "minf" : 37,
      "iodepth_level" : {
        "1" : 100.000000,
        "2" : 0.000000,
        "4" : 0.000000,
        "8" : 0.000000,
        "16" : 0.000000,
        "32" : 0.000000,
        ">=64" : 0.000000
      },
      "iodepth_submit" : {
        "0" : 0.000000,
        "4" : 100.000000,
        "8" : 0.000000,
        "16" : 0.000000,
        "32" : 0.000000,
        "64" : 0.000000,
        ">=64" : 0.000000
      },
      "iodepth_complete" : {
        "0" : 0.000000,
        "4" : 100.000000,
        "8" : 0.000000,
        "16" : 0.000000,
        "32" : 0.000000,
        "64" : 0.000000,
        ">=64" : 0.000000
      },
      "latency_ns" : {
        "2" : 0.000000,
        "4" : 0.000000,
        "10" : 0.000000,
        "20" : 0.000000,
        "50" : 0.000000,
        "100" : 0.000000,
        "250" : 0.000000,
        "500" : 0.000000,
        "750" : 0.000000,
        "1000" : 0.000000
      },
      "latency_us" : {
        "2" : 0.000000,
        "4" : 0.000000,
        "10" : 0.000000,
        "20" : 0.000000,
        "50" : 0.000000,
        "100" : 0.000000,
        "250" : 84.448799,
        "500" : 15.328542,
        "750" : 0.174017,
        "1000" : 0.010000
      },
      "latency_ms" : {
        "2" : 0.010000,
        "4" : 0.010000,
        "10" : 0.035625,
        "20" : 0.000000,
        "50" : 0.000000,
        "100" : 0.000000,
        "250" : 0.000000,
        "500" : 0.000000,
        "750" : 0.000000,
        "1000" : 0.000000,
        "2000" : 0.000000,
        ">=2000" : 0.000000
      },
      "latency_depth" : 1,
      "latency_target" : 0,
      "latency_percentile" : 100.000000,
      "latency_window" : 0
    }
  ],
  "disk_util" : [
    {
      "name" : "sdd",
      "read_ios" : 84985,
      "write_ios" : 84700,
      "read_sectors" : 679880,
      "write_sectors" : 677888,
      "read_merges" : 0,
      "write_merges" : 29,
      "read_ticks" : 12831,
      "write_ticks" : 18850,
      "in_queue" : 31685,
      "util" : 84.212332
    }
  ]
}
