{
  "fio version" : "fio-3.36",
  "timestamp" : 1759388437,
  "timestamp_ms" : 1759388437213,
  "time" : "Thu Oct  1 21:00:37 2025",
  "jobs" : [
    {
      "jobname" : "Mix_0R_0W",
      "groupid" : 0,
      "job_start" : 1759388408374,
      "error" : 0,
      "eta" : 0,
      "elapsed" : 36,
      "job options" : {
        "name" : "Mix_0R_0W",
        "filename" : "/home/jaron/Repo-for-Advanced-Computer-Systems/Project3/testfile/fio_testfile",
        "direct" : "1",
        "rw" : "randrw",
        "rwmixread" : "0",
        "bs" : "4k",
        "iodepth" : "1",
        "numjobs" : "1",
        "size" : "10G",
        "runtime" : "30s",
        "ramp_time" : "5s"
      },
      "read" : {
        "io_bytes" : 0,
        "io_kbytes" : 0,
        "bw_bytes" : 0,
        "bw" : 0,
        "iops" : 0.000000,
        "runtime" : 0,
        "total_ios" : 0,
        "short_ios" : 0,
        "drop_ios" : 0,
        "slat_ns" : {
          "min" : 0,
          "max" : 0,
          "mean" : 0.000000,
          "stddev" : 0.000000,
          "N" : 0
        },
        "clat_ns" : {
          "min" : 0,
          "max" : 0,
          "mean" : 0.000000,
          "stddev" : 0.000000,
          "N" : 0
        },
        "lat_ns" : {
          "min" : 0,
          "max" : 0,
          "mean" : 0.000000,
          "stddev" : 0.000000,
          "N" : 0
        },
        "bw_min" : 0,
        "bw_max" : 0,
        "bw_agg" : 0.000000,
        "bw_mean" : 0.000000,
        "bw_dev" : 0.000000,
        "bw_samples" : 0,
        "iops_min" : 0,
        "iops_max" : 0,
        "iops_mean" : 0.000000,
        "iops_stddev" : 0.000000,
        "iops_samples" : 0
      },
      "write" : {
        "io_bytes" : 495448064,
        "io_kbytes" : 483836,
        "bw_bytes" : 16514384,
        "bw" : 16127,
        "iops" : 4031.832272,
        "runtime" : 30001,
        "total_ios" : 120959,
        "short_ios" : 0,
        "drop_ios" : 0,
        "slat_ns" : {
          "min" : 0,
          "max" : 0,
          "mean" : 0.000000,
          "stddev" : 0.000000,
          "N" : 0
        },
        "clat_ns" : {
          "min" : 192782,
          "max" : 12937665,
          "mean" : 246939.195694,
          "stddev" : 164182.880371,
          "N" : 120959,
          "percentile" : {
            "1.000000" : 201728,
            "5.000000" : 205824,
            "10.000000" : 209920,
            "20.000000" : 216064,
            "30.000000" : 222208,
            "40.000000" : 226304,
            "50.000000" : 232448,
            "60.000000" : 238592,
            "70.000000" : 248832,
            "80.000000" : 264192,
            "90.000000" : 280576,
            "95.000000" : 305152,
            "99.000000" : 444416,
            "99.500000" : 485376,
            "99.900000" : 995328,
            "99.950000" : 5079040,
            "99.990000" : 7831552
          }
        },
        "lat_ns" : {
          "min" : 192845,
          "max" : 12937769,
          "mean" : 247063.950132,
          "stddev" : 164192.084122,
          "N" : 120959
        },
        "bw_min" : 14818,
        "bw_max" : 17165,
        "bw_agg" : 100.000000,
        "bw_mean" : 16128.830508,
        "bw_dev" : 602.978903,
        "bw_samples" : 59,
        "iops_min" : 3704,
        "iops_max" : 4291,
        "iops_mean" : 4032.067797,
        "iops_stddev" : 150.732792,
        "iops_samples" : 59
      },
      "trim" : {
        "io_bytes" : 0,
        "io_kbytes" : 0,
        "bw_bytes" : 0,
        "bw" : 0,
        "iops" : 0.000000,
        "runtime" : 0,
        "total_ios" : 0,
        "short_ios" : 0,
        "drop_ios" : 0,
        "slat_ns" : {
          "min" : 0,
          "max" : 0,
          "mean" : 0.000000,
          "stddev" : 0.000000,
          "N" : 0
        },
        "clat_ns" : {
          "min" : 0,
          "max" : 0,
          "mean" : 0.000000,
          "stddev" : 0.000000,
          "N" : 0
        },
        "lat_ns" : {
          "min" : 0,
          "max" : 0,
          "mean" : 0.000000,
          "stddev" : 0.000000,
          "N" : 0
        },
        "bw_min" : 0,
        "bw_max" : 0,
        "bw_agg" : 0.000000,
        "bw_mean" : 0.000000,
        "bw_dev" : 0.000000,
        "bw_samples" : 0,
        "iops_min" : 0,
        "iops_max" : 0,
        "iops_mean" : 0.000000,
        "iops_stddev" : 0.000000,
        "iops_samples" : 0
      },
      "sync" : {
        "total_ios" : 0,
        "lat_ns" : {
          "min" : 0,
          "max" : 0,
          "mean" : 0.000000,
          "stddev" : 0.000000,
          "N" : 0
        }
      },
      "job_runtime" : 30000,
      "usr_cpu" : 0.756667,
      "sys_cpu" : 8.206667,
      "ctx" : 120959,
      "majf" : 0,
      "minf" : 36,
      "iodepth_level" : {
        "1" : 100.000000,
        "2" : 0.000000,
        "4" : 0.000000,
        "8" : 0.000000,
        "16" : 0.000000,
        "32" : 0.000000,
        ">=64" : 0.000000
      },
      "iodepth_submit" : {
        "0" : 0.000000,
        "4" : 100.000000,
        "8" : 0.000000,
        "16" : 0.000000,
        "32" : 0.000000,
        "64" : 0.000000,
        ">=64" : 0.000000
      },
      "iodepth_complete" : {
        "0" : 0.000000,
        "4" : 100.000000,
        "8" : 0.000000,
        "16" : 0.000000,
        "32" : 0.000000,
        "64" : 0.000000,
        ">=64" : 0.000000
      },
      "latency_ns" : {
        "2" : 0.000000,
        "4" : 0.000000,
        "10" : 0.000000,
        "20" : 0.000000,
        "50" : 0.000000,
        "100" : 0.000000,
        "250" : 0.000000,
        "500" : 0.000000,
        "750" : 0.000000,
        "1000" : 0.000000
      },
      "latency_us" : {
        "2" : 0.000000,
        "4" : 0.000000,
        "10" : 0.000000,
        "20" : 0.000000,
        "50" : 0.000000,
        "100" : 0.000000,
        "250" : 70.721484,
        "500" : 28.867633,
        "750" : 0.279434,
        "1000" : 0.032242
      },
      "latency_ms" : {
        "2" : 0.037203,
        "4" : 0.010000,
        "10" : 0.052910,
        "20" : 0.010000,
        "50" : 0.000000,
        "100" : 0.000000,
        "250" : 0.000000,
        "500" : 0.000000,
        "750" : 0.000000,
        "1000" : 0.000000,
        "2000" : 0.000000,
        ">=2000" : 0.000000
      },
      "latency_depth" : 1,
      "latency_target" : 0,
      "latency_percentile" : 100.000000,
      "latency_window" : 0
    }
  ],
  "disk_util" : [
    {
      "name" : "sdd",
      "read_ios" : 0,
      "write_ios" : 141155,
      "read_sectors" : 0,
      "write_sectors" : 1129632,
      "read_merges" : 0,
      "write_merges" : 39,
      "read_ticks" : 0,
      "write_ticks" : 31540,
      "in_queue" : 31544,
      "util" : 81.932954
    }
  ]
}
