{
  "fio version" : "fio-3.36",
  "timestamp" : 1759393583,
  "timestamp_ms" : 1759393583957,
  "time" : "Thu Oct  1 22:26:23 2025",
  "jobs" : [
    {
      "jobname" : "NJ16_run3",
      "groupid" : 0,
      "job_start" : 1759393555398,
      "error" : 0,
      "eta" : 0,
      "elapsed" : 36,
      "job options" : {
        "name" : "NJ16_run3",
        "filename" : "/home/jaron/Repo-for-Advanced-Computer-Systems/Project3/testfile/fio_testfile",
        "direct" : "1",
        "ioengine" : "io_uring",
        "iodepth" : "1",
        "numjobs" : "16",
        "rw" : "randread",
        "bs" : "4k",
        "runtime" : "30s",
        "ramp_time" : "5s"
      },
      "read" : {
        "io_bytes" : 8995303424,
        "io_kbytes" : 8784476,
        "bw_bytes" : 299823459,
        "bw" : 292796,
        "iops" : 73199.086728,
        "runtime" : 30002,
        "total_ios" : 2196119,
        "short_ios" : 0,
        "drop_ios" : 0,
        "slat_ns" : {
          "min" : 3124,
          "max" : 2587629,
          "mean" : 8666.611717,
          "stddev" : 7700.238738,
          "N" : 2196119
        },
        "clat_ns" : {
          "min" : 313,
          "max" : 8196885,
          "mean" : 208474.104632,
          "stddev" : 118881.717053,
          "N" : 2196119,
          "percentile" : {
            "1.000000" : 120320,
            "5.000000" : 134144,
            "10.000000" : 146432,
            "20.000000" : 175104,
            "30.000000" : 189440,
            "40.000000" : 199680,
            "50.000000" : 207872,
            "60.000000" : 216064,
            "70.000000" : 226304,
            "80.000000" : 238592,
            "90.000000" : 257024,
            "95.000000" : 276480,
            "99.000000" : 317440,
            "99.500000" : 342016,
            "99.900000" : 415744,
            "99.950000" : 489472,
            "99.990000" : 7831552
          }
        },
        "lat_ns" : {
          "min" : 90906,
          "max" : 8207204,
          "mean" : 217140.716349,
          "stddev" : 119114.199615,
          "N" : 2196119
        },
        "bw_min" : 273197,
        "bw_max" : 306960,
        "bw_agg" : 100.000000,
        "bw_mean" : 293052.511299,
        "bw_dev" : 409.767927,
        "bw_samples" : 950,
        "iops_min" : 68292,
        "iops_max" : 76738,
        "iops_mean" : 73261.169492,
        "iops_stddev" : 102.487468,
        "iops_samples" : 950
      },
      "write" : {
        "io_bytes" : 0,
        "io_kbytes" : 0,
        "bw_bytes" : 0,
        "bw" : 0,
        "iops" : 0.000000,
        "runtime" : 0,
        "total_ios" : 0,
        "short_ios" : 0,
        "drop_ios" : 0,
        "slat_ns" : {
          "min" : 0,
          "max" : 0,
          "mean" : 0.000000,
          "stddev" : 0.000000,
          "N" : 0
        },
        "clat_ns" : {
          "min" : 0,
          "max" : 0,
          "mean" : 0.000000,
          "stddev" : 0.000000,
          "N" : 0
        },
        "lat_ns" : {
          "min" : 0,
          "max" : 0,
          "mean" : 0.000000,
          "stddev" : 0.000000,
          "N" : 0
        },
        "bw_min" : 0,
        "bw_max" : 0,
        "bw_agg" : 0.000000,
        "bw_mean" : 0.000000,
        "bw_dev" : 0.000000,
        "bw_samples" : 0,
        "iops_min" : 0,
        "iops_max" : 0,
        "iops_mean" : 0.000000,
        "iops_stddev" : 0.000000,
        "iops_samples" : 0
      },
      "trim" : {
        "io_bytes" : 0,
        "io_kbytes" : 0,
        "bw_bytes" : 0,
        "bw" : 0,
        "iops" : 0.000000,
        "runtime" : 0,
        "total_ios" : 0,
        "short_ios" : 0,
        "drop_ios" : 0,
        "slat_ns" : {
          "min" : 0,
          "max" : 0,
          "mean" : 0.000000,
          "stddev" : 0.000000,
          "N" : 0
        },
        "clat_ns" : {
          "min" : 0,
          "max" : 0,
          "mean" : 0.000000,
          "stddev" : 0.000000,
          "N" : 0
        },
        "lat_ns" : {
          "min" : 0,
          "max" : 0,
          "mean" : 0.000000,
          "stddev" : 0.000000,
          "N" : 0
        },
        "bw_min" : 0,
        "bw_max" : 0,
        "bw_agg" : 0.000000,
        "bw_mean" : 0.000000,
        "bw_dev" : 0.000000,
        "bw_samples" : 0,
        "iops_min" : 0,
        "iops_max" : 0,
        "iops_mean" : 0.000000,
        "iops_stddev" : 0.000000,
        "iops_samples" : 0
      },
      "sync" : {
        "total_ios" : 0,
        "lat_ns" : {
          "min" : 0,
          "max" : 0,
          "mean" : 0.000000,
          "stddev" : 0.000000,
          "N" : 0
        }
      },
      "job_runtime" : 480001,
      "usr_cpu" : 1.786455,
      "sys_cpu" : 7.356651,
      "ctx" : 2196274,
      "majf" : 0,
      "minf" : 583,
      "iodepth_level" : {
        "1" : 100.000000,
        "2" : 0.000000,
        "4" : 0.000000,
        "8" : 0.000000,
        "16" : 0.000000,
        "32" : 0.000000,
        ">=64" : 0.000000
      },
      "iodepth_submit" : {
        "0" : 0.000000,
        "4" : 100.000000,
        "8" : 0.000000,
        "16" : 0.000000,
        "32" : 0.000000,
        "64" : 0.000000,
        ">=64" : 0.000000
      },
      "iodepth_complete" : {
        "0" : 0.000000,
        "4" : 100.000000,
        "8" : 0.000000,
        "16" : 0.000000,
        "32" : 0.000000,
        "64" : 0.000000,
        ">=64" : 0.000000
      },
      "latency_ns" : {
        "2" : 0.000000,
        "4" : 0.000000,
        "10" : 0.000000,
        "20" : 0.000000,
        "50" : 0.000000,
        "100" : 0.000000,
        "250" : 0.000000,
        "500" : 0.010000,
        "750" : 0.010000,
        "1000" : 0.010000
      },
      "latency_us" : {
        "2" : 0.010000,
        "4" : 0.010000,
        "10" : 0.010000,
        "20" : 0.010000,
        "50" : 0.010000,
        "100" : 0.034971,
        "250" : 86.991825,
        "500" : 12.922296,
        "750" : 0.018533,
        "1000" : 0.010000
      },
      "latency_ms" : {
        "2" : 0.010000,
        "4" : 0.010000,
        "10" : 0.021128,
        "20" : 0.000000,
        "50" : 0.000000,
        "100" : 0.000000,
        "250" : 0.000000,
        "500" : 0.000000,
        "750" : 0.000000,
        "1000" : 0.000000,
        "2000" : 0.000000,
        ">=2000" : 0.000000
      },
      "latency_depth" : 1,
      "latency_target" : 0,
      "latency_percentile" : 100.000000,
      "latency_window" : 0
    }
  ],
  "disk_util" : [
    {
      "name" : "sdd",
      "read_ios" : 2561828,
      "write_ios" : 31,
      "read_sectors" : 20494624,
      "write_sectors" : 464,
      "read_merges" : 0,
      "write_merges" : 21,
      "read_ticks" : 507043,
      "write_ticks" : 15,
      "in_queue" : 507062,
      "util" : 100.000000
    }
  ]
}
