{
  "fio version" : "fio-3.36",
  "timestamp" : 1759393550,
  "timestamp_ms" : 1759393550123,
  "time" : "Thu Oct  1 22:25:50 2025",
  "jobs" : [
    {
      "jobname" : "NJ16_run2",
      "groupid" : 0,
      "job_start" : 1759393521597,
      "error" : 0,
      "eta" : 0,
      "elapsed" : 36,
      "job options" : {
        "name" : "NJ16_run2",
        "filename" : "/home/jaron/Repo-for-Advanced-Computer-Systems/Project3/testfile/fio_testfile",
        "direct" : "1",
        "ioengine" : "io_uring",
        "iodepth" : "1",
        "numjobs" : "16",
        "rw" : "randread",
        "bs" : "4k",
        "runtime" : "30s",
        "ramp_time" : "5s"
      },
      "read" : {
        "io_bytes" : 9161166848,
        "io_kbytes" : 8946452,
        "bw_bytes" : 305362049,
        "bw" : 298205,
        "iops" : 74551.281624,
        "runtime" : 30001,
        "total_ios" : 2236613,
        "short_ios" : 0,
        "drop_ios" : 0,
        "slat_ns" : {
          "min" : 3095,
          "max" : 1617405,
          "mean" : 8376.906730,
          "stddev" : 6540.857878,
          "N" : 2236613
        },
        "clat_ns" : {
          "min" : 369,
          "max" : 7971858,
          "mean" : 204861.082221,
          "stddev" : 117661.994945,
          "N" : 2236613,
          "percentile" : {
            "1.000000" : 119296,
            "5.000000" : 132096,
            "10.000000" : 142336,
            "20.000000" : 166912,
            "30.000000" : 187392,
            "40.000000" : 195584,
            "50.000000" : 203776,
            "60.000000" : 214016,
            "70.000000" : 222208,
            "80.000000" : 234496,
            "90.000000" : 252928,
            "95.000000" : 272384,
            "99.000000" : 309248,
            "99.500000" : 329728,
            "99.900000" : 403456,
            "99.950000" : 522240,
            "99.990000" : 7831552
          }
        },
        "lat_ns" : {
          "min" : 92718,
          "max" : 7976231,
          "mean" : 213237.988950,
          "stddev" : 117818.285530,
          "N" : 2236613
        },
        "bw_min" : 282650,
        "bw_max" : 307076,
        "bw_agg" : 100.000000,
        "bw_mean" : 298542.052542,
        "bw_dev" : 322.573711,
        "bw_samples" : 948,
        "iops_min" : 70652,
        "iops_max" : 76764,
        "iops_mean" : 74633.306215,
        "iops_stddev" : 80.648247,
        "iops_samples" : 948
      },
      "write" : {
        "io_bytes" : 0,
        "io_kbytes" : 0,
        "bw_bytes" : 0,
        "bw" : 0,
        "iops" : 0.000000,
        "runtime" : 0,
        "total_ios" : 0,
        "short_ios" : 0,
        "drop_ios" : 0,
        "slat_ns" : {
          "min" : 0,
          "max" : 0,
          "mean" : 0.000000,
          "stddev" : 0.000000,
          "N" : 0
        },
        "clat_ns" : {
          "min" : 0,
          "max" : 0,
          "mean" : 0.000000,
          "stddev" : 0.000000,
          "N" : 0
        },
        "lat_ns" : {
          "min" : 0,
          "max" : 0,
          "mean" : 0.000000,
          "stddev" : 0.000000,
          "N" : 0
        },
        "bw_min" : 0,
        "bw_max" : 0,
        "bw_agg" : 0.000000,
        "bw_mean" : 0.000000,
        "bw_dev" : 0.000000,
        "bw_samples" : 0,
        "iops_min" : 0,
        "iops_max" : 0,
        "iops_mean" : 0.000000,
        "iops_stddev" : 0.000000,
        "iops_samples" : 0
      },
      "trim" : {
        "io_bytes" : 0,
        "io_kbytes" : 0,
        "bw_bytes" : 0,
        "bw" : 0,
        "iops" : 0.000000,
        "runtime" : 0,
        "total_ios" : 0,
        "short_ios" : 0,
        "drop_ios" : 0,
        "slat_ns" : {
          "min" : 0,
          "max" : 0,
          "mean" : 0.000000,
          "stddev" : 0.000000,
          "N" : 0
        },
        "clat_ns" : {
          "min" : 0,
          "max" : 0,
          "mean" : 0.000000,
          "stddev" : 0.000000,
          "N" : 0
        },
        "lat_ns" : {
          "min" : 0,
          "max" : 0,
          "mean" : 0.000000,
          "stddev" : 0.000000,
          "N" : 0
        },
        "bw_min" : 0,
        "bw_max" : 0,
        "bw_agg" : 0.000000,
        "bw_mean" : 0.000000,
        "bw_dev" : 0.000000,
        "bw_samples" : 0,
        "iops_min" : 0,
        "iops_max" : 0,
        "iops_mean" : 0.000000,
        "iops_stddev" : 0.000000,
        "iops_samples" : 0
      },
      "sync" : {
        "total_ios" : 0,
        "lat_ns" : {
          "min" : 0,
          "max" : 0,
          "mean" : 0.000000,
          "stddev" : 0.000000,
          "N" : 0
        }
      },
      "job_runtime" : 480000,
      "usr_cpu" : 1.824375,
      "sys_cpu" : 7.274792,
      "ctx" : 2236788,
      "majf" : 0,
      "minf" : 585,
      "iodepth_level" : {
        "1" : 100.000000,
        "2" : 0.000000,
        "4" : 0.000000,
        "8" : 0.000000,
        "16" : 0.000000,
        "32" : 0.000000,
        ">=64" : 0.000000
      },
      "iodepth_submit" : {
        "0" : 0.000000,
        "4" : 100.000000,
        "8" : 0.000000,
        "16" : 0.000000,
        "32" : 0.000000,
        "64" : 0.000000,
        ">=64" : 0.000000
      },
      "iodepth_complete" : {
        "0" : 0.000000,
        "4" : 100.000000,
        "8" : 0.000000,
        "16" : 0.000000,
        "32" : 0.000000,
        "64" : 0.000000,
        ">=64" : 0.000000
      },
      "latency_ns" : {
        "2" : 0.000000,
        "4" : 0.000000,
        "10" : 0.000000,
        "20" : 0.000000,
        "50" : 0.000000,
        "100" : 0.000000,
        "250" : 0.000000,
        "500" : 0.010000,
        "750" : 0.010000,
        "1000" : 0.010000
      },
      "latency_us" : {
        "2" : 0.010000,
        "4" : 0.010000,
        "10" : 0.010000,
        "20" : 0.010000,
        "50" : 0.010000,
        "100" : 0.036081,
        "250" : 88.578534,
        "500" : 11.329229,
        "750" : 0.024814,
        "1000" : 0.010000
      },
      "latency_ms" : {
        "2" : 0.010000,
        "4" : 0.010000,
        "10" : 0.020969,
        "20" : 0.000000,
        "50" : 0.000000,
        "100" : 0.000000,
        "250" : 0.000000,
        "500" : 0.000000,
        "750" : 0.000000,
        "1000" : 0.000000,
        "2000" : 0.000000,
        ">=2000" : 0.000000
      },
      "latency_depth" : 1,
      "latency_target" : 0,
      "latency_percentile" : 100.000000,
      "latency_window" : 0
    }
  ],
  "disk_util" : [
    {
      "name" : "sdd",
      "read_ios" : 2599784,
      "write_ios" : 32,
      "read_sectors" : 20798272,
      "write_sectors" : 536,
      "read_merges" : 0,
      "write_merges" : 20,
      "read_ticks" : 507038,
      "write_ticks" : 16,
      "in_queue" : 507060,
      "util" : 99.771976
    }
  ]
}
