{
  "fio version" : "fio-3.36",
  "timestamp" : 1759393145,
  "timestamp_ms" : 1759393145441,
  "time" : "Thu Oct  1 22:19:05 2025",
  "jobs" : [
    {
      "jobname" : "NJ1_run2",
      "groupid" : 0,
      "job_start" : 1759393116836,
      "error" : 0,
      "eta" : 0,
      "elapsed" : 36,
      "job options" : {
        "name" : "NJ1_run2",
        "filename" : "/home/jaron/Repo-for-Advanced-Computer-Systems/Project3/testfile/fio_testfile",
        "direct" : "1",
        "ioengine" : "io_uring",
        "iodepth" : "1",
        "numjobs" : "1",
        "rw" : "randread",
        "bs" : "4k",
        "runtime" : "30s",
        "ramp_time" : "5s"
      },
      "read" : {
        "io_bytes" : 664895488,
        "io_kbytes" : 649312,
        "bw_bytes" : 22162444,
        "bw" : 21643,
        "iops" : 5410.752975,
        "runtime" : 30001,
        "total_ios" : 162328,
        "short_ios" : 0,
        "drop_ios" : 0,
        "slat_ns" : {
          "min" : 4045,
          "max" : 307609,
          "mean" : 6945.543917,
          "stddev" : 3328.695274,
          "N" : 162328
        },
        "clat_ns" : {
          "min" : 325,
          "max" : 7837728,
          "mean" : 177057.357375,
          "stddev" : 107630.066379,
          "N" : 162328,
          "percentile" : {
            "1.000000" : 109056,
            "5.000000" : 123392,
            "10.000000" : 130560,
            "20.000000" : 168960,
            "30.000000" : 171008,
            "40.000000" : 173056,
            "50.000000" : 175104,
            "60.000000" : 181248,
            "70.000000" : 183296,
            "80.000000" : 187392,
            "90.000000" : 199680,
            "95.000000" : 211968,
            "99.000000" : 317440,
            "99.500000" : 411648,
            "99.900000" : 493568,
            "99.950000" : 544768,
            "99.990000" : 7766016
          }
        },
        "lat_ns" : {
          "min" : 101691,
          "max" : 7848512,
          "mean" : 184002.901292,
          "stddev" : 108003.184711,
          "N" : 162328
        },
        "bw_min" : 19425,
        "bw_max" : 23075,
        "bw_agg" : 100.000000,
        "bw_mean" : 21656.728814,
        "bw_dev" : 696.420400,
        "bw_samples" : 59,
        "iops_min" : 4856,
        "iops_max" : 5768,
        "iops_mean" : 5413.796610,
        "iops_stddev" : 174.118250,
        "iops_samples" : 59
      },
      "write" : {
        "io_bytes" : 0,
        "io_kbytes" : 0,
        "bw_bytes" : 0,
        "bw" : 0,
        "iops" : 0.000000,
        "runtime" : 0,
        "total_ios" : 0,
        "short_ios" : 0,
        "drop_ios" : 0,
        "slat_ns" : {
          "min" : 0,
          "max" : 0,
          "mean" : 0.000000,
          "stddev" : 0.000000,
          "N" : 0
        },
        "clat_ns" : {
          "min" : 0,
          "max" : 0,
          "mean" : 0.000000,
          "stddev" : 0.000000,
          "N" : 0
        },
        "lat_ns" : {
          "min" : 0,
          "max" : 0,
          "mean" : 0.000000,
          "stddev" : 0.000000,
          "N" : 0
        },
        "bw_min" : 0,
        "bw_max" : 0,
        "bw_agg" : 0.000000,
        "bw_mean" : 0.000000,
        "bw_dev" : 0.000000,
        "bw_samples" : 0,
        "iops_min" : 0,
        "iops_max" : 0,
        "iops_mean" : 0.000000,
        "iops_stddev" : 0.000000,
        "iops_samples" : 0
      },
      "trim" : {
        "io_bytes" : 0,
        "io_kbytes" : 0,
        "bw_bytes" : 0,
        "bw" : 0,
        "iops" : 0.000000,
        "runtime" : 0,
        "total_ios" : 0,
        "short_ios" : 0,
        "drop_ios" : 0,
        "slat_ns" : {
          "min" : 0,
          "max" : 0,
          "mean" : 0.000000,
          "stddev" : 0.000000,
          "N" : 0
        },
        "clat_ns" : {
          "min" : 0,
          "max" : 0,
          "mean" : 0.000000,
          "stddev" : 0.000000,
          "N" : 0
        },
        "lat_ns" : {
          "min" : 0,
          "max" : 0,
          "mean" : 0.000000,
          "stddev" : 0.000000,
          "N" : 0
        },
        "bw_min" : 0,
        "bw_max" : 0,
        "bw_agg" : 0.000000,
        "bw_mean" : 0.000000,
        "bw_dev" : 0.000000,
        "bw_samples" : 0,
        "iops_min" : 0,
        "iops_max" : 0,
        "iops_mean" : 0.000000,
        "iops_stddev" : 0.000000,
        "iops_samples" : 0
      },
      "sync" : {
        "total_ios" : 0,
        "lat_ns" : {
          "min" : 0,
          "max" : 0,
          "mean" : 0.000000,
          "stddev" : 0.000000,
          "N" : 0
        }
      },
      "job_runtime" : 30000,
      "usr_cpu" : 0.946667,
      "sys_cpu" : 6.436667,
      "ctx" : 162326,
      "majf" : 0,
      "minf" : 38,
      "iodepth_level" : {
        "1" : 100.000000,
        "2" : 0.000000,
        "4" : 0.000000,
        "8" : 0.000000,
        "16" : 0.000000,
        "32" : 0.000000,
        ">=64" : 0.000000
      },
      "iodepth_submit" : {
        "0" : 0.000000,
        "4" : 100.000000,
        "8" : 0.000000,
        "16" : 0.000000,
        "32" : 0.000000,
        "64" : 0.000000,
        ">=64" : 0.000000
      },
      "iodepth_complete" : {
        "0" : 0.000000,
        "4" : 100.000000,
        "8" : 0.000000,
        "16" : 0.000000,
        "32" : 0.000000,
        "64" : 0.000000,
        ">=64" : 0.000000
      },
      "latency_ns" : {
        "2" : 0.000000,
        "4" : 0.000000,
        "10" : 0.000000,
        "20" : 0.000000,
        "50" : 0.000000,
        "100" : 0.000000,
        "250" : 0.000000,
        "500" : 0.010000,
        "750" : 0.010000,
        "1000" : 0.000000
      },
      "latency_us" : {
        "2" : 0.000000,
        "4" : 0.010000,
        "10" : 0.000000,
        "20" : 0.000000,
        "50" : 0.010000,
        "100" : 0.010000,
        "250" : 98.611453,
        "500" : 1.289981,
        "750" : 0.058523,
        "1000" : 0.010000
      },
      "latency_ms" : {
        "2" : 0.010000,
        "4" : 0.010000,
        "10" : 0.017865,
        "20" : 0.000000,
        "50" : 0.000000,
        "100" : 0.000000,
        "250" : 0.000000,
        "500" : 0.000000,
        "750" : 0.000000,
        "1000" : 0.000000,
        "2000" : 0.000000,
        ">=2000" : 0.000000
      },
      "latency_depth" : 1,
      "latency_target" : 0,
      "latency_percentile" : 100.000000,
      "latency_window" : 0
    }
  ],
  "disk_util" : [
    {
      "name" : "sdd",
      "read_ios" : 189014,
      "write_ios" : 38,
      "read_sectors" : 1512112,
      "write_sectors" : 568,
      "read_merges" : 0,
      "write_merges" : 22,
      "read_ticks" : 32334,
      "write_ticks" : 20,
      "in_queue" : 32360,
      "util" : 82.853224
    }
  ]
}
