{
  "fio version" : "fio-3.36",
  "timestamp" : 1759393179,
  "timestamp_ms" : 1759393179276,
  "time" : "Thu Oct  1 22:19:39 2025",
  "jobs" : [
    {
      "jobname" : "NJ1_run3",
      "groupid" : 0,
      "job_start" : 1759393150705,
      "error" : 0,
      "eta" : 0,
      "elapsed" : 36,
      "job options" : {
        "name" : "NJ1_run3",
        "filename" : "/home/jaron/Repo-for-Advanced-Computer-Systems/Project3/testfile/fio_testfile",
        "direct" : "1",
        "ioengine" : "io_uring",
        "iodepth" : "1",
        "numjobs" : "1",
        "rw" : "randread",
        "bs" : "4k",
        "runtime" : "30s",
        "ramp_time" : "5s"
      },
      "read" : {
        "io_bytes" : 659656704,
        "io_kbytes" : 644196,
        "bw_bytes" : 21987823,
        "bw" : 21472,
        "iops" : 5368.121063,
        "runtime" : 30001,
        "total_ios" : 161049,
        "short_ios" : 0,
        "drop_ios" : 0,
        "slat_ns" : {
          "min" : 4003,
          "max" : 514473,
          "mean" : 7001.374420,
          "stddev" : 4164.355295,
          "N" : 161049
        },
        "clat_ns" : {
          "min" : 503,
          "max" : 7796458,
          "mean" : 178450.741389,
          "stddev" : 109023.635644,
          "N" : 161049,
          "percentile" : {
            "1.000000" : 108032,
            "5.000000" : 122368,
            "10.000000" : 132096,
            "20.000000" : 164864,
            "30.000000" : 168960,
            "40.000000" : 171008,
            "50.000000" : 175104,
            "60.000000" : 179200,
            "70.000000" : 183296,
            "80.000000" : 189440,
            "90.000000" : 205824,
            "95.000000" : 220160,
            "99.000000" : 354304,
            "99.500000" : 407552,
            "99.900000" : 509952,
            "99.950000" : 585728,
            "99.990000" : 7700480
          }
        },
        "lat_ns" : {
          "min" : 100784,
          "max" : 7805323,
          "mean" : 185452.115809,
          "stddev" : 109523.905545,
          "N" : 161049
        },
        "bw_min" : 18299,
        "bw_max" : 23157,
        "bw_agg" : 100.000000,
        "bw_mean" : 21478.457627,
        "bw_dev" : 967.730821,
        "bw_samples" : 59,
        "iops_min" : 4574,
        "iops_max" : 5789,
        "iops_mean" : 5369.389831,
        "iops_stddev" : 241.974209,
        "iops_samples" : 59
      },
      "write" : {
        "io_bytes" : 0,
        "io_kbytes" : 0,
        "bw_bytes" : 0,
        "bw" : 0,
        "iops" : 0.000000,
        "runtime" : 0,
        "total_ios" : 0,
        "short_ios" : 0,
        "drop_ios" : 0,
        "slat_ns" : {
          "min" : 0,
          "max" : 0,
          "mean" : 0.000000,
          "stddev" : 0.000000,
          "N" : 0
        },
        "clat_ns" : {
          "min" : 0,
          "max" : 0,
          "mean" : 0.000000,
          "stddev" : 0.000000,
          "N" : 0
        },
        "lat_ns" : {
          "min" : 0,
          "max" : 0,
          "mean" : 0.000000,
          "stddev" : 0.000000,
          "N" : 0
        },
        "bw_min" : 0,
        "bw_max" : 0,
        "bw_agg" : 0.000000,
        "bw_mean" : 0.000000,
        "bw_dev" : 0.000000,
        "bw_samples" : 0,
        "iops_min" : 0,
        "iops_max" : 0,
        "iops_mean" : 0.000000,
        "iops_stddev" : 0.000000,
        "iops_samples" : 0
      },
      "trim" : {
        "io_bytes" : 0,
        "io_kbytes" : 0,
        "bw_bytes" : 0,
        "bw" : 0,
        "iops" : 0.000000,
        "runtime" : 0,
        "total_ios" : 0,
        "short_ios" : 0,
        "drop_ios" : 0,
        "slat_ns" : {
          "min" : 0,
          "max" : 0,
          "mean" : 0.000000,
          "stddev" : 0.000000,
          "N" : 0
        },
        "clat_ns" : {
          "min" : 0,
          "max" : 0,
          "mean" : 0.000000,
          "stddev" : 0.000000,
          "N" : 0
        },
        "lat_ns" : {
          "min" : 0,
          "max" : 0,
          "mean" : 0.000000,
          "stddev" : 0.000000,
          "N" : 0
        },
        "bw_min" : 0,
        "bw_max" : 0,
        "bw_agg" : 0.000000,
        "bw_mean" : 0.000000,
        "bw_dev" : 0.000000,
        "bw_samples" : 0,
        "iops_min" : 0,
        "iops_max" : 0,
        "iops_mean" : 0.000000,
        "iops_stddev" : 0.000000,
        "iops_samples" : 0
      },
      "sync" : {
        "total_ios" : 0,
        "lat_ns" : {
          "min" : 0,
          "max" : 0,
          "mean" : 0.000000,
          "stddev" : 0.000000,
          "N" : 0
        }
      },
      "job_runtime" : 30000,
      "usr_cpu" : 1.193333,
      "sys_cpu" : 6.213333,
      "ctx" : 161048,
      "majf" : 0,
      "minf" : 36,
      "iodepth_level" : {
        "1" : 100.000000,
        "2" : 0.000000,
        "4" : 0.000000,
        "8" : 0.000000,
        "16" : 0.000000,
        "32" : 0.000000,
        ">=64" : 0.000000
      },
      "iodepth_submit" : {
        "0" : 0.000000,
        "4" : 100.000000,
        "8" : 0.000000,
        "16" : 0.000000,
        "32" : 0.000000,
        "64" : 0.000000,
        ">=64" : 0.000000
      },
      "iodepth_complete" : {
        "0" : 0.000000,
        "4" : 100.000000,
        "8" : 0.000000,
        "16" : 0.000000,
        "32" : 0.000000,
        "64" : 0.000000,
        ">=64" : 0.000000
      },
      "latency_ns" : {
        "2" : 0.000000,
        "4" : 0.000000,
        "10" : 0.000000,
        "20" : 0.000000,
        "50" : 0.000000,
        "100" : 0.000000,
        "250" : 0.000000,
        "500" : 0.000000,
        "750" : 0.010000,
        "1000" : 0.000000
      },
      "latency_us" : {
        "2" : 0.000000,
        "4" : 0.000000,
        "10" : 0.000000,
        "20" : 0.010000,
        "50" : 0.000000,
        "100" : 0.010000,
        "250" : 98.031034,
        "500" : 1.846022,
        "750" : 0.078858,
        "1000" : 0.010000
      },
      "latency_ms" : {
        "2" : 0.010000,
        "4" : 0.010000,
        "10" : 0.018007,
        "20" : 0.000000,
        "50" : 0.000000,
        "100" : 0.000000,
        "250" : 0.000000,
        "500" : 0.000000,
        "750" : 0.000000,
        "1000" : 0.000000,
        "2000" : 0.000000,
        ">=2000" : 0.000000
      },
      "latency_depth" : 1,
      "latency_target" : 0,
      "latency_percentile" : 100.000000,
      "latency_window" : 0
    }
  ],
  "disk_util" : [
    {
      "name" : "sdd",
      "read_ios" : 186823,
      "write_ios" : 35,
      "read_sectors" : 1494584,
      "write_sectors" : 512,
      "read_merges" : 0,
      "write_merges" : 25,
      "read_ticks" : 32132,
      "write_ticks" : 38,
      "in_queue" : 32197,
      "util" : 80.803443
    }
  ]
}
