{
  "fio version" : "fio-3.36",
  "timestamp" : 1759393516,
  "timestamp_ms" : 1759393516322,
  "time" : "Thu Oct  1 22:25:16 2025",
  "jobs" : [
    {
      "jobname" : "NJ16_run1",
      "groupid" : 0,
      "job_start" : 1759393487753,
      "error" : 0,
      "eta" : 0,
      "elapsed" : 36,
      "job options" : {
        "name" : "NJ16_run1",
        "filename" : "/home/jaron/Repo-for-Advanced-Computer-Systems/Project3/testfile/fio_testfile",
        "direct" : "1",
        "ioengine" : "io_uring",
        "iodepth" : "1",
        "numjobs" : "16",
        "rw" : "randread",
        "bs" : "4k",
        "runtime" : "30s",
        "ramp_time" : "5s"
      },
      "read" : {
        "io_bytes" : 9341927424,
        "io_kbytes" : 9122976,
        "bw_bytes" : 311387201,
        "bw" : 304089,
        "iops" : 76022.265924,
        "runtime" : 30001,
        "total_ios" : 2280744,
        "short_ios" : 0,
        "drop_ios" : 0,
        "slat_ns" : {
          "min" : 3115,
          "max" : 633612,
          "mean" : 8243.920865,
          "stddev" : 6214.001507,
          "N" : 2280744
        },
        "clat_ns" : {
          "min" : 325,
          "max" : 7955293,
          "mean" : 200850.575806,
          "stddev" : 116228.998255,
          "N" : 2280744,
          "percentile" : {
            "1.000000" : 117248,
            "5.000000" : 130560,
            "10.000000" : 138240,
            "20.000000" : 156672,
            "30.000000" : 181248,
            "40.000000" : 193536,
            "50.000000" : 201728,
            "60.000000" : 209920,
            "70.000000" : 220160,
            "80.000000" : 232448,
            "90.000000" : 250880,
            "95.000000" : 268288,
            "99.000000" : 305152,
            "99.500000" : 321536,
            "99.900000" : 370688,
            "99.950000" : 411648,
            "99.990000" : 7766016
          }
        },
        "lat_ns" : {
          "min" : 90982,
          "max" : 7964142,
          "mean" : 209094.496670,
          "stddev" : 116362.716349,
          "N" : 2280744
        },
        "bw_min" : 282749,
        "bw_max" : 313994,
        "bw_agg" : 100.000000,
        "bw_mean" : 304395.647175,
        "bw_dev" : 370.144378,
        "bw_samples" : 945,
        "iops_min" : 70686,
        "iops_max" : 78488,
        "iops_mean" : 76095.665254,
        "iops_stddev" : 92.481524,
        "iops_samples" : 945
      },
      "write" : {
        "io_bytes" : 0,
        "io_kbytes" : 0,
        "bw_bytes" : 0,
        "bw" : 0,
        "iops" : 0.000000,
        "runtime" : 0,
        "total_ios" : 0,
        "short_ios" : 0,
        "drop_ios" : 0,
        "slat_ns" : {
          "min" : 0,
          "max" : 0,
          "mean" : 0.000000,
          "stddev" : 0.000000,
          "N" : 0
        },
        "clat_ns" : {
          "min" : 0,
          "max" : 0,
          "mean" : 0.000000,
          "stddev" : 0.000000,
          "N" : 0
        },
        "lat_ns" : {
          "min" : 0,
          "max" : 0,
          "mean" : 0.000000,
          "stddev" : 0.000000,
          "N" : 0
        },
        "bw_min" : 0,
        "bw_max" : 0,
        "bw_agg" : 0.000000,
        "bw_mean" : 0.000000,
        "bw_dev" : 0.000000,
        "bw_samples" : 0,
        "iops_min" : 0,
        "iops_max" : 0,
        "iops_mean" : 0.000000,
        "iops_stddev" : 0.000000,
        "iops_samples" : 0
      },
      "trim" : {
        "io_bytes" : 0,
        "io_kbytes" : 0,
        "bw_bytes" : 0,
        "bw" : 0,
        "iops" : 0.000000,
        "runtime" : 0,
        "total_ios" : 0,
        "short_ios" : 0,
        "drop_ios" : 0,
        "slat_ns" : {
          "min" : 0,
          "max" : 0,
          "mean" : 0.000000,
          "stddev" : 0.000000,
          "N" : 0
        },
        "clat_ns" : {
          "min" : 0,
          "max" : 0,
          "mean" : 0.000000,
          "stddev" : 0.000000,
          "N" : 0
        },
        "lat_ns" : {
          "min" : 0,
          "max" : 0,
          "mean" : 0.000000,
          "stddev" : 0.000000,
          "N" : 0
        },
        "bw_min" : 0,
        "bw_max" : 0,
        "bw_agg" : 0.000000,
        "bw_mean" : 0.000000,
        "bw_dev" : 0.000000,
        "bw_samples" : 0,
        "iops_min" : 0,
        "iops_max" : 0,
        "iops_mean" : 0.000000,
        "iops_stddev" : 0.000000,
        "iops_samples" : 0
      },
      "sync" : {
        "total_ios" : 0,
        "lat_ns" : {
          "min" : 0,
          "max" : 0,
          "mean" : 0.000000,
          "stddev" : 0.000000,
          "N" : 0
        }
      },
      "job_runtime" : 480000,
      "usr_cpu" : 1.770208,
      "sys_cpu" : 7.340208,
      "ctx" : 2280922,
      "majf" : 0,
      "minf" : 582,
      "iodepth_level" : {
        "1" : 100.000000,
        "2" : 0.000000,
        "4" : 0.000000,
        "8" : 0.000000,
        "16" : 0.000000,
        "32" : 0.000000,
        ">=64" : 0.000000
      },
      "iodepth_submit" : {
        "0" : 0.000000,
        "4" : 100.000000,
        "8" : 0.000000,
        "16" : 0.000000,
        "32" : 0.000000,
        "64" : 0.000000,
        ">=64" : 0.000000
      },
      "iodepth_complete" : {
        "0" : 0.000000,
        "4" : 100.000000,
        "8" : 0.000000,
        "16" : 0.000000,
        "32" : 0.000000,
        "64" : 0.000000,
        ">=64" : 0.000000
      },
      "latency_ns" : {
        "2" : 0.000000,
        "4" : 0.000000,
        "10" : 0.000000,
        "20" : 0.000000,
        "50" : 0.000000,
        "100" : 0.000000,
        "250" : 0.000000,
        "500" : 0.010000,
        "750" : 0.010000,
        "1000" : 0.000000
      },
      "latency_us" : {
        "2" : 0.010000,
        "4" : 0.000000,
        "10" : 0.000000,
        "20" : 0.010000,
        "50" : 0.010000,
        "100" : 0.045555,
        "250" : 89.718443,
        "500" : 10.206056,
        "750" : 0.010000,
        "1000" : 0.010000
      },
      "latency_ms" : {
        "2" : 0.010000,
        "4" : 0.000000,
        "10" : 0.020344,
        "20" : 0.000000,
        "50" : 0.000000,
        "100" : 0.000000,
        "250" : 0.000000,
        "500" : 0.000000,
        "750" : 0.000000,
        "1000" : 0.000000,
        "2000" : 0.000000,
        ">=2000" : 0.000000
      },
      "latency_depth" : 1,
      "latency_target" : 0,
      "latency_percentile" : 100.000000,
      "latency_window" : 0
    }
  ],
  "disk_util" : [
    {
      "name" : "sdd",
      "read_ios" : 2648722,
      "write_ios" : 27,
      "read_sectors" : 21189776,
      "write_sectors" : 408,
      "read_merges" : 0,
      "write_merges" : 19,
      "read_ticks" : 507133,
      "write_ticks" : 14,
      "in_queue" : 507153,
      "util" : 99.757731
    }
  ]
}
