{
  "fio version" : "fio-3.36",
  "timestamp" : 1759393112,
  "timestamp_ms" : 1759393112983,
  "time" : "Thu Oct  1 22:18:32 2025",
  "jobs" : [
    {
      "jobname" : "NJ1_run1",
      "groupid" : 0,
      "job_start" : 1759393084367,
      "error" : 0,
      "eta" : 0,
      "elapsed" : 36,
      "job options" : {
        "name" : "NJ1_run1",
        "filename" : "/home/jaron/Repo-for-Advanced-Computer-Systems/Project3/testfile/fio_testfile",
        "direct" : "1",
        "ioengine" : "io_uring",
        "iodepth" : "1",
        "numjobs" : "1",
        "rw" : "randread",
        "bs" : "4k",
        "runtime" : "30s",
        "ramp_time" : "5s"
      },
      "read" : {
        "io_bytes" : 661884928,
        "io_kbytes" : 646372,
        "bw_bytes" : 22062095,
        "bw" : 21545,
        "iops" : 5386.253792,
        "runtime" : 30001,
        "total_ios" : 161593,
        "short_ios" : 0,
        "drop_ios" : 0,
        "slat_ns" : {
          "min" : 4034,
          "max" : 310093,
          "mean" : 7287.123068,
          "stddev" : 3287.075388,
          "N" : 161593
        },
        "clat_ns" : {
          "min" : 37955,
          "max" : 9579768,
          "mean" : 177545.523525,
          "stddev" : 117031.695755,
          "N" : 161593,
          "percentile" : {
            "1.000000" : 111104,
            "5.000000" : 123392,
            "10.000000" : 136192,
            "20.000000" : 166912,
            "30.000000" : 168960,
            "40.000000" : 171008,
            "50.000000" : 173056,
            "60.000000" : 181248,
            "70.000000" : 185344,
            "80.000000" : 187392,
            "90.000000" : 201728,
            "95.000000" : 214016,
            "99.000000" : 296960,
            "99.500000" : 407552,
            "99.900000" : 528384,
            "99.950000" : 864256,
            "99.990000" : 7766016
          }
        },
        "lat_ns" : {
          "min" : 101552,
          "max" : 9597910,
          "mean" : 184832.646594,
          "stddev" : 117450.612163,
          "N" : 161593
        },
        "bw_min" : 19320,
        "bw_max" : 23673,
        "bw_agg" : 100.000000,
        "bw_mean" : 21558.457627,
        "bw_dev" : 842.647190,
        "bw_samples" : 59,
        "iops_min" : 4830,
        "iops_max" : 5918,
        "iops_mean" : 5389.322034,
        "iops_stddev" : 210.691918,
        "iops_samples" : 59
      },
      "write" : {
        "io_bytes" : 0,
        "io_kbytes" : 0,
        "bw_bytes" : 0,
        "bw" : 0,
        "iops" : 0.000000,
        "runtime" : 0,
        "total_ios" : 0,
        "short_ios" : 0,
        "drop_ios" : 0,
        "slat_ns" : {
          "min" : 0,
          "max" : 0,
          "mean" : 0.000000,
          "stddev" : 0.000000,
          "N" : 0
        },
        "clat_ns" : {
          "min" : 0,
          "max" : 0,
          "mean" : 0.000000,
          "stddev" : 0.000000,
          "N" : 0
        },
        "lat_ns" : {
          "min" : 0,
          "max" : 0,
          "mean" : 0.000000,
          "stddev" : 0.000000,
          "N" : 0
        },
        "bw_min" : 0,
        "bw_max" : 0,
        "bw_agg" : 0.000000,
        "bw_mean" : 0.000000,
        "bw_dev" : 0.000000,
        "bw_samples" : 0,
        "iops_min" : 0,
        "iops_max" : 0,
        "iops_mean" : 0.000000,
        "iops_stddev" : 0.000000,
        "iops_samples" : 0
      },
      "trim" : {
        "io_bytes" : 0,
        "io_kbytes" : 0,
        "bw_bytes" : 0,
        "bw" : 0,
        "iops" : 0.000000,
        "runtime" : 0,
        "total_ios" : 0,
        "short_ios" : 0,
        "drop_ios" : 0,
        "slat_ns" : {
          "min" : 0,
          "max" : 0,
          "mean" : 0.000000,
          "stddev" : 0.000000,
          "N" : 0
        },
        "clat_ns" : {
          "min" : 0,
          "max" : 0,
          "mean" : 0.000000,
          "stddev" : 0.000000,
          "N" : 0
        },
        "lat_ns" : {
          "min" : 0,
          "max" : 0,
          "mean" : 0.000000,
          "stddev" : 0.000000,
          "N" : 0
        },
        "bw_min" : 0,
        "bw_max" : 0,
        "bw_agg" : 0.000000,
        "bw_mean" : 0.000000,
        "bw_dev" : 0.000000,
        "bw_samples" : 0,
        "iops_min" : 0,
        "iops_max" : 0,
        "iops_mean" : 0.000000,
        "iops_stddev" : 0.000000,
        "iops_samples" : 0
      },
      "sync" : {
        "total_ios" : 0,
        "lat_ns" : {
          "min" : 0,
          "max" : 0,
          "mean" : 0.000000,
          "stddev" : 0.000000,
          "N" : 0
        }
      },
      "job_runtime" : 30000,
      "usr_cpu" : 1.123333,
      "sys_cpu" : 6.510000,
      "ctx" : 161600,
      "majf" : 0,
      "minf" : 43,
      "iodepth_level" : {
        "1" : 100.000000,
        "2" : 0.000000,
        "4" : 0.000000,
        "8" : 0.000000,
        "16" : 0.000000,
        "32" : 0.000000,
        ">=64" : 0.000000
      },
      "iodepth_submit" : {
        "0" : 0.000000,
        "4" : 100.000000,
        "8" : 0.000000,
        "16" : 0.000000,
        "32" : 0.000000,
        "64" : 0.000000,
        ">=64" : 0.000000
      },
      "iodepth_complete" : {
        "0" : 0.000000,
        "4" : 100.000000,
        "8" : 0.000000,
        "16" : 0.000000,
        "32" : 0.000000,
        "64" : 0.000000,
        ">=64" : 0.000000
      },
      "latency_ns" : {
        "2" : 0.000000,
        "4" : 0.000000,
        "10" : 0.000000,
        "20" : 0.000000,
        "50" : 0.000000,
        "100" : 0.000000,
        "250" : 0.000000,
        "500" : 0.000000,
        "750" : 0.000000,
        "1000" : 0.000000
      },
      "latency_us" : {
        "2" : 0.000000,
        "4" : 0.000000,
        "10" : 0.000000,
        "20" : 0.000000,
        "50" : 0.010000,
        "100" : 0.010000,
        "250" : 98.615658,
        "500" : 1.249435,
        "750" : 0.073642,
        "1000" : 0.010000
      },
      "latency_ms" : {
        "2" : 0.017327,
        "4" : 0.010000,
        "10" : 0.021041,
        "20" : 0.000000,
        "50" : 0.000000,
        "100" : 0.000000,
        "250" : 0.000000,
        "500" : 0.000000,
        "750" : 0.000000,
        "1000" : 0.000000,
        "2000" : 0.000000,
        ">=2000" : 0.000000
      },
      "latency_depth" : 1,
      "latency_target" : 0,
      "latency_percentile" : 100.000000,
      "latency_window" : 0
    }
  ],
  "disk_util" : [
    {
      "name" : "sdd",
      "read_ios" : 188107,
      "write_ios" : 30,
      "read_sectors" : 1504856,
      "write_sectors" : 456,
      "read_merges" : 0,
      "write_merges" : 19,
      "read_ticks" : 32332,
      "write_ticks" : 14,
      "in_queue" : 32351,
      "util" : 83.139136
    }
  ]
}
