{
  "fio version" : "fio-3.36",
  "timestamp" : 1759393280,
  "timestamp_ms" : 1759393280854,
  "time" : "Thu Oct  1 22:21:20 2025",
  "jobs" : [
    {
      "jobname" : "NJ2_run3",
      "groupid" : 0,
      "job_start" : 1759393252255,
      "error" : 0,
      "eta" : 0,
      "elapsed" : 36,
      "job options" : {
        "name" : "NJ2_run3",
        "filename" : "/home/jaron/Repo-for-Advanced-Computer-Systems/Project3/testfile/fio_testfile",
        "direct" : "1",
        "ioengine" : "io_uring",
        "iodepth" : "1",
        "numjobs" : "2",
        "rw" : "randread",
        "bs" : "4k",
        "runtime" : "30s",
        "ramp_time" : "5s"
      },
      "read" : {
        "io_bytes" : 1322029056,
        "io_kbytes" : 1291044,
        "bw_bytes" : 44066166,
        "bw" : 43033,
        "iops" : 10758.341389,
        "runtime" : 30001,
        "total_ios" : 322761,
        "short_ios" : 0,
        "drop_ios" : 0,
        "slat_ns" : {
          "min" : 3246,
          "max" : 348851,
          "mean" : 7546.521823,
          "stddev" : 3873.598659,
          "N" : 322761
        },
        "clat_ns" : {
          "min" : 482,
          "max" : 9500715,
          "mean" : 177330.403757,
          "stddev" : 108399.931132,
          "N" : 322761,
          "percentile" : {
            "1.000000" : 108032,
            "5.000000" : 121344,
            "10.000000" : 130560,
            "20.000000" : 162816,
            "30.000000" : 168960,
            "40.000000" : 173056,
            "50.000000" : 177152,
            "60.000000" : 181248,
            "70.000000" : 185344,
            "80.000000" : 191488,
            "90.000000" : 199680,
            "95.000000" : 214016,
            "99.000000" : 366592,
            "99.500000" : 399360,
            "99.900000" : 493568,
            "99.950000" : 536576,
            "99.990000" : 7700480
          }
        },
        "lat_ns" : {
          "min" : 95618,
          "max" : 9511311,
          "mean" : 184876.925580,
          "stddev" : 108621.075189,
          "N" : 322761
        },
        "bw_min" : 41135,
        "bw_max" : 45341,
        "bw_agg" : 100.000000,
        "bw_mean" : 43072.661017,
        "bw_dev" : 400.123586,
        "bw_samples" : 118,
        "iops_min" : 10283,
        "iops_max" : 11335,
        "iops_mean" : 10767.610169,
        "iops_stddev" : 100.051955,
        "iops_samples" : 118
      },
      "write" : {
        "io_bytes" : 0,
        "io_kbytes" : 0,
        "bw_bytes" : 0,
        "bw" : 0,
        "iops" : 0.000000,
        "runtime" : 0,
        "total_ios" : 0,
        "short_ios" : 0,
        "drop_ios" : 0,
        "slat_ns" : {
          "min" : 0,
          "max" : 0,
          "mean" : 0.000000,
          "stddev" : 0.000000,
          "N" : 0
        },
        "clat_ns" : {
          "min" : 0,
          "max" : 0,
          "mean" : 0.000000,
          "stddev" : 0.000000,
          "N" : 0
        },
        "lat_ns" : {
          "min" : 0,
          "max" : 0,
          "mean" : 0.000000,
          "stddev" : 0.000000,
          "N" : 0
        },
        "bw_min" : 0,
        "bw_max" : 0,
        "bw_agg" : 0.000000,
        "bw_mean" : 0.000000,
        "bw_dev" : 0.000000,
        "bw_samples" : 0,
        "iops_min" : 0,
        "iops_max" : 0,
        "iops_mean" : 0.000000,
        "iops_stddev" : 0.000000,
        "iops_samples" : 0
      },
      "trim" : {
        "io_bytes" : 0,
        "io_kbytes" : 0,
        "bw_bytes" : 0,
        "bw" : 0,
        "iops" : 0.000000,
        "runtime" : 0,
        "total_ios" : 0,
        "short_ios" : 0,
        "drop_ios" : 0,
        "slat_ns" : {
          "min" : 0,
          "max" : 0,
          "mean" : 0.000000,
          "stddev" : 0.000000,
          "N" : 0
        },
        "clat_ns" : {
          "min" : 0,
          "max" : 0,
          "mean" : 0.000000,
          "stddev" : 0.000000,
          "N" : 0
        },
        "lat_ns" : {
          "min" : 0,
          "max" : 0,
          "mean" : 0.000000,
          "stddev" : 0.000000,
          "N" : 0
        },
        "bw_min" : 0,
        "bw_max" : 0,
        "bw_agg" : 0.000000,
        "bw_mean" : 0.000000,
        "bw_dev" : 0.000000,
        "bw_samples" : 0,
        "iops_min" : 0,
        "iops_max" : 0,
        "iops_mean" : 0.000000,
        "iops_stddev" : 0.000000,
        "iops_samples" : 0
      },
      "sync" : {
        "total_ios" : 0,
        "lat_ns" : {
          "min" : 0,
          "max" : 0,
          "mean" : 0.000000,
          "stddev" : 0.000000,
          "N" : 0
        }
      },
      "job_runtime" : 60000,
      "usr_cpu" : 1.228333,
      "sys_cpu" : 6.800000,
      "ctx" : 322762,
      "majf" : 0,
      "minf" : 73,
      "iodepth_level" : {
        "1" : 100.000000,
        "2" : 0.000000,
        "4" : 0.000000,
        "8" : 0.000000,
        "16" : 0.000000,
        "32" : 0.000000,
        ">=64" : 0.000000
      },
      "iodepth_submit" : {
        "0" : 0.000000,
        "4" : 100.000000,
        "8" : 0.000000,
        "16" : 0.000000,
        "32" : 0.000000,
        "64" : 0.000000,
        ">=64" : 0.000000
      },
      "iodepth_complete" : {
        "0" : 0.000000,
        "4" : 100.000000,
        "8" : 0.000000,
        "16" : 0.000000,
        "32" : 0.000000,
        "64" : 0.000000,
        ">=64" : 0.000000
      },
      "latency_ns" : {
        "2" : 0.000000,
        "4" : 0.000000,
        "10" : 0.000000,
        "20" : 0.000000,
        "50" : 0.000000,
        "100" : 0.000000,
        "250" : 0.000000,
        "500" : 0.010000,
        "750" : 0.000000,
        "1000" : 0.000000
      },
      "latency_us" : {
        "2" : 0.000000,
        "4" : 0.000000,
        "10" : 0.010000,
        "20" : 0.000000,
        "50" : 0.000000,
        "100" : 0.085822,
        "250" : 98.387042,
        "500" : 1.434188,
        "750" : 0.069091,
        "1000" : 0.010000
      },
      "latency_ms" : {
        "2" : 0.010000,
        "4" : 0.010000,
        "10" : 0.017970,
        "20" : 0.000000,
        "50" : 0.000000,
        "100" : 0.000000,
        "250" : 0.000000,
        "500" : 0.000000,
        "750" : 0.000000,
        "1000" : 0.000000,
        "2000" : 0.000000,
        ">=2000" : 0.000000
      },
      "latency_depth" : 1,
      "latency_target" : 0,
      "latency_percentile" : 100.000000,
      "latency_window" : 0
    }
  ],
  "disk_util" : [
    {
      "name" : "sdd",
      "read_ios" : 373207,
      "write_ios" : 29,
      "read_sectors" : 2985656,
      "write_sectors" : 488,
      "read_merges" : 0,
      "write_merges" : 24,
      "read_ticks" : 64204,
      "write_ticks" : 14,
      "in_queue" : 64222,
      "util" : 98.674166
    }
  ]
}
