{
  "fio version" : "fio-3.36",
  "timestamp" : 1759393213,
  "timestamp_ms" : 1759393213128,
  "time" : "Thu Oct  1 22:20:13 2025",
  "jobs" : [
    {
      "jobname" : "NJ2_run1",
      "groupid" : 0,
      "job_start" : 1759393184572,
      "error" : 0,
      "eta" : 0,
      "elapsed" : 36,
      "job options" : {
        "name" : "NJ2_run1",
        "filename" : "/home/jaron/Repo-for-Advanced-Computer-Systems/Project3/testfile/fio_testfile",
        "direct" : "1",
        "ioengine" : "io_uring",
        "iodepth" : "1",
        "numjobs" : "2",
        "rw" : "randread",
        "bs" : "4k",
        "runtime" : "30s",
        "ramp_time" : "5s"
      },
      "read" : {
        "io_bytes" : 1316290560,
        "io_kbytes" : 1285440,
        "bw_bytes" : 43874889,
        "bw" : 42846,
        "iops" : 10711.642945,
        "runtime" : 30001,
        "total_ios" : 321360,
        "short_ios" : 0,
        "drop_ios" : 0,
        "slat_ns" : {
          "min" : 3184,
          "max" : 255368,
          "mean" : 7712.086143,
          "stddev" : 3768.946341,
          "N" : 321360
        },
        "clat_ns" : {
          "min" : 503,
          "max" : 8049641,
          "mean" : 177911.669657,
          "stddev" : 107768.567367,
          "N" : 321360,
          "percentile" : {
            "1.000000" : 108032,
            "5.000000" : 121344,
            "10.000000" : 130560,
            "20.000000" : 162816,
            "30.000000" : 171008,
            "40.000000" : 173056,
            "50.000000" : 177152,
            "60.000000" : 181248,
            "70.000000" : 185344,
            "80.000000" : 191488,
            "90.000000" : 203776,
            "95.000000" : 216064,
            "99.000000" : 325632,
            "99.500000" : 391168,
            "99.900000" : 477184,
            "99.950000" : 528384,
            "99.990000" : 7766016
          }
        },
        "lat_ns" : {
          "min" : 95330,
          "max" : 8059017,
          "mean" : 185623.755800,
          "stddev" : 107990.557071,
          "N" : 321360
        },
        "bw_min" : 40134,
        "bw_max" : 45215,
        "bw_agg" : 100.000000,
        "bw_mean" : 42887.135593,
        "bw_dev" : 582.527501,
        "bw_samples" : 118,
        "iops_min" : 10032,
        "iops_max" : 11303,
        "iops_mean" : 10721.050847,
        "iops_stddev" : 145.722001,
        "iops_samples" : 118
      },
      "write" : {
        "io_bytes" : 0,
        "io_kbytes" : 0,
        "bw_bytes" : 0,
        "bw" : 0,
        "iops" : 0.000000,
        "runtime" : 0,
        "total_ios" : 0,
        "short_ios" : 0,
        "drop_ios" : 0,
        "slat_ns" : {
          "min" : 0,
          "max" : 0,
          "mean" : 0.000000,
          "stddev" : 0.000000,
          "N" : 0
        },
        "clat_ns" : {
          "min" : 0,
          "max" : 0,
          "mean" : 0.000000,
          "stddev" : 0.000000,
          "N" : 0
        },
        "lat_ns" : {
          "min" : 0,
          "max" : 0,
          "mean" : 0.000000,
          "stddev" : 0.000000,
          "N" : 0
        },
        "bw_min" : 0,
        "bw_max" : 0,
        "bw_agg" : 0.000000,
        "bw_mean" : 0.000000,
        "bw_dev" : 0.000000,
        "bw_samples" : 0,
        "iops_min" : 0,
        "iops_max" : 0,
        "iops_mean" : 0.000000,
        "iops_stddev" : 0.000000,
        "iops_samples" : 0
      },
      "trim" : {
        "io_bytes" : 0,
        "io_kbytes" : 0,
        "bw_bytes" : 0,
        "bw" : 0,
        "iops" : 0.000000,
        "runtime" : 0,
        "total_ios" : 0,
        "short_ios" : 0,
        "drop_ios" : 0,
        "slat_ns" : {
          "min" : 0,
          "max" : 0,
          "mean" : 0.000000,
          "stddev" : 0.000000,
          "N" : 0
        },
        "clat_ns" : {
          "min" : 0,
          "max" : 0,
          "mean" : 0.000000,
          "stddev" : 0.000000,
          "N" : 0
        },
        "lat_ns" : {
          "min" : 0,
          "max" : 0,
          "mean" : 0.000000,
          "stddev" : 0.000000,
          "N" : 0
        },
        "bw_min" : 0,
        "bw_max" : 0,
        "bw_agg" : 0.000000,
        "bw_mean" : 0.000000,
        "bw_dev" : 0.000000,
        "bw_samples" : 0,
        "iops_min" : 0,
        "iops_max" : 0,
        "iops_mean" : 0.000000,
        "iops_stddev" : 0.000000,
        "iops_samples" : 0
      },
      "sync" : {
        "total_ios" : 0,
        "lat_ns" : {
          "min" : 0,
          "max" : 0,
          "mean" : 0.000000,
          "stddev" : 0.000000,
          "N" : 0
        }
      },
      "job_runtime" : 60000,
      "usr_cpu" : 1.353333,
      "sys_cpu" : 6.781667,
      "ctx" : 321361,
      "majf" : 0,
      "minf" : 73,
      "iodepth_level" : {
        "1" : 100.000000,
        "2" : 0.000000,
        "4" : 0.000000,
        "8" : 0.000000,
        "16" : 0.000000,
        "32" : 0.000000,
        ">=64" : 0.000000
      },
      "iodepth_submit" : {
        "0" : 0.000000,
        "4" : 100.000000,
        "8" : 0.000000,
        "16" : 0.000000,
        "32" : 0.000000,
        "64" : 0.000000,
        ">=64" : 0.000000
      },
      "iodepth_complete" : {
        "0" : 0.000000,
        "4" : 100.000000,
        "8" : 0.000000,
        "16" : 0.000000,
        "32" : 0.000000,
        "64" : 0.000000,
        ">=64" : 0.000000
      },
      "latency_ns" : {
        "2" : 0.000000,
        "4" : 0.000000,
        "10" : 0.000000,
        "20" : 0.000000,
        "50" : 0.000000,
        "100" : 0.000000,
        "250" : 0.000000,
        "500" : 0.000000,
        "750" : 0.010000,
        "1000" : 0.000000
      },
      "latency_us" : {
        "2" : 0.000000,
        "4" : 0.000000,
        "10" : 0.010000,
        "20" : 0.000000,
        "50" : 0.010000,
        "100" : 0.092731,
        "250" : 98.330844,
        "500" : 1.498942,
        "750" : 0.054767,
        "1000" : 0.010000
      },
      "latency_ms" : {
        "2" : 0.010000,
        "4" : 0.000000,
        "10" : 0.018048,
        "20" : 0.000000,
        "50" : 0.000000,
        "100" : 0.000000,
        "250" : 0.000000,
        "500" : 0.000000,
        "750" : 0.000000,
        "1000" : 0.000000,
        "2000" : 0.000000,
        ">=2000" : 0.000000
      },
      "latency_depth" : 1,
      "latency_target" : 0,
      "latency_percentile" : 100.000000,
      "latency_window" : 0
    }
  ],
  "disk_util" : [
    {
      "name" : "sdd",
      "read_ios" : 371496,
      "write_ios" : 32,
      "read_sectors" : 2971968,
      "write_sectors" : 520,
      "read_merges" : 0,
      "write_merges" : 26,
      "read_ticks" : 64082,
      "write_ticks" : 13,
      "in_queue" : 64099,
      "util" : 97.655220
    }
  ]
}
