{
  "fio version" : "fio-3.36",
  "timestamp" : 1759393246,
  "timestamp_ms" : 1759393246995,
  "time" : "Thu Oct  1 22:20:46 2025",
  "jobs" : [
    {
      "jobname" : "NJ2_run2",
      "groupid" : 0,
      "job_start" : 1759393218387,
      "error" : 0,
      "eta" : 0,
      "elapsed" : 36,
      "job options" : {
        "name" : "NJ2_run2",
        "filename" : "/home/jaron/Repo-for-Advanced-Computer-Systems/Project3/testfile/fio_testfile",
        "direct" : "1",
        "ioengine" : "io_uring",
        "iodepth" : "1",
        "numjobs" : "2",
        "rw" : "randread",
        "bs" : "4k",
        "runtime" : "30s",
        "ramp_time" : "5s"
      },
      "read" : {
        "io_bytes" : 1324392448,
        "io_kbytes" : 1293352,
        "bw_bytes" : 44144943,
        "bw" : 43110,
        "iops" : 10777.574081,
        "runtime" : 30001,
        "total_ios" : 323338,
        "short_ios" : 0,
        "drop_ios" : 0,
        "slat_ns" : {
          "min" : 3238,
          "max" : 210722,
          "mean" : 7409.137701,
          "stddev" : 3681.053503,
          "N" : 323338
        },
        "clat_ns" : {
          "min" : 388,
          "max" : 7878274,
          "mean" : 177205.239427,
          "stddev" : 106903.344290,
          "N" : 323338,
          "percentile" : {
            "1.000000" : 108032,
            "5.000000" : 121344,
            "10.000000" : 132096,
            "20.000000" : 164864,
            "30.000000" : 168960,
            "40.000000" : 173056,
            "50.000000" : 177152,
            "60.000000" : 181248,
            "70.000000" : 185344,
            "80.000000" : 191488,
            "90.000000" : 201728,
            "95.000000" : 214016,
            "99.000000" : 321536,
            "99.500000" : 387072,
            "99.900000" : 473088,
            "99.950000" : 522240,
            "99.990000" : 7766016
          }
        },
        "lat_ns" : {
          "min" : 94843,
          "max" : 7887915,
          "mean" : 184614.377129,
          "stddev" : 107133.461850,
          "N" : 323338
        },
        "bw_min" : 40199,
        "bw_max" : 44544,
        "bw_agg" : 100.000000,
        "bw_mean" : 43160.898305,
        "bw_dev" : 484.329364,
        "bw_samples" : 118,
        "iops_min" : 10049,
        "iops_max" : 11136,
        "iops_mean" : 10789.728814,
        "iops_stddev" : 121.150408,
        "iops_samples" : 118
      },
      "write" : {
        "io_bytes" : 0,
        "io_kbytes" : 0,
        "bw_bytes" : 0,
        "bw" : 0,
        "iops" : 0.000000,
        "runtime" : 0,
        "total_ios" : 0,
        "short_ios" : 0,
        "drop_ios" : 0,
        "slat_ns" : {
          "min" : 0,
          "max" : 0,
          "mean" : 0.000000,
          "stddev" : 0.000000,
          "N" : 0
        },
        "clat_ns" : {
          "min" : 0,
          "max" : 0,
          "mean" : 0.000000,
          "stddev" : 0.000000,
          "N" : 0
        },
        "lat_ns" : {
          "min" : 0,
          "max" : 0,
          "mean" : 0.000000,
          "stddev" : 0.000000,
          "N" : 0
        },
        "bw_min" : 0,
        "bw_max" : 0,
        "bw_agg" : 0.000000,
        "bw_mean" : 0.000000,
        "bw_dev" : 0.000000,
        "bw_samples" : 0,
        "iops_min" : 0,
        "iops_max" : 0,
        "iops_mean" : 0.000000,
        "iops_stddev" : 0.000000,
        "iops_samples" : 0
      },
      "trim" : {
        "io_bytes" : 0,
        "io_kbytes" : 0,
        "bw_bytes" : 0,
        "bw" : 0,
        "iops" : 0.000000,
        "runtime" : 0,
        "total_ios" : 0,
        "short_ios" : 0,
        "drop_ios" : 0,
        "slat_ns" : {
          "min" : 0,
          "max" : 0,
          "mean" : 0.000000,
          "stddev" : 0.000000,
          "N" : 0
        },
        "clat_ns" : {
          "min" : 0,
          "max" : 0,
          "mean" : 0.000000,
          "stddev" : 0.000000,
          "N" : 0
        },
        "lat_ns" : {
          "min" : 0,
          "max" : 0,
          "mean" : 0.000000,
          "stddev" : 0.000000,
          "N" : 0
        },
        "bw_min" : 0,
        "bw_max" : 0,
        "bw_agg" : 0.000000,
        "bw_mean" : 0.000000,
        "bw_dev" : 0.000000,
        "bw_samples" : 0,
        "iops_min" : 0,
        "iops_max" : 0,
        "iops_mean" : 0.000000,
        "iops_stddev" : 0.000000,
        "iops_samples" : 0
      },
      "sync" : {
        "total_ios" : 0,
        "lat_ns" : {
          "min" : 0,
          "max" : 0,
          "mean" : 0.000000,
          "stddev" : 0.000000,
          "N" : 0
        }
      },
      "job_runtime" : 60000,
      "usr_cpu" : 1.476667,
      "sys_cpu" : 6.513333,
      "ctx" : 323339,
      "majf" : 0,
      "minf" : 74,
      "iodepth_level" : {
        "1" : 100.000000,
        "2" : 0.000000,
        "4" : 0.000000,
        "8" : 0.000000,
        "16" : 0.000000,
        "32" : 0.000000,
        ">=64" : 0.000000
      },
      "iodepth_submit" : {
        "0" : 0.000000,
        "4" : 100.000000,
        "8" : 0.000000,
        "16" : 0.000000,
        "32" : 0.000000,
        "64" : 0.000000,
        ">=64" : 0.000000
      },
      "iodepth_complete" : {
        "0" : 0.000000,
        "4" : 100.000000,
        "8" : 0.000000,
        "16" : 0.000000,
        "32" : 0.000000,
        "64" : 0.000000,
        ">=64" : 0.000000
      },
      "latency_ns" : {
        "2" : 0.000000,
        "4" : 0.000000,
        "10" : 0.000000,
        "20" : 0.000000,
        "50" : 0.000000,
        "100" : 0.000000,
        "250" : 0.000000,
        "500" : 0.010000,
        "750" : 0.000000,
        "1000" : 0.000000
      },
      "latency_us" : {
        "2" : 0.000000,
        "4" : 0.000000,
        "10" : 0.000000,
        "20" : 0.000000,
        "50" : 0.000000,
        "100" : 0.117215,
        "250" : 98.552598,
        "500" : 1.262147,
        "750" : 0.048247,
        "1000" : 0.010000
      },
      "latency_ms" : {
        "2" : 0.010000,
        "4" : 0.000000,
        "10" : 0.017938,
        "20" : 0.000000,
        "50" : 0.000000,
        "100" : 0.000000,
        "250" : 0.000000,
        "500" : 0.000000,
        "750" : 0.000000,
        "1000" : 0.000000,
        "2000" : 0.000000,
        ">=2000" : 0.000000
      },
      "latency_depth" : 1,
      "latency_target" : 0,
      "latency_percentile" : 100.000000,
      "latency_window" : 0
    }
  ],
  "disk_util" : [
    {
      "name" : "sdd",
      "read_ios" : 374369,
      "write_ios" : 37,
      "read_sectors" : 2994952,
      "write_sectors" : 544,
      "read_merges" : 0,
      "write_merges" : 22,
      "read_ticks" : 64297,
      "write_ticks" : 16,
      "in_queue" : 64318,
      "util" : 97.697858
    }
  ]
}
