{
  "fio version" : "fio-3.36",
  "timestamp" : 1759394019,
  "timestamp_ms" : 1759394019541,
  "time" : "Thu Oct  1 22:33:39 2025",
  "jobs" : [
    {
      "jobname" : "NJ32,_run2",
      "groupid" : 0,
      "job_start" : 1759393990967,
      "error" : 0,
      "eta" : 0,
      "elapsed" : 36,
      "job options" : {
        "name" : "NJ32,_run2",
        "filename" : "/home/jaron/Repo-for-Advanced-Computer-Systems/Project3/testfile/fio_testfile",
        "direct" : "1",
        "ioengine" : "io_uring",
        "iodepth" : "1",
        "numjobs" : "32,",
        "rw" : "randread",
        "bs" : "4k",
        "runtime" : "30s",
        "ramp_time" : "5s"
      },
      "read" : {
        "io_bytes" : 15543218176,
        "io_kbytes" : 15178924,
        "bw_bytes" : 518072734,
        "bw" : 505930,
        "iops" : 126482.567829,
        "runtime" : 30002,
        "total_ios" : 3794730,
        "short_ios" : 0,
        "drop_ios" : 0,
        "slat_ns" : {
          "min" : 3105,
          "max" : 7732070,
          "mean" : 9897.608637,
          "stddev" : 17154.664212,
          "N" : 3794731
        },
        "clat_ns" : {
          "min" : 230,
          "max" : 20950701,
          "mean" : 241461.173572,
          "stddev" : 151252.316151,
          "N" : 3794730,
          "percentile" : {
            "1.000000" : 129536,
            "5.000000" : 148480,
            "10.000000" : 160768,
            "20.000000" : 191488,
            "30.000000" : 211968,
            "40.000000" : 224256,
            "50.000000" : 236544,
            "60.000000" : 248832,
            "70.000000" : 264192,
            "80.000000" : 280576,
            "90.000000" : 305152,
            "95.000000" : 333824,
            "99.000000" : 407552,
            "99.500000" : 456704,
            "99.900000" : 880640,
            "99.950000" : 1728512,
            "99.990000" : 7897088
          }
        },
        "lat_ns" : {
          "min" : 97394,
          "max" : 20955893,
          "mean" : 251358.782772,
          "stddev" : 152152.567100,
          "N" : 3794730
        },
        "bw_min" : 435112,
        "bw_max" : 526561,
        "bw_agg" : 100.000000,
        "bw_mean" : 506400.629096,
        "bw_dev" : 464.562318,
        "bw_samples" : 1893,
        "iops_min" : 108778,
        "iops_max" : 131638,
        "iops_mean" : 126592.547458,
        "iops_stddev" : 116.197114,
        "iops_samples" : 1893
      },
      "write" : {
        "io_bytes" : 0,
        "io_kbytes" : 0,
        "bw_bytes" : 0,
        "bw" : 0,
        "iops" : 0.000000,
        "runtime" : 0,
        "total_ios" : 0,
        "short_ios" : 0,
        "drop_ios" : 0,
        "slat_ns" : {
          "min" : 0,
          "max" : 0,
          "mean" : 0.000000,
          "stddev" : 0.000000,
          "N" : 0
        },
        "clat_ns" : {
          "min" : 0,
          "max" : 0,
          "mean" : 0.000000,
          "stddev" : 0.000000,
          "N" : 0
        },
        "lat_ns" : {
          "min" : 0,
          "max" : 0,
          "mean" : 0.000000,
          "stddev" : 0.000000,
          "N" : 0
        },
        "bw_min" : 0,
        "bw_max" : 0,
        "bw_agg" : 0.000000,
        "bw_mean" : 0.000000,
        "bw_dev" : 0.000000,
        "bw_samples" : 0,
        "iops_min" : 0,
        "iops_max" : 0,
        "iops_mean" : 0.000000,
        "iops_stddev" : 0.000000,
        "iops_samples" : 0
      },
      "trim" : {
        "io_bytes" : 0,
        "io_kbytes" : 0,
        "bw_bytes" : 0,
        "bw" : 0,
        "iops" : 0.000000,
        "runtime" : 0,
        "total_ios" : 0,
        "short_ios" : 0,
        "drop_ios" : 0,
        "slat_ns" : {
          "min" : 0,
          "max" : 0,
          "mean" : 0.000000,
          "stddev" : 0.000000,
          "N" : 0
        },
        "clat_ns" : {
          "min" : 0,
          "max" : 0,
          "mean" : 0.000000,
          "stddev" : 0.000000,
          "N" : 0
        },
        "lat_ns" : {
          "min" : 0,
          "max" : 0,
          "mean" : 0.000000,
          "stddev" : 0.000000,
          "N" : 0
        },
        "bw_min" : 0,
        "bw_max" : 0,
        "bw_agg" : 0.000000,
        "bw_mean" : 0.000000,
        "bw_dev" : 0.000000,
        "bw_samples" : 0,
        "iops_min" : 0,
        "iops_max" : 0,
        "iops_mean" : 0.000000,
        "iops_stddev" : 0.000000,
        "iops_samples" : 0
      },
      "sync" : {
        "total_ios" : 0,
        "lat_ns" : {
          "min" : 0,
          "max" : 0,
          "mean" : 0.000000,
          "stddev" : 0.000000,
          "N" : 0
        }
      },
      "job_runtime" : 960009,
      "usr_cpu" : 1.681963,
      "sys_cpu" : 7.725761,
      "ctx" : 3795267,
      "majf" : 0,
      "minf" : 1164,
      "iodepth_level" : {
        "1" : 100.000000,
        "2" : 0.000000,
        "4" : 0.000000,
        "8" : 0.000000,
        "16" : 0.000000,
        "32" : 0.000000,
        ">=64" : 0.000000
      },
      "iodepth_submit" : {
        "0" : 0.000000,
        "4" : 100.000000,
        "8" : 0.000000,
        "16" : 0.000000,
        "32" : 0.000000,
        "64" : 0.000000,
        ">=64" : 0.000000
      },
      "iodepth_complete" : {
        "0" : 0.000000,
        "4" : 100.000000,
        "8" : 0.000000,
        "16" : 0.000000,
        "32" : 0.000000,
        "64" : 0.000000,
        ">=64" : 0.000000
      },
      "latency_ns" : {
        "2" : 0.000000,
        "4" : 0.000000,
        "10" : 0.000000,
        "20" : 0.000000,
        "50" : 0.000000,
        "100" : 0.000000,
        "250" : 0.010000,
        "500" : 0.010000,
        "750" : 0.010000,
        "1000" : 0.010000
      },
      "latency_us" : {
        "2" : 0.010000,
        "4" : 0.010000,
        "10" : 0.010000,
        "20" : 0.010000,
        "50" : 0.010000,
        "100" : 0.039107,
        "250" : 60.925705,
        "500" : 38.676032,
        "750" : 0.209317,
        "1000" : 0.048620
      },
      "latency_ms" : {
        "2" : 0.038369,
        "4" : 0.011700,
        "10" : 0.033467,
        "20" : 0.010000,
        "50" : 0.010000,
        "100" : 0.000000,
        "250" : 0.000000,
        "500" : 0.000000,
        "750" : 0.000000,
        "1000" : 0.000000,
        "2000" : 0.000000,
        ">=2000" : 0.000000
      },
      "latency_depth" : 1,
      "latency_target" : 0,
      "latency_percentile" : 100.000000,
      "latency_window" : 0
    }
  ],
  "disk_util" : [
    {
      "name" : "sdd",
      "read_ios" : 4417414,
      "write_ios" : 24,
      "read_sectors" : 35339312,
      "write_sectors" : 448,
      "read_merges" : 0,
      "write_merges" : 21,
      "read_ticks" : 1013204,
      "write_ticks" : 16,
      "in_queue" : 1013225,
      "util" : 99.754888
    }
  ]
}
