{
  "fio version" : "fio-3.36",
  "timestamp" : 1759394053,
  "timestamp_ms" : 1759394053407,
  "time" : "Thu Oct  1 22:34:13 2025",
  "jobs" : [
    {
      "jobname" : "NJ32,_run3",
      "groupid" : 0,
      "job_start" : 1759394024835,
      "error" : 0,
      "eta" : 0,
      "elapsed" : 36,
      "job options" : {
        "name" : "NJ32,_run3",
        "filename" : "/home/jaron/Repo-for-Advanced-Computer-Systems/Project3/testfile/fio_testfile",
        "direct" : "1",
        "ioengine" : "io_uring",
        "iodepth" : "1",
        "numjobs" : "32,",
        "rw" : "randread",
        "bs" : "4k",
        "runtime" : "30s",
        "ramp_time" : "5s"
      },
      "read" : {
        "io_bytes" : 15686254592,
        "io_kbytes" : 15318608,
        "bw_bytes" : 522822870,
        "bw" : 510569,
        "iops" : 127642.235776,
        "runtime" : 30003,
        "total_ios" : 3829650,
        "short_ios" : 0,
        "drop_ios" : 0,
        "slat_ns" : {
          "min" : 3126,
          "max" : 6234154,
          "mean" : 9470.863249,
          "stddev" : 13689.102176,
          "N" : 3829652
        },
        "clat_ns" : {
          "min" : 200,
          "max" : 10544155,
          "mean" : 239698.831846,
          "stddev" : 136067.039513,
          "N" : 3829650,
          "percentile" : {
            "1.000000" : 129536,
            "5.000000" : 148480,
            "10.000000" : 160768,
            "20.000000" : 189440,
            "30.000000" : 211968,
            "40.000000" : 224256,
            "50.000000" : 236544,
            "60.000000" : 248832,
            "70.000000" : 261120,
            "80.000000" : 280576,
            "90.000000" : 305152,
            "95.000000" : 329728,
            "99.000000" : 395264,
            "99.500000" : 428032,
            "99.900000" : 618496,
            "99.950000" : 913408,
            "99.990000" : 7897088
          }
        },
        "lat_ns" : {
          "min" : 96660,
          "max" : 10590268,
          "mean" : 249169.670302,
          "stddev" : 136681.115274,
          "N" : 3829650
        },
        "bw_min" : 476800,
        "bw_max" : 528149,
        "bw_agg" : 100.000000,
        "bw_mean" : 511252.066102,
        "bw_dev" : 306.544081,
        "bw_samples" : 1894,
        "iops_min" : 119191,
        "iops_max" : 132034,
        "iops_mean" : 127807.712429,
        "iops_stddev" : 76.742498,
        "iops_samples" : 1894
      },
      "write" : {
        "io_bytes" : 0,
        "io_kbytes" : 0,
        "bw_bytes" : 0,
        "bw" : 0,
        "iops" : 0.000000,
        "runtime" : 0,
        "total_ios" : 0,
        "short_ios" : 0,
        "drop_ios" : 0,
        "slat_ns" : {
          "min" : 0,
          "max" : 0,
          "mean" : 0.000000,
          "stddev" : 0.000000,
          "N" : 0
        },
        "clat_ns" : {
          "min" : 0,
          "max" : 0,
          "mean" : 0.000000,
          "stddev" : 0.000000,
          "N" : 0
        },
        "lat_ns" : {
          "min" : 0,
          "max" : 0,
          "mean" : 0.000000,
          "stddev" : 0.000000,
          "N" : 0
        },
        "bw_min" : 0,
        "bw_max" : 0,
        "bw_agg" : 0.000000,
        "bw_mean" : 0.000000,
        "bw_dev" : 0.000000,
        "bw_samples" : 0,
        "iops_min" : 0,
        "iops_max" : 0,
        "iops_mean" : 0.000000,
        "iops_stddev" : 0.000000,
        "iops_samples" : 0
      },
      "trim" : {
        "io_bytes" : 0,
        "io_kbytes" : 0,
        "bw_bytes" : 0,
        "bw" : 0,
        "iops" : 0.000000,
        "runtime" : 0,
        "total_ios" : 0,
        "short_ios" : 0,
        "drop_ios" : 0,
        "slat_ns" : {
          "min" : 0,
          "max" : 0,
          "mean" : 0.000000,
          "stddev" : 0.000000,
          "N" : 0
        },
        "clat_ns" : {
          "min" : 0,
          "max" : 0,
          "mean" : 0.000000,
          "stddev" : 0.000000,
          "N" : 0
        },
        "lat_ns" : {
          "min" : 0,
          "max" : 0,
          "mean" : 0.000000,
          "stddev" : 0.000000,
          "N" : 0
        },
        "bw_min" : 0,
        "bw_max" : 0,
        "bw_agg" : 0.000000,
        "bw_mean" : 0.000000,
        "bw_dev" : 0.000000,
        "bw_samples" : 0,
        "iops_min" : 0,
        "iops_max" : 0,
        "iops_mean" : 0.000000,
        "iops_stddev" : 0.000000,
        "iops_samples" : 0
      },
      "sync" : {
        "total_ios" : 0,
        "lat_ns" : {
          "min" : 0,
          "max" : 0,
          "mean" : 0.000000,
          "stddev" : 0.000000,
          "N" : 0
        }
      },
      "job_runtime" : 960009,
      "usr_cpu" : 1.736338,
      "sys_cpu" : 7.453680,
      "ctx" : 3830251,
      "majf" : 0,
      "minf" : 1166,
      "iodepth_level" : {
        "1" : 100.000000,
        "2" : 0.000000,
        "4" : 0.000000,
        "8" : 0.000000,
        "16" : 0.000000,
        "32" : 0.000000,
        ">=64" : 0.000000
      },
      "iodepth_submit" : {
        "0" : 0.000000,
        "4" : 100.000000,
        "8" : 0.000000,
        "16" : 0.000000,
        "32" : 0.000000,
        "64" : 0.000000,
        ">=64" : 0.000000
      },
      "iodepth_complete" : {
        "0" : 0.000000,
        "4" : 100.000000,
        "8" : 0.000000,
        "16" : 0.000000,
        "32" : 0.000000,
        "64" : 0.000000,
        ">=64" : 0.000000
      },
      "latency_ns" : {
        "2" : 0.000000,
        "4" : 0.000000,
        "10" : 0.000000,
        "20" : 0.000000,
        "50" : 0.000000,
        "100" : 0.000000,
        "250" : 0.010000,
        "500" : 0.010000,
        "750" : 0.010000,
        "1000" : 0.010000
      },
      "latency_us" : {
        "2" : 0.010000,
        "4" : 0.010000,
        "10" : 0.010000,
        "20" : 0.010000,
        "50" : 0.010000,
        "100" : 0.034990,
        "250" : 61.094251,
        "500" : 38.658363,
        "750" : 0.133224,
        "1000" : 0.021307
      },
      "latency_ms" : {
        "2" : 0.015511,
        "4" : 0.010000,
        "10" : 0.026008,
        "20" : 0.010000,
        "50" : 0.000000,
        "100" : 0.000000,
        "250" : 0.000000,
        "500" : 0.000000,
        "750" : 0.000000,
        "1000" : 0.000000,
        "2000" : 0.000000,
        ">=2000" : 0.000000
      },
      "latency_depth" : 1,
      "latency_target" : 0,
      "latency_percentile" : 100.000000,
      "latency_window" : 0
    }
  ],
  "disk_util" : [
    {
      "name" : "sdd",
      "read_ios" : 4445588,
      "write_ios" : 26,
      "read_sectors" : 35564704,
      "write_sectors" : 456,
      "read_merges" : 0,
      "write_merges" : 25,
      "read_ticks" : 1014627,
      "write_ticks" : 17,
      "in_queue" : 1014651,
      "util" : 99.763445
    }
  ]
}
