{
  "fio version" : "fio-3.36",
  "timestamp" : 1759393985,
  "timestamp_ms" : 1759393985678,
  "time" : "Thu Oct  1 22:33:05 2025",
  "jobs" : [
    {
      "jobname" : "NJ32,_run1",
      "groupid" : 0,
      "job_start" : 1759393957093,
      "error" : 0,
      "eta" : 0,
      "elapsed" : 36,
      "job options" : {
        "name" : "NJ32,_run1",
        "filename" : "/home/jaron/Repo-for-Advanced-Computer-Systems/Project3/testfile/fio_testfile",
        "direct" : "1",
        "ioengine" : "io_uring",
        "iodepth" : "1",
        "numjobs" : "32,",
        "rw" : "randread",
        "bs" : "4k",
        "runtime" : "30s",
        "ramp_time" : "5s"
      },
      "read" : {
        "io_bytes" : 15689625600,
        "io_kbytes" : 15321900,
        "bw_bytes" : 522935226,
        "bw" : 510678,
        "iops" : 127669.666367,
        "runtime" : 30003,
        "total_ios" : 3830473,
        "short_ios" : 0,
        "drop_ios" : 0,
        "slat_ns" : {
          "min" : 3063,
          "max" : 5081956,
          "mean" : 9448.644870,
          "stddev" : 12957.367885,
          "N" : 3830475
        },
        "clat_ns" : {
          "min" : 220,
          "max" : 9999281,
          "mean" : 239634.936255,
          "stddev" : 137237.933810,
          "N" : 3830473,
          "percentile" : {
            "1.000000" : 129536,
            "5.000000" : 148480,
            "10.000000" : 160768,
            "20.000000" : 189440,
            "30.000000" : 211968,
            "40.000000" : 224256,
            "50.000000" : 236544,
            "60.000000" : 248832,
            "70.000000" : 261120,
            "80.000000" : 276480,
            "90.000000" : 305152,
            "95.000000" : 329728,
            "99.000000" : 395264,
            "99.500000" : 432128,
            "99.900000" : 643072,
            "99.950000" : 987136,
            "99.990000" : 7897088
          }
        },
        "lat_ns" : {
          "min" : 100477,
          "max" : 10005101,
          "mean" : 249083.579627,
          "stddev" : 137731.227433,
          "N" : 3830473
        },
        "bw_min" : 451679,
        "bw_max" : 533518,
        "bw_agg" : 100.000000,
        "bw_mean" : 511270.205650,
        "bw_dev" : 444.326809,
        "bw_samples" : 1892,
        "iops_min" : 112914,
        "iops_max" : 133376,
        "iops_mean" : 127812.645763,
        "iops_stddev" : 111.164569,
        "iops_samples" : 1892
      },
      "write" : {
        "io_bytes" : 0,
        "io_kbytes" : 0,
        "bw_bytes" : 0,
        "bw" : 0,
        "iops" : 0.000000,
        "runtime" : 0,
        "total_ios" : 0,
        "short_ios" : 0,
        "drop_ios" : 0,
        "slat_ns" : {
          "min" : 0,
          "max" : 0,
          "mean" : 0.000000,
          "stddev" : 0.000000,
          "N" : 0
        },
        "clat_ns" : {
          "min" : 0,
          "max" : 0,
          "mean" : 0.000000,
          "stddev" : 0.000000,
          "N" : 0
        },
        "lat_ns" : {
          "min" : 0,
          "max" : 0,
          "mean" : 0.000000,
          "stddev" : 0.000000,
          "N" : 0
        },
        "bw_min" : 0,
        "bw_max" : 0,
        "bw_agg" : 0.000000,
        "bw_mean" : 0.000000,
        "bw_dev" : 0.000000,
        "bw_samples" : 0,
        "iops_min" : 0,
        "iops_max" : 0,
        "iops_mean" : 0.000000,
        "iops_stddev" : 0.000000,
        "iops_samples" : 0
      },
      "trim" : {
        "io_bytes" : 0,
        "io_kbytes" : 0,
        "bw_bytes" : 0,
        "bw" : 0,
        "iops" : 0.000000,
        "runtime" : 0,
        "total_ios" : 0,
        "short_ios" : 0,
        "drop_ios" : 0,
        "slat_ns" : {
          "min" : 0,
          "max" : 0,
          "mean" : 0.000000,
          "stddev" : 0.000000,
          "N" : 0
        },
        "clat_ns" : {
          "min" : 0,
          "max" : 0,
          "mean" : 0.000000,
          "stddev" : 0.000000,
          "N" : 0
        },
        "lat_ns" : {
          "min" : 0,
          "max" : 0,
          "mean" : 0.000000,
          "stddev" : 0.000000,
          "N" : 0
        },
        "bw_min" : 0,
        "bw_max" : 0,
        "bw_agg" : 0.000000,
        "bw_mean" : 0.000000,
        "bw_dev" : 0.000000,
        "bw_samples" : 0,
        "iops_min" : 0,
        "iops_max" : 0,
        "iops_mean" : 0.000000,
        "iops_stddev" : 0.000000,
        "iops_samples" : 0
      },
      "sync" : {
        "total_ios" : 0,
        "lat_ns" : {
          "min" : 0,
          "max" : 0,
          "mean" : 0.000000,
          "stddev" : 0.000000,
          "N" : 0
        }
      },
      "job_runtime" : 960010,
      "usr_cpu" : 1.684982,
      "sys_cpu" : 7.456589,
      "ctx" : 3831105,
      "majf" : 0,
      "minf" : 1164,
      "iodepth_level" : {
        "1" : 100.000000,
        "2" : 0.000000,
        "4" : 0.000000,
        "8" : 0.000000,
        "16" : 0.000000,
        "32" : 0.000000,
        ">=64" : 0.000000
      },
      "iodepth_submit" : {
        "0" : 0.000000,
        "4" : 100.000000,
        "8" : 0.000000,
        "16" : 0.000000,
        "32" : 0.000000,
        "64" : 0.000000,
        ">=64" : 0.000000
      },
      "iodepth_complete" : {
        "0" : 0.000000,
        "4" : 100.000000,
        "8" : 0.000000,
        "16" : 0.000000,
        "32" : 0.000000,
        "64" : 0.000000,
        ">=64" : 0.000000
      },
      "latency_ns" : {
        "2" : 0.000000,
        "4" : 0.000000,
        "10" : 0.000000,
        "20" : 0.000000,
        "50" : 0.000000,
        "100" : 0.000000,
        "250" : 0.010000,
        "500" : 0.010000,
        "750" : 0.010000,
        "1000" : 0.010000
      },
      "latency_us" : {
        "2" : 0.010000,
        "4" : 0.010000,
        "10" : 0.010000,
        "20" : 0.010000,
        "50" : 0.010000,
        "100" : 0.034774,
        "250" : 61.306502,
        "500" : 38.429823,
        "750" : 0.139957,
        "1000" : 0.025689
      },
      "latency_ms" : {
        "2" : 0.018614,
        "4" : 0.010000,
        "10" : 0.027333,
        "20" : 0.000000,
        "50" : 0.000000,
        "100" : 0.000000,
        "250" : 0.000000,
        "500" : 0.000000,
        "750" : 0.000000,
        "1000" : 0.000000,
        "2000" : 0.000000,
        ">=2000" : 0.000000
      },
      "latency_depth" : 1,
      "latency_target" : 0,
      "latency_percentile" : 100.000000,
      "latency_window" : 0
    }
  ],
  "disk_util" : [
    {
      "name" : "sdd",
      "read_ios" : 4436011,
      "write_ios" : 29,
      "read_sectors" : 35488296,
      "write_sectors" : 368,
      "read_merges" : 0,
      "write_merges" : 12,
      "read_ticks" : 1015284,
      "write_ticks" : 18,
      "in_queue" : 1015308,
      "util" : 100.000000
    }
  ]
}
