{
  "fio version" : "fio-3.36",
  "timestamp" : 1759393348,
  "timestamp_ms" : 1759393348544,
  "time" : "Thu Oct  1 22:22:28 2025",
  "jobs" : [
    {
      "jobname" : "NJ4_run2",
      "groupid" : 0,
      "job_start" : 1759393319971,
      "error" : 0,
      "eta" : 0,
      "elapsed" : 36,
      "job options" : {
        "name" : "NJ4_run2",
        "filename" : "/home/jaron/Repo-for-Advanced-Computer-Systems/Project3/testfile/fio_testfile",
        "direct" : "1",
        "ioengine" : "io_uring",
        "iodepth" : "1",
        "numjobs" : "4",
        "rw" : "randread",
        "bs" : "4k",
        "runtime" : "30s",
        "ramp_time" : "5s"
      },
      "read" : {
        "io_bytes" : 2547253248,
        "io_kbytes" : 2487552,
        "bw_bytes" : 84902781,
        "bw" : 82912,
        "iops" : 20728.218119,
        "runtime" : 30002,
        "total_ios" : 621888,
        "short_ios" : 0,
        "drop_ios" : 0,
        "slat_ns" : {
          "min" : 3151,
          "max" : 380404,
          "mean" : 8161.099484,
          "stddev" : 4641.696748,
          "N" : 621888
        },
        "clat_ns" : {
          "min" : 303,
          "max" : 7845440,
          "mean" : 183607.771321,
          "stddev" : 109019.556332,
          "N" : 621888,
          "percentile" : {
            "1.000000" : 111104,
            "5.000000" : 124416,
            "10.000000" : 134144,
            "20.000000" : 160768,
            "30.000000" : 175104,
            "40.000000" : 181248,
            "50.000000" : 185344,
            "60.000000" : 189440,
            "70.000000" : 195584,
            "80.000000" : 203776,
            "90.000000" : 216064,
            "95.000000" : 228352,
            "99.000000" : 252928,
            "99.500000" : 264192,
            "99.900000" : 325632,
            "99.950000" : 432128,
            "99.990000" : 7766016
          }
        },
        "lat_ns" : {
          "min" : 93290,
          "max" : 7853597,
          "mean" : 191768.870805,
          "stddev" : 109128.548633,
          "N" : 621888
        },
        "bw_min" : 80310,
        "bw_max" : 85234,
        "bw_agg" : 100.000000,
        "bw_mean" : 82970.254237,
        "bw_dev" : 310.378641,
        "bw_samples" : 236,
        "iops_min" : 20077,
        "iops_max" : 21307,
        "iops_mean" : 20741.762712,
        "iops_stddev" : 77.556658,
        "iops_samples" : 236
      },
      "write" : {
        "io_bytes" : 0,
        "io_kbytes" : 0,
        "bw_bytes" : 0,
        "bw" : 0,
        "iops" : 0.000000,
        "runtime" : 0,
        "total_ios" : 0,
        "short_ios" : 0,
        "drop_ios" : 0,
        "slat_ns" : {
          "min" : 0,
          "max" : 0,
          "mean" : 0.000000,
          "stddev" : 0.000000,
          "N" : 0
        },
        "clat_ns" : {
          "min" : 0,
          "max" : 0,
          "mean" : 0.000000,
          "stddev" : 0.000000,
          "N" : 0
        },
        "lat_ns" : {
          "min" : 0,
          "max" : 0,
          "mean" : 0.000000,
          "stddev" : 0.000000,
          "N" : 0
        },
        "bw_min" : 0,
        "bw_max" : 0,
        "bw_agg" : 0.000000,
        "bw_mean" : 0.000000,
        "bw_dev" : 0.000000,
        "bw_samples" : 0,
        "iops_min" : 0,
        "iops_max" : 0,
        "iops_mean" : 0.000000,
        "iops_stddev" : 0.000000,
        "iops_samples" : 0
      },
      "trim" : {
        "io_bytes" : 0,
        "io_kbytes" : 0,
        "bw_bytes" : 0,
        "bw" : 0,
        "iops" : 0.000000,
        "runtime" : 0,
        "total_ios" : 0,
        "short_ios" : 0,
        "drop_ios" : 0,
        "slat_ns" : {
          "min" : 0,
          "max" : 0,
          "mean" : 0.000000,
          "stddev" : 0.000000,
          "N" : 0
        },
        "clat_ns" : {
          "min" : 0,
          "max" : 0,
          "mean" : 0.000000,
          "stddev" : 0.000000,
          "N" : 0
        },
        "lat_ns" : {
          "min" : 0,
          "max" : 0,
          "mean" : 0.000000,
          "stddev" : 0.000000,
          "N" : 0
        },
        "bw_min" : 0,
        "bw_max" : 0,
        "bw_agg" : 0.000000,
        "bw_mean" : 0.000000,
        "bw_dev" : 0.000000,
        "bw_samples" : 0,
        "iops_min" : 0,
        "iops_max" : 0,
        "iops_mean" : 0.000000,
        "iops_stddev" : 0.000000,
        "iops_samples" : 0
      },
      "sync" : {
        "total_ios" : 0,
        "lat_ns" : {
          "min" : 0,
          "max" : 0,
          "mean" : 0.000000,
          "stddev" : 0.000000,
          "N" : 0
        }
      },
      "job_runtime" : 120001,
      "usr_cpu" : 1.582487,
      "sys_cpu" : 7.040775,
      "ctx" : 621897,
      "majf" : 0,
      "minf" : 152,
      "iodepth_level" : {
        "1" : 100.000000,
        "2" : 0.000000,
        "4" : 0.000000,
        "8" : 0.000000,
        "16" : 0.000000,
        "32" : 0.000000,
        ">=64" : 0.000000
      },
      "iodepth_submit" : {
        "0" : 0.000000,
        "4" : 100.000000,
        "8" : 0.000000,
        "16" : 0.000000,
        "32" : 0.000000,
        "64" : 0.000000,
        ">=64" : 0.000000
      },
      "iodepth_complete" : {
        "0" : 0.000000,
        "4" : 100.000000,
        "8" : 0.000000,
        "16" : 0.000000,
        "32" : 0.000000,
        "64" : 0.000000,
        ">=64" : 0.000000
      },
      "latency_ns" : {
        "2" : 0.000000,
        "4" : 0.000000,
        "10" : 0.000000,
        "20" : 0.000000,
        "50" : 0.000000,
        "100" : 0.000000,
        "250" : 0.000000,
        "500" : 0.010000,
        "750" : 0.010000,
        "1000" : 0.000000
      },
      "latency_us" : {
        "2" : 0.000000,
        "4" : 0.000000,
        "10" : 0.000000,
        "20" : 0.000000,
        "50" : 0.010000,
        "100" : 0.086350,
        "250" : 98.744629,
        "500" : 1.136217,
        "750" : 0.010000,
        "1000" : 0.010000
      },
      "latency_ms" : {
        "2" : 0.010000,
        "4" : 0.010000,
        "10" : 0.019296,
        "20" : 0.000000,
        "50" : 0.000000,
        "100" : 0.000000,
        "250" : 0.000000,
        "500" : 0.000000,
        "750" : 0.000000,
        "1000" : 0.000000,
        "2000" : 0.000000,
        ">=2000" : 0.000000
      },
      "latency_depth" : 1,
      "latency_target" : 0,
      "latency_percentile" : 100.000000,
      "latency_window" : 0
    }
  ],
  "disk_util" : [
    {
      "name" : "sdd",
      "read_ios" : 720781,
      "write_ios" : 31,
      "read_sectors" : 5766496,
      "write_sectors" : 472,
      "read_merges" : 0,
      "write_merges" : 18,
      "read_ticks" : 127390,
      "write_ticks" : 16,
      "in_queue" : 127412,
      "util" : 100.000000
    }
  ]
}
