{
  "fio version" : "fio-3.36",
  "timestamp" : 1759393314,
  "timestamp_ms" : 1759393314708,
  "time" : "Thu Oct  1 22:21:54 2025",
  "jobs" : [
    {
      "jobname" : "NJ4_run1",
      "groupid" : 0,
      "job_start" : 1759393286117,
      "error" : 0,
      "eta" : 0,
      "elapsed" : 36,
      "job options" : {
        "name" : "NJ4_run1",
        "filename" : "/home/jaron/Repo-for-Advanced-Computer-Systems/Project3/testfile/fio_testfile",
        "direct" : "1",
        "ioengine" : "io_uring",
        "iodepth" : "1",
        "numjobs" : "4",
        "rw" : "randread",
        "bs" : "4k",
        "runtime" : "30s",
        "ramp_time" : "5s"
      },
      "read" : {
        "io_bytes" : 2539560960,
        "io_kbytes" : 2480040,
        "bw_bytes" : 84649210,
        "bw" : 82665,
        "iops" : 20666.277791,
        "runtime" : 30001,
        "total_ios" : 620009,
        "short_ios" : 0,
        "drop_ios" : 0,
        "slat_ns" : {
          "min" : 3137,
          "max" : 1245352,
          "mean" : 8214.174058,
          "stddev" : 5126.362818,
          "N" : 620010
        },
        "clat_ns" : {
          "min" : 335,
          "max" : 7850584,
          "mean" : 184102.824261,
          "stddev" : 108534.504950,
          "N" : 620009,
          "percentile" : {
            "1.000000" : 111104,
            "5.000000" : 123392,
            "10.000000" : 132096,
            "20.000000" : 158720,
            "30.000000" : 175104,
            "40.000000" : 181248,
            "50.000000" : 185344,
            "60.000000" : 189440,
            "70.000000" : 195584,
            "80.000000" : 205824,
            "90.000000" : 218112,
            "95.000000" : 230400,
            "99.000000" : 261120,
            "99.500000" : 280576,
            "99.900000" : 374784,
            "99.950000" : 428032,
            "99.990000" : 7766016
          }
        },
        "lat_ns" : {
          "min" : 93827,
          "max" : 7858028,
          "mean" : 192317.002452,
          "stddev" : 108698.623810,
          "N" : 620009
        },
        "bw_min" : 76159,
        "bw_max" : 85837,
        "bw_agg" : 100.000000,
        "bw_mean" : 82723.610169,
        "bw_dev" : 451.415006,
        "bw_samples" : 236,
        "iops_min" : 19038,
        "iops_max" : 21457,
        "iops_mean" : 20680.033898,
        "iops_stddev" : 112.900400,
        "iops_samples" : 236
      },
      "write" : {
        "io_bytes" : 0,
        "io_kbytes" : 0,
        "bw_bytes" : 0,
        "bw" : 0,
        "iops" : 0.000000,
        "runtime" : 0,
        "total_ios" : 0,
        "short_ios" : 0,
        "drop_ios" : 0,
        "slat_ns" : {
          "min" : 0,
          "max" : 0,
          "mean" : 0.000000,
          "stddev" : 0.000000,
          "N" : 0
        },
        "clat_ns" : {
          "min" : 0,
          "max" : 0,
          "mean" : 0.000000,
          "stddev" : 0.000000,
          "N" : 0
        },
        "lat_ns" : {
          "min" : 0,
          "max" : 0,
          "mean" : 0.000000,
          "stddev" : 0.000000,
          "N" : 0
        },
        "bw_min" : 0,
        "bw_max" : 0,
        "bw_agg" : 0.000000,
        "bw_mean" : 0.000000,
        "bw_dev" : 0.000000,
        "bw_samples" : 0,
        "iops_min" : 0,
        "iops_max" : 0,
        "iops_mean" : 0.000000,
        "iops_stddev" : 0.000000,
        "iops_samples" : 0
      },
      "trim" : {
        "io_bytes" : 0,
        "io_kbytes" : 0,
        "bw_bytes" : 0,
        "bw" : 0,
        "iops" : 0.000000,
        "runtime" : 0,
        "total_ios" : 0,
        "short_ios" : 0,
        "drop_ios" : 0,
        "slat_ns" : {
          "min" : 0,
          "max" : 0,
          "mean" : 0.000000,
          "stddev" : 0.000000,
          "N" : 0
        },
        "clat_ns" : {
          "min" : 0,
          "max" : 0,
          "mean" : 0.000000,
          "stddev" : 0.000000,
          "N" : 0
        },
        "lat_ns" : {
          "min" : 0,
          "max" : 0,
          "mean" : 0.000000,
          "stddev" : 0.000000,
          "N" : 0
        },
        "bw_min" : 0,
        "bw_max" : 0,
        "bw_agg" : 0.000000,
        "bw_mean" : 0.000000,
        "bw_dev" : 0.000000,
        "bw_samples" : 0,
        "iops_min" : 0,
        "iops_max" : 0,
        "iops_mean" : 0.000000,
        "iops_stddev" : 0.000000,
        "iops_samples" : 0
      },
      "sync" : {
        "total_ios" : 0,
        "lat_ns" : {
          "min" : 0,
          "max" : 0,
          "mean" : 0.000000,
          "stddev" : 0.000000,
          "N" : 0
        }
      },
      "job_runtime" : 120000,
      "usr_cpu" : 1.555833,
      "sys_cpu" : 7.101667,
      "ctx" : 620003,
      "majf" : 0,
      "minf" : 150,
      "iodepth_level" : {
        "1" : 100.000000,
        "2" : 0.000000,
        "4" : 0.000000,
        "8" : 0.000000,
        "16" : 0.000000,
        "32" : 0.000000,
        ">=64" : 0.000000
      },
      "iodepth_submit" : {
        "0" : 0.000000,
        "4" : 100.000000,
        "8" : 0.000000,
        "16" : 0.000000,
        "32" : 0.000000,
        "64" : 0.000000,
        ">=64" : 0.000000
      },
      "iodepth_complete" : {
        "0" : 0.000000,
        "4" : 100.000000,
        "8" : 0.000000,
        "16" : 0.000000,
        "32" : 0.000000,
        "64" : 0.000000,
        ">=64" : 0.000000
      },
      "latency_ns" : {
        "2" : 0.000000,
        "4" : 0.000000,
        "10" : 0.000000,
        "20" : 0.000000,
        "50" : 0.000000,
        "100" : 0.000000,
        "250" : 0.000000,
        "500" : 0.010000,
        "750" : 0.010000,
        "1000" : 0.000000
      },
      "latency_us" : {
        "2" : 0.000000,
        "4" : 0.000000,
        "10" : 0.010000,
        "20" : 0.010000,
        "50" : 0.010000,
        "100" : 0.082741,
        "250" : 98.242767,
        "500" : 1.643847,
        "750" : 0.010000,
        "1000" : 0.000000
      },
      "latency_ms" : {
        "2" : 0.010000,
        "4" : 0.000000,
        "10" : 0.018709,
        "20" : 0.000000,
        "50" : 0.000000,
        "100" : 0.000000,
        "250" : 0.000000,
        "500" : 0.000000,
        "750" : 0.000000,
        "1000" : 0.000000,
        "2000" : 0.000000,
        ">=2000" : 0.000000
      },
      "latency_depth" : 1,
      "latency_target" : 0,
      "latency_percentile" : 100.000000,
      "latency_window" : 0
    }
  ],
  "disk_util" : [
    {
      "name" : "sdd",
      "read_ios" : 720077,
      "write_ios" : 29,
      "read_sectors" : 5760616,
      "write_sectors" : 400,
      "read_merges" : 0,
      "write_merges" : 16,
      "read_ticks" : 127262,
      "write_ticks" : 13,
      "in_queue" : 127281,
      "util" : 100.000000
    }
  ]
}
