{
  "fio version" : "fio-3.36",
  "timestamp" : 1759393382,
  "timestamp_ms" : 1759393382354,
  "time" : "Thu Oct  1 22:23:02 2025",
  "jobs" : [
    {
      "jobname" : "NJ4_run3",
      "groupid" : 0,
      "job_start" : 1759393353806,
      "error" : 0,
      "eta" : 0,
      "elapsed" : 36,
      "job options" : {
        "name" : "NJ4_run3",
        "filename" : "/home/jaron/Repo-for-Advanced-Computer-Systems/Project3/testfile/fio_testfile",
        "direct" : "1",
        "ioengine" : "io_uring",
        "iodepth" : "1",
        "numjobs" : "4",
        "rw" : "randread",
        "bs" : "4k",
        "runtime" : "30s",
        "ramp_time" : "5s"
      },
      "read" : {
        "io_bytes" : 2568454144,
        "io_kbytes" : 2508256,
        "bw_bytes" : 85612284,
        "bw" : 83605,
        "iops" : 20901.436619,
        "runtime" : 30001,
        "total_ios" : 627064,
        "short_ios" : 0,
        "drop_ios" : 0,
        "slat_ns" : {
          "min" : 3196,
          "max" : 339052,
          "mean" : 8171.071870,
          "stddev" : 4750.045273,
          "N" : 627064
        },
        "clat_ns" : {
          "min" : 252,
          "max" : 7819801,
          "mean" : 182019.354312,
          "stddev" : 107677.230651,
          "N" : 627064,
          "percentile" : {
            "1.000000" : 110080,
            "5.000000" : 122368,
            "10.000000" : 132096,
            "20.000000" : 152576,
            "30.000000" : 173056,
            "40.000000" : 179200,
            "50.000000" : 183296,
            "60.000000" : 189440,
            "70.000000" : 195584,
            "80.000000" : 203776,
            "90.000000" : 216064,
            "95.000000" : 228352,
            "99.000000" : 252928,
            "99.500000" : 264192,
            "99.900000" : 350208,
            "99.950000" : 448512,
            "99.990000" : 7766016
          }
        },
        "lat_ns" : {
          "min" : 91436,
          "max" : 7826668,
          "mean" : 190190.426181,
          "stddev" : 107775.472548,
          "N" : 627064
        },
        "bw_min" : 80770,
        "bw_max" : 86203,
        "bw_agg" : 100.000000,
        "bw_mean" : 83708.525424,
        "bw_dev" : 303.095712,
        "bw_samples" : 236,
        "iops_min" : 20191,
        "iops_max" : 21550,
        "iops_mean" : 20926.254237,
        "iops_stddev" : 75.802466,
        "iops_samples" : 236
      },
      "write" : {
        "io_bytes" : 0,
        "io_kbytes" : 0,
        "bw_bytes" : 0,
        "bw" : 0,
        "iops" : 0.000000,
        "runtime" : 0,
        "total_ios" : 0,
        "short_ios" : 0,
        "drop_ios" : 0,
        "slat_ns" : {
          "min" : 0,
          "max" : 0,
          "mean" : 0.000000,
          "stddev" : 0.000000,
          "N" : 0
        },
        "clat_ns" : {
          "min" : 0,
          "max" : 0,
          "mean" : 0.000000,
          "stddev" : 0.000000,
          "N" : 0
        },
        "lat_ns" : {
          "min" : 0,
          "max" : 0,
          "mean" : 0.000000,
          "stddev" : 0.000000,
          "N" : 0
        },
        "bw_min" : 0,
        "bw_max" : 0,
        "bw_agg" : 0.000000,
        "bw_mean" : 0.000000,
        "bw_dev" : 0.000000,
        "bw_samples" : 0,
        "iops_min" : 0,
        "iops_max" : 0,
        "iops_mean" : 0.000000,
        "iops_stddev" : 0.000000,
        "iops_samples" : 0
      },
      "trim" : {
        "io_bytes" : 0,
        "io_kbytes" : 0,
        "bw_bytes" : 0,
        "bw" : 0,
        "iops" : 0.000000,
        "runtime" : 0,
        "total_ios" : 0,
        "short_ios" : 0,
        "drop_ios" : 0,
        "slat_ns" : {
          "min" : 0,
          "max" : 0,
          "mean" : 0.000000,
          "stddev" : 0.000000,
          "N" : 0
        },
        "clat_ns" : {
          "min" : 0,
          "max" : 0,
          "mean" : 0.000000,
          "stddev" : 0.000000,
          "N" : 0
        },
        "lat_ns" : {
          "min" : 0,
          "max" : 0,
          "mean" : 0.000000,
          "stddev" : 0.000000,
          "N" : 0
        },
        "bw_min" : 0,
        "bw_max" : 0,
        "bw_agg" : 0.000000,
        "bw_mean" : 0.000000,
        "bw_dev" : 0.000000,
        "bw_samples" : 0,
        "iops_min" : 0,
        "iops_max" : 0,
        "iops_mean" : 0.000000,
        "iops_stddev" : 0.000000,
        "iops_samples" : 0
      },
      "sync" : {
        "total_ios" : 0,
        "lat_ns" : {
          "min" : 0,
          "max" : 0,
          "mean" : 0.000000,
          "stddev" : 0.000000,
          "N" : 0
        }
      },
      "job_runtime" : 120000,
      "usr_cpu" : 1.558333,
      "sys_cpu" : 7.120000,
      "ctx" : 627071,
      "majf" : 0,
      "minf" : 150,
      "iodepth_level" : {
        "1" : 100.000000,
        "2" : 0.000000,
        "4" : 0.000000,
        "8" : 0.000000,
        "16" : 0.000000,
        "32" : 0.000000,
        ">=64" : 0.000000
      },
      "iodepth_submit" : {
        "0" : 0.000000,
        "4" : 100.000000,
        "8" : 0.000000,
        "16" : 0.000000,
        "32" : 0.000000,
        "64" : 0.000000,
        ">=64" : 0.000000
      },
      "iodepth_complete" : {
        "0" : 0.000000,
        "4" : 100.000000,
        "8" : 0.000000,
        "16" : 0.000000,
        "32" : 0.000000,
        "64" : 0.000000,
        ">=64" : 0.000000
      },
      "latency_ns" : {
        "2" : 0.000000,
        "4" : 0.000000,
        "10" : 0.000000,
        "20" : 0.000000,
        "50" : 0.000000,
        "100" : 0.000000,
        "250" : 0.000000,
        "500" : 0.010000,
        "750" : 0.000000,
        "1000" : 0.000000
      },
      "latency_us" : {
        "2" : 0.010000,
        "4" : 0.000000,
        "10" : 0.010000,
        "20" : 0.000000,
        "50" : 0.000000,
        "100" : 0.108282,
        "250" : 98.764560,
        "500" : 1.095901,
        "750" : 0.011482,
        "1000" : 0.000000
      },
      "latency_ms" : {
        "2" : 0.000000,
        "4" : 0.000000,
        "10" : 0.018499,
        "20" : 0.000000,
        "50" : 0.000000,
        "100" : 0.000000,
        "250" : 0.000000,
        "500" : 0.000000,
        "750" : 0.000000,
        "1000" : 0.000000,
        "2000" : 0.000000,
        ">=2000" : 0.000000
      },
      "latency_depth" : 1,
      "latency_target" : 0,
      "latency_percentile" : 100.000000,
      "latency_window" : 0
    }
  ],
  "disk_util" : [
    {
      "name" : "sdd",
      "read_ios" : 725304,
      "write_ios" : 29,
      "read_sectors" : 5802432,
      "write_sectors" : 472,
      "read_merges" : 0,
      "write_merges" : 21,
      "read_ticks" : 127055,
      "write_ticks" : 13,
      "in_queue" : 127073,
      "util" : 100.000000
    }
  ]
}
