{
  "fio version" : "fio-3.36",
  "timestamp" : 1759394155,
  "timestamp_ms" : 1759394155057,
  "time" : "Thu Oct  1 22:35:55 2025",
  "jobs" : [
    {
      "jobname" : "NJ64_run3",
      "groupid" : 0,
      "job_start" : 1759394126486,
      "error" : 0,
      "eta" : 0,
      "elapsed" : 36,
      "job options" : {
        "name" : "NJ64_run3",
        "filename" : "/home/jaron/Repo-for-Advanced-Computer-Systems/Project3/testfile/fio_testfile",
        "direct" : "1",
        "ioengine" : "io_uring",
        "iodepth" : "1",
        "numjobs" : "64",
        "rw" : "randread",
        "bs" : "4k",
        "runtime" : "30s",
        "ramp_time" : "5s"
      },
      "read" : {
        "io_bytes" : 18780205056,
        "io_kbytes" : 18340044,
        "bw_bytes" : 625923378,
        "bw" : 611253,
        "iops" : 152813.224903,
        "runtime" : 30004,
        "total_ios" : 4585008,
        "short_ios" : 0,
        "drop_ios" : 0,
        "slat_ns" : {
          "min" : 3095,
          "max" : 11453189,
          "mean" : 10811.157789,
          "stddev" : 31497.278625,
          "N" : 4585011
        },
        "clat_ns" : {
          "min" : 189,
          "max" : 14303074,
          "mean" : 406262.020674,
          "stddev" : 213716.392872,
          "N" : 4585008,
          "percentile" : {
            "1.000000" : 199680,
            "5.000000" : 244736,
            "10.000000" : 268288,
            "20.000000" : 301056,
            "30.000000" : 337920,
            "40.000000" : 374784,
            "50.000000" : 403456,
            "60.000000" : 423936,
            "70.000000" : 448512,
            "80.000000" : 473088,
            "90.000000" : 514048,
            "95.000000" : 561152,
            "99.000000" : 806912,
            "99.500000" : 1056768,
            "99.900000" : 2342912,
            "99.950000" : 4489216,
            "99.990000" : 8093696
          }
        },
        "lat_ns" : {
          "min" : 99929,
          "max" : 14320669,
          "mean" : 417073.180117,
          "stddev" : 215700.944931,
          "N" : 4585008
        },
        "bw_min" : 510316,
        "bw_max" : 638923,
        "bw_agg" : 100.000000,
        "bw_mean" : 611829.154237,
        "bw_dev" : 375.348803,
        "bw_samples" : 3778,
        "iops_min" : 127553,
        "iops_max" : 159709,
        "iops_mean" : 152934.229379,
        "iops_stddev" : 93.801528,
        "iops_samples" : 3778
      },
      "write" : {
        "io_bytes" : 0,
        "io_kbytes" : 0,
        "bw_bytes" : 0,
        "bw" : 0,
        "iops" : 0.000000,
        "runtime" : 0,
        "total_ios" : 0,
        "short_ios" : 0,
        "drop_ios" : 0,
        "slat_ns" : {
          "min" : 0,
          "max" : 0,
          "mean" : 0.000000,
          "stddev" : 0.000000,
          "N" : 0
        },
        "clat_ns" : {
          "min" : 0,
          "max" : 0,
          "mean" : 0.000000,
          "stddev" : 0.000000,
          "N" : 0
        },
        "lat_ns" : {
          "min" : 0,
          "max" : 0,
          "mean" : 0.000000,
          "stddev" : 0.000000,
          "N" : 0
        },
        "bw_min" : 0,
        "bw_max" : 0,
        "bw_agg" : 0.000000,
        "bw_mean" : 0.000000,
        "bw_dev" : 0.000000,
        "bw_samples" : 0,
        "iops_min" : 0,
        "iops_max" : 0,
        "iops_mean" : 0.000000,
        "iops_stddev" : 0.000000,
        "iops_samples" : 0
      },
      "trim" : {
        "io_bytes" : 0,
        "io_kbytes" : 0,
        "bw_bytes" : 0,
        "bw" : 0,
        "iops" : 0.000000,
        "runtime" : 0,
        "total_ios" : 0,
        "short_ios" : 0,
        "drop_ios" : 0,
        "slat_ns" : {
          "min" : 0,
          "max" : 0,
          "mean" : 0.000000,
          "stddev" : 0.000000,
          "N" : 0
        },
        "clat_ns" : {
          "min" : 0,
          "max" : 0,
          "mean" : 0.000000,
          "stddev" : 0.000000,
          "N" : 0
        },
        "lat_ns" : {
          "min" : 0,
          "max" : 0,
          "mean" : 0.000000,
          "stddev" : 0.000000,
          "N" : 0
        },
        "bw_min" : 0,
        "bw_max" : 0,
        "bw_agg" : 0.000000,
        "bw_mean" : 0.000000,
        "bw_dev" : 0.000000,
        "bw_samples" : 0,
        "iops_min" : 0,
        "iops_max" : 0,
        "iops_mean" : 0.000000,
        "iops_stddev" : 0.000000,
        "iops_samples" : 0
      },
      "sync" : {
        "total_ios" : 0,
        "lat_ns" : {
          "min" : 0,
          "max" : 0,
          "mean" : 0.000000,
          "stddev" : 0.000000,
          "N" : 0
        }
      },
      "job_runtime" : 1920043,
      "usr_cpu" : 1.127058,
      "sys_cpu" : 5.076084,
      "ctx" : 4586753,
      "majf" : 0,
      "minf" : 2330,
      "iodepth_level" : {
        "1" : 100.000000,
        "2" : 0.000000,
        "4" : 0.000000,
        "8" : 0.000000,
        "16" : 0.000000,
        "32" : 0.000000,
        ">=64" : 0.000000
      },
      "iodepth_submit" : {
        "0" : 0.000000,
        "4" : 100.000000,
        "8" : 0.000000,
        "16" : 0.000000,
        "32" : 0.000000,
        "64" : 0.000000,
        ">=64" : 0.000000
      },
      "iodepth_complete" : {
        "0" : 0.000000,
        "4" : 100.000000,
        "8" : 0.000000,
        "16" : 0.000000,
        "32" : 0.000000,
        "64" : 0.000000,
        ">=64" : 0.000000
      },
      "latency_ns" : {
        "2" : 0.000000,
        "4" : 0.000000,
        "10" : 0.000000,
        "20" : 0.000000,
        "50" : 0.000000,
        "100" : 0.000000,
        "250" : 0.010000,
        "500" : 0.010000,
        "750" : 0.010000,
        "1000" : 0.010000
      },
      "latency_us" : {
        "2" : 0.010000,
        "4" : 0.010000,
        "10" : 0.010000,
        "20" : 0.010000,
        "50" : 0.010000,
        "100" : 0.010000,
        "250" : 5.877787,
        "500" : 81.418375,
        "750" : 11.441441,
        "1000" : 0.661940
      },
      "latency_ms" : {
        "2" : 0.437731,
        "4" : 0.080262,
        "10" : 0.053566,
        "20" : 0.010000,
        "50" : 0.000000,
        "100" : 0.000000,
        "250" : 0.000000,
        "500" : 0.000000,
        "750" : 0.000000,
        "1000" : 0.000000,
        "2000" : 0.000000,
        ">=2000" : 0.000000
      },
      "latency_depth" : 1,
      "latency_target" : 0,
      "latency_percentile" : 100.000000,
      "latency_window" : 0
    }
  ],
  "disk_util" : [
    {
      "name" : "sdd",
      "read_ios" : 5324570,
      "write_ios" : 27,
      "read_sectors" : 42596560,
      "write_sectors" : 616,
      "read_merges" : 0,
      "write_merges" : 41,
      "read_ticks" : 2087525,
      "write_ticks" : 18,
      "in_queue" : 2087550,
      "util" : 99.672542
    }
  ]
}
