{
  "fio version" : "fio-3.36",
  "timestamp" : 1759394087,
  "timestamp_ms" : 1759394087288,
  "time" : "Thu Oct  1 22:34:47 2025",
  "jobs" : [
    {
      "jobname" : "NJ64_run1",
      "groupid" : 0,
      "job_start" : 1759394058739,
      "error" : 0,
      "eta" : 0,
      "elapsed" : 36,
      "job options" : {
        "name" : "NJ64_run1",
        "filename" : "/home/jaron/Repo-for-Advanced-Computer-Systems/Project3/testfile/fio_testfile",
        "direct" : "1",
        "ioengine" : "io_uring",
        "iodepth" : "1",
        "numjobs" : "64",
        "rw" : "randread",
        "bs" : "4k",
        "runtime" : "30s",
        "ramp_time" : "5s"
      },
      "read" : {
        "io_bytes" : 18838142976,
        "io_kbytes" : 18396624,
        "bw_bytes" : 627854385,
        "bw" : 613139,
        "iops" : 153284.695374,
        "runtime" : 30004,
        "total_ios" : 4599154,
        "short_ios" : 0,
        "drop_ios" : 0,
        "slat_ns" : {
          "min" : 3134,
          "max" : 12332086,
          "mean" : 10857.271034,
          "stddev" : 31735.323669,
          "N" : 4599156
        },
        "clat_ns" : {
          "min" : 229,
          "max" : 10850197,
          "mean" : 404898.229472,
          "stddev" : 209273.075732,
          "N" : 4599154,
          "percentile" : {
            "1.000000" : 201728,
            "5.000000" : 244736,
            "10.000000" : 268288,
            "20.000000" : 301056,
            "30.000000" : 337920,
            "40.000000" : 374784,
            "50.000000" : 403456,
            "60.000000" : 423936,
            "70.000000" : 448512,
            "80.000000" : 473088,
            "90.000000" : 514048,
            "95.000000" : 561152,
            "99.000000" : 774144,
            "99.500000" : 978944,
            "99.900000" : 2179072,
            "99.950000" : 4112384,
            "99.990000" : 8159232
          }
        },
        "lat_ns" : {
          "min" : 104860,
          "max" : 12341710,
          "mean" : 415755.327352,
          "stddev" : 211260.072497,
          "N" : 4599154
        },
        "bw_min" : 517881,
        "bw_max" : 639126,
        "bw_agg" : 100.000000,
        "bw_mean" : 613765.016949,
        "bw_dev" : 281.785492,
        "bw_samples" : 3776,
        "iops_min" : 129446,
        "iops_max" : 159777,
        "iops_mean" : 153436.101695,
        "iops_stddev" : 70.490168,
        "iops_samples" : 3776
      },
      "write" : {
        "io_bytes" : 0,
        "io_kbytes" : 0,
        "bw_bytes" : 0,
        "bw" : 0,
        "iops" : 0.000000,
        "runtime" : 0,
        "total_ios" : 0,
        "short_ios" : 0,
        "drop_ios" : 0,
        "slat_ns" : {
          "min" : 0,
          "max" : 0,
          "mean" : 0.000000,
          "stddev" : 0.000000,
          "N" : 0
        },
        "clat_ns" : {
          "min" : 0,
          "max" : 0,
          "mean" : 0.000000,
          "stddev" : 0.000000,
          "N" : 0
        },
        "lat_ns" : {
          "min" : 0,
          "max" : 0,
          "mean" : 0.000000,
          "stddev" : 0.000000,
          "N" : 0
        },
        "bw_min" : 0,
        "bw_max" : 0,
        "bw_agg" : 0.000000,
        "bw_mean" : 0.000000,
        "bw_dev" : 0.000000,
        "bw_samples" : 0,
        "iops_min" : 0,
        "iops_max" : 0,
        "iops_mean" : 0.000000,
        "iops_stddev" : 0.000000,
        "iops_samples" : 0
      },
      "trim" : {
        "io_bytes" : 0,
        "io_kbytes" : 0,
        "bw_bytes" : 0,
        "bw" : 0,
        "iops" : 0.000000,
        "runtime" : 0,
        "total_ios" : 0,
        "short_ios" : 0,
        "drop_ios" : 0,
        "slat_ns" : {
          "min" : 0,
          "max" : 0,
          "mean" : 0.000000,
          "stddev" : 0.000000,
          "N" : 0
        },
        "clat_ns" : {
          "min" : 0,
          "max" : 0,
          "mean" : 0.000000,
          "stddev" : 0.000000,
          "N" : 0
        },
        "lat_ns" : {
          "min" : 0,
          "max" : 0,
          "mean" : 0.000000,
          "stddev" : 0.000000,
          "N" : 0
        },
        "bw_min" : 0,
        "bw_max" : 0,
        "bw_agg" : 0.000000,
        "bw_mean" : 0.000000,
        "bw_dev" : 0.000000,
        "bw_samples" : 0,
        "iops_min" : 0,
        "iops_max" : 0,
        "iops_mean" : 0.000000,
        "iops_stddev" : 0.000000,
        "iops_samples" : 0
      },
      "sync" : {
        "total_ios" : 0,
        "lat_ns" : {
          "min" : 0,
          "max" : 0,
          "mean" : 0.000000,
          "stddev" : 0.000000,
          "N" : 0
        }
      },
      "job_runtime" : 1920010,
      "usr_cpu" : 1.079786,
      "sys_cpu" : 5.135911,
      "ctx" : 4601201,
      "majf" : 0,
      "minf" : 2329,
      "iodepth_level" : {
        "1" : 100.000000,
        "2" : 0.000000,
        "4" : 0.000000,
        "8" : 0.000000,
        "16" : 0.000000,
        "32" : 0.000000,
        ">=64" : 0.000000
      },
      "iodepth_submit" : {
        "0" : 0.000000,
        "4" : 100.000000,
        "8" : 0.000000,
        "16" : 0.000000,
        "32" : 0.000000,
        "64" : 0.000000,
        ">=64" : 0.000000
      },
      "iodepth_complete" : {
        "0" : 0.000000,
        "4" : 100.000000,
        "8" : 0.000000,
        "16" : 0.000000,
        "32" : 0.000000,
        "64" : 0.000000,
        ">=64" : 0.000000
      },
      "latency_ns" : {
        "2" : 0.000000,
        "4" : 0.000000,
        "10" : 0.000000,
        "20" : 0.000000,
        "50" : 0.000000,
        "100" : 0.000000,
        "250" : 0.010000,
        "500" : 0.010000,
        "750" : 0.010000,
        "1000" : 0.010000
      },
      "latency_us" : {
        "2" : 0.010000,
        "4" : 0.010000,
        "10" : 0.010000,
        "20" : 0.010000,
        "50" : 0.010000,
        "100" : 0.010045,
        "250" : 5.951747,
        "500" : 81.247595,
        "750" : 11.643750,
        "1000" : 0.651903
      },
      "latency_ms" : {
        "2" : 0.359153,
        "4" : 0.065295,
        "10" : 0.050770,
        "20" : 0.010000,
        "50" : 0.000000,
        "100" : 0.000000,
        "250" : 0.000000,
        "500" : 0.000000,
        "750" : 0.000000,
        "1000" : 0.000000,
        "2000" : 0.000000,
        ">=2000" : 0.000000
      },
      "latency_depth" : 1,
      "latency_target" : 0,
      "latency_percentile" : 100.000000,
      "latency_window" : 0
    }
  ],
  "disk_util" : [
    {
      "name" : "sdd",
      "read_ios" : 5273558,
      "write_ios" : 38,
      "read_sectors" : 42188480,
      "write_sectors" : 528,
      "read_merges" : 0,
      "write_merges" : 17,
      "read_ticks" : 2071704,
      "write_ticks" : 29,
      "in_queue" : 2071742,
      "util" : 99.721784
    }
  ]
}
