{
  "fio version" : "fio-3.36",
  "timestamp" : 1759394121,
  "timestamp_ms" : 1759394121151,
  "time" : "Thu Oct  1 22:35:21 2025",
  "jobs" : [
    {
      "jobname" : "NJ64_run2",
      "groupid" : 0,
      "job_start" : 1759394092623,
      "error" : 0,
      "eta" : 0,
      "elapsed" : 36,
      "job options" : {
        "name" : "NJ64_run2",
        "filename" : "/home/jaron/Repo-for-Advanced-Computer-Systems/Project3/testfile/fio_testfile",
        "direct" : "1",
        "ioengine" : "io_uring",
        "iodepth" : "1",
        "numjobs" : "64",
        "rw" : "randread",
        "bs" : "4k",
        "runtime" : "30s",
        "ramp_time" : "5s"
      },
      "read" : {
        "io_bytes" : 18911334400,
        "io_kbytes" : 18468100,
        "bw_bytes" : 630188756,
        "bw" : 615418,
        "iops" : 153854.676930,
        "runtime" : 30009,
        "total_ios" : 4617025,
        "short_ios" : 0,
        "drop_ios" : 0,
        "slat_ns" : {
          "min" : 3127,
          "max" : 11598872,
          "mean" : 10791.503572,
          "stddev" : 28264.341798,
          "N" : 4617025
        },
        "clat_ns" : {
          "min" : 199,
          "max" : 13295088,
          "mean" : 403398.653635,
          "stddev" : 207027.832178,
          "N" : 4617025,
          "percentile" : {
            "1.000000" : 203776,
            "5.000000" : 246784,
            "10.000000" : 268288,
            "20.000000" : 305152,
            "30.000000" : 337920,
            "40.000000" : 374784,
            "50.000000" : 399360,
            "60.000000" : 423936,
            "70.000000" : 444416,
            "80.000000" : 468992,
            "90.000000" : 509952,
            "95.000000" : 552960,
            "99.000000" : 733184,
            "99.500000" : 929792,
            "99.900000" : 2072576,
            "99.950000" : 4816896,
            "99.990000" : 8093696
          }
        },
        "lat_ns" : {
          "min" : 97724,
          "max" : 13303412,
          "mean" : 414190.157207,
          "stddev" : 208619.601124,
          "N" : 4617025
        },
        "bw_min" : 576712,
        "bw_max" : 637458,
        "bw_agg" : 100.000000,
        "bw_mean" : 616162.820904,
        "bw_dev" : 190.028576,
        "bw_samples" : 3784,
        "iops_min" : 144169,
        "iops_max" : 159351,
        "iops_mean" : 154032.024859,
        "iops_stddev" : 47.495968,
        "iops_samples" : 3784
      },
      "write" : {
        "io_bytes" : 0,
        "io_kbytes" : 0,
        "bw_bytes" : 0,
        "bw" : 0,
        "iops" : 0.000000,
        "runtime" : 0,
        "total_ios" : 0,
        "short_ios" : 0,
        "drop_ios" : 0,
        "slat_ns" : {
          "min" : 0,
          "max" : 0,
          "mean" : 0.000000,
          "stddev" : 0.000000,
          "N" : 0
        },
        "clat_ns" : {
          "min" : 0,
          "max" : 0,
          "mean" : 0.000000,
          "stddev" : 0.000000,
          "N" : 0
        },
        "lat_ns" : {
          "min" : 0,
          "max" : 0,
          "mean" : 0.000000,
          "stddev" : 0.000000,
          "N" : 0
        },
        "bw_min" : 0,
        "bw_max" : 0,
        "bw_agg" : 0.000000,
        "bw_mean" : 0.000000,
        "bw_dev" : 0.000000,
        "bw_samples" : 0,
        "iops_min" : 0,
        "iops_max" : 0,
        "iops_mean" : 0.000000,
        "iops_stddev" : 0.000000,
        "iops_samples" : 0
      },
      "trim" : {
        "io_bytes" : 0,
        "io_kbytes" : 0,
        "bw_bytes" : 0,
        "bw" : 0,
        "iops" : 0.000000,
        "runtime" : 0,
        "total_ios" : 0,
        "short_ios" : 0,
        "drop_ios" : 0,
        "slat_ns" : {
          "min" : 0,
          "max" : 0,
          "mean" : 0.000000,
          "stddev" : 0.000000,
          "N" : 0
        },
        "clat_ns" : {
          "min" : 0,
          "max" : 0,
          "mean" : 0.000000,
          "stddev" : 0.000000,
          "N" : 0
        },
        "lat_ns" : {
          "min" : 0,
          "max" : 0,
          "mean" : 0.000000,
          "stddev" : 0.000000,
          "N" : 0
        },
        "bw_min" : 0,
        "bw_max" : 0,
        "bw_agg" : 0.000000,
        "bw_mean" : 0.000000,
        "bw_dev" : 0.000000,
        "bw_samples" : 0,
        "iops_min" : 0,
        "iops_max" : 0,
        "iops_mean" : 0.000000,
        "iops_stddev" : 0.000000,
        "iops_samples" : 0
      },
      "sync" : {
        "total_ios" : 0,
        "lat_ns" : {
          "min" : 0,
          "max" : 0,
          "mean" : 0.000000,
          "stddev" : 0.000000,
          "N" : 0
        }
      },
      "job_runtime" : 1920126,
      "usr_cpu" : 1.092376,
      "sys_cpu" : 5.157526,
      "ctx" : 4618685,
      "majf" : 0,
      "minf" : 2328,
      "iodepth_level" : {
        "1" : 100.000000,
        "2" : 0.000000,
        "4" : 0.000000,
        "8" : 0.000000,
        "16" : 0.000000,
        "32" : 0.000000,
        ">=64" : 0.000000
      },
      "iodepth_submit" : {
        "0" : 0.000000,
        "4" : 100.000000,
        "8" : 0.000000,
        "16" : 0.000000,
        "32" : 0.000000,
        "64" : 0.000000,
        ">=64" : 0.000000
      },
      "iodepth_complete" : {
        "0" : 0.000000,
        "4" : 100.000000,
        "8" : 0.000000,
        "16" : 0.000000,
        "32" : 0.000000,
        "64" : 0.000000,
        ">=64" : 0.000000
      },
      "latency_ns" : {
        "2" : 0.000000,
        "4" : 0.000000,
        "10" : 0.000000,
        "20" : 0.000000,
        "50" : 0.000000,
        "100" : 0.000000,
        "250" : 0.010000,
        "500" : 0.010000,
        "750" : 0.010000,
        "1000" : 0.010000
      },
      "latency_us" : {
        "2" : 0.010000,
        "4" : 0.010000,
        "10" : 0.010000,
        "20" : 0.010000,
        "50" : 0.010000,
        "100" : 0.010000,
        "250" : 5.581235,
        "500" : 82.330765,
        "750" : 11.123960,
        "1000" : 0.506971
      },
      "latency_ms" : {
        "2" : 0.321744,
        "4" : 0.053064,
        "10" : 0.054559,
        "20" : 0.010000,
        "50" : 0.000000,
        "100" : 0.000000,
        "250" : 0.000000,
        "500" : 0.000000,
        "750" : 0.000000,
        "1000" : 0.000000,
        "2000" : 0.000000,
        ">=2000" : 0.000000
      },
      "latency_depth" : 1,
      "latency_target" : 0,
      "latency_percentile" : 100.000000,
      "latency_window" : 0
    }
  ],
  "disk_util" : [
    {
      "name" : "sdd",
      "read_ios" : 5332042,
      "write_ios" : 32,
      "read_sectors" : 42656336,
      "write_sectors" : 512,
      "read_merges" : 0,
      "write_merges" : 21,
      "read_ticks" : 2087117,
      "write_ticks" : 19,
      "in_queue" : 2087143,
      "util" : 99.700897
    }
  ]
}
