{
  "fio version" : "fio-3.36",
  "timestamp" : 1759393416,
  "timestamp_ms" : 1759393416206,
  "time" : "Thu Oct  1 22:23:36 2025",
  "jobs" : [
    {
      "jobname" : "NJ8_run1",
      "groupid" : 0,
      "job_start" : 1759393387620,
      "error" : 0,
      "eta" : 0,
      "elapsed" : 36,
      "job options" : {
        "name" : "NJ8_run1",
        "filename" : "/home/jaron/Repo-for-Advanced-Computer-Systems/Project3/testfile/fio_testfile",
        "direct" : "1",
        "ioengine" : "io_uring",
        "iodepth" : "1",
        "numjobs" : "8",
        "rw" : "randread",
        "bs" : "4k",
        "runtime" : "30s",
        "ramp_time" : "5s"
      },
      "read" : {
        "io_bytes" : 4794003456,
        "io_kbytes" : 4681644,
        "bw_bytes" : 159794788,
        "bw" : 156049,
        "iops" : 39012.399587,
        "runtime" : 30001,
        "total_ios" : 1170411,
        "short_ios" : 0,
        "drop_ios" : 0,
        "slat_ns" : {
          "min" : 3124,
          "max" : 297639,
          "mean" : 8419.455318,
          "stddev" : 5395.863628,
          "N" : 1170411
        },
        "clat_ns" : {
          "min" : 335,
          "max" : 7987864,
          "mean" : 195219.160878,
          "stddev" : 114071.951105,
          "N" : 1170411,
          "percentile" : {
            "1.000000" : 113152,
            "5.000000" : 125440,
            "10.000000" : 134144,
            "20.000000" : 156672,
            "30.000000" : 179200,
            "40.000000" : 187392,
            "50.000000" : 195584,
            "60.000000" : 203776,
            "70.000000" : 214016,
            "80.000000" : 224256,
            "90.000000" : 240640,
            "95.000000" : 257024,
            "99.000000" : 292864,
            "99.500000" : 305152,
            "99.900000" : 362496,
            "99.950000" : 407552,
            "99.990000" : 7766016
          }
        },
        "lat_ns" : {
          "min" : 94077,
          "max" : 7996618,
          "mean" : 203638.616196,
          "stddev" : 114172.677446,
          "N" : 1170411
        },
        "bw_min" : 147506,
        "bw_max" : 163448,
        "bw_agg" : 100.000000,
        "bw_mean" : 156178.118644,
        "bw_dev" : 419.057515,
        "bw_samples" : 472,
        "iops_min" : 36876,
        "iops_max" : 40862,
        "iops_mean" : 39042.881356,
        "iops_stddev" : 104.742827,
        "iops_samples" : 472
      },
      "write" : {
        "io_bytes" : 0,
        "io_kbytes" : 0,
        "bw_bytes" : 0,
        "bw" : 0,
        "iops" : 0.000000,
        "runtime" : 0,
        "total_ios" : 0,
        "short_ios" : 0,
        "drop_ios" : 0,
        "slat_ns" : {
          "min" : 0,
          "max" : 0,
          "mean" : 0.000000,
          "stddev" : 0.000000,
          "N" : 0
        },
        "clat_ns" : {
          "min" : 0,
          "max" : 0,
          "mean" : 0.000000,
          "stddev" : 0.000000,
          "N" : 0
        },
        "lat_ns" : {
          "min" : 0,
          "max" : 0,
          "mean" : 0.000000,
          "stddev" : 0.000000,
          "N" : 0
        },
        "bw_min" : 0,
        "bw_max" : 0,
        "bw_agg" : 0.000000,
        "bw_mean" : 0.000000,
        "bw_dev" : 0.000000,
        "bw_samples" : 0,
        "iops_min" : 0,
        "iops_max" : 0,
        "iops_mean" : 0.000000,
        "iops_stddev" : 0.000000,
        "iops_samples" : 0
      },
      "trim" : {
        "io_bytes" : 0,
        "io_kbytes" : 0,
        "bw_bytes" : 0,
        "bw" : 0,
        "iops" : 0.000000,
        "runtime" : 0,
        "total_ios" : 0,
        "short_ios" : 0,
        "drop_ios" : 0,
        "slat_ns" : {
          "min" : 0,
          "max" : 0,
          "mean" : 0.000000,
          "stddev" : 0.000000,
          "N" : 0
        },
        "clat_ns" : {
          "min" : 0,
          "max" : 0,
          "mean" : 0.000000,
          "stddev" : 0.000000,
          "N" : 0
        },
        "lat_ns" : {
          "min" : 0,
          "max" : 0,
          "mean" : 0.000000,
          "stddev" : 0.000000,
          "N" : 0
        },
        "bw_min" : 0,
        "bw_max" : 0,
        "bw_agg" : 0.000000,
        "bw_mean" : 0.000000,
        "bw_dev" : 0.000000,
        "bw_samples" : 0,
        "iops_min" : 0,
        "iops_max" : 0,
        "iops_mean" : 0.000000,
        "iops_stddev" : 0.000000,
        "iops_samples" : 0
      },
      "sync" : {
        "total_ios" : 0,
        "lat_ns" : {
          "min" : 0,
          "max" : 0,
          "mean" : 0.000000,
          "stddev" : 0.000000,
          "N" : 0
        }
      },
      "job_runtime" : 240000,
      "usr_cpu" : 1.822083,
      "sys_cpu" : 6.810000,
      "ctx" : 1170416,
      "majf" : 0,
      "minf" : 292,
      "iodepth_level" : {
        "1" : 100.000000,
        "2" : 0.000000,
        "4" : 0.000000,
        "8" : 0.000000,
        "16" : 0.000000,
        "32" : 0.000000,
        ">=64" : 0.000000
      },
      "iodepth_submit" : {
        "0" : 0.000000,
        "4" : 100.000000,
        "8" : 0.000000,
        "16" : 0.000000,
        "32" : 0.000000,
        "64" : 0.000000,
        ">=64" : 0.000000
      },
      "iodepth_complete" : {
        "0" : 0.000000,
        "4" : 100.000000,
        "8" : 0.000000,
        "16" : 0.000000,
        "32" : 0.000000,
        "64" : 0.000000,
        ">=64" : 0.000000
      },
      "latency_ns" : {
        "2" : 0.000000,
        "4" : 0.000000,
        "10" : 0.000000,
        "20" : 0.000000,
        "50" : 0.000000,
        "100" : 0.000000,
        "250" : 0.000000,
        "500" : 0.010000,
        "750" : 0.010000,
        "1000" : 0.000000
      },
      "latency_us" : {
        "2" : 0.000000,
        "4" : 0.010000,
        "10" : 0.000000,
        "20" : 0.000000,
        "50" : 0.010000,
        "100" : 0.070317,
        "250" : 93.231608,
        "500" : 6.665009,
        "750" : 0.010000,
        "1000" : 0.010000
      },
      "latency_ms" : {
        "2" : 0.010000,
        "4" : 0.010000,
        "10" : 0.019822,
        "20" : 0.000000,
        "50" : 0.000000,
        "100" : 0.000000,
        "250" : 0.000000,
        "500" : 0.000000,
        "750" : 0.000000,
        "1000" : 0.000000,
        "2000" : 0.000000,
        ">=2000" : 0.000000
      },
      "latency_depth" : 1,
      "latency_target" : 0,
      "latency_percentile" : 100.000000,
      "latency_window" : 0
    }
  ],
  "disk_util" : [
    {
      "name" : "sdd",
      "read_ios" : 1351526,
      "write_ios" : 21,
      "read_sectors" : 10812208,
      "write_sectors" : 432,
      "read_merges" : 0,
      "write_merges" : 27,
      "read_ticks" : 253566,
      "write_ticks" : 12,
      "in_queue" : 253581,
      "util" : 100.000000
    }
  ]
}
