{
  "fio version" : "fio-3.36",
  "timestamp" : 1759393483,
  "timestamp_ms" : 1759393483909,
  "time" : "Thu Oct  1 22:24:43 2025",
  "jobs" : [
    {
      "jobname" : "NJ8_run3",
      "groupid" : 0,
      "job_start" : 1759393453896,
      "error" : 0,
      "eta" : 0,
      "elapsed" : 36,
      "job options" : {
        "name" : "NJ8_run3",
        "filename" : "/home/jaron/Repo-for-Advanced-Computer-Systems/Project3/testfile/fio_testfile",
        "direct" : "1",
        "ioengine" : "io_uring",
        "iodepth" : "1",
        "numjobs" : "8",
        "rw" : "randread",
        "bs" : "4k",
        "runtime" : "30s",
        "ramp_time" : "5s"
      },
      "read" : {
        "io_bytes" : 4783812608,
        "io_kbytes" : 4671692,
        "bw_bytes" : 159455105,
        "bw" : 155717,
        "iops" : 38929.469018,
        "runtime" : 30001,
        "total_ios" : 1167923,
        "short_ios" : 0,
        "drop_ios" : 0,
        "slat_ns" : {
          "min" : 3135,
          "max" : 313559,
          "mean" : 8412.389820,
          "stddev" : 5265.945552,
          "N" : 1167923
        },
        "clat_ns" : {
          "min" : 251,
          "max" : 7888521,
          "mean" : 195794.328499,
          "stddev" : 113758.249292,
          "N" : 1167923,
          "percentile" : {
            "1.000000" : 113152,
            "5.000000" : 125440,
            "10.000000" : 136192,
            "20.000000" : 160768,
            "30.000000" : 179200,
            "40.000000" : 189440,
            "50.000000" : 195584,
            "60.000000" : 203776,
            "70.000000" : 214016,
            "80.000000" : 224256,
            "90.000000" : 240640,
            "95.000000" : 257024,
            "99.000000" : 288768,
            "99.500000" : 305152,
            "99.900000" : 346112,
            "99.950000" : 382976,
            "99.990000" : 7766016
          }
        },
        "lat_ns" : {
          "min" : 92056,
          "max" : 7893594,
          "mean" : 204206.718320,
          "stddev" : 113844.991207,
          "N" : 1167923
        },
        "bw_min" : 147730,
        "bw_max" : 160936,
        "bw_agg" : 100.000000,
        "bw_mean" : 155903.169492,
        "bw_dev" : 352.774674,
        "bw_samples" : 472,
        "iops_min" : 36932,
        "iops_max" : 40234,
        "iops_mean" : 38973.440678,
        "iops_stddev" : 88.176715,
        "iops_samples" : 472
      },
      "write" : {
        "io_bytes" : 0,
        "io_kbytes" : 0,
        "bw_bytes" : 0,
        "bw" : 0,
        "iops" : 0.000000,
        "runtime" : 0,
        "total_ios" : 0,
        "short_ios" : 0,
        "drop_ios" : 0,
        "slat_ns" : {
          "min" : 0,
          "max" : 0,
          "mean" : 0.000000,
          "stddev" : 0.000000,
          "N" : 0
        },
        "clat_ns" : {
          "min" : 0,
          "max" : 0,
          "mean" : 0.000000,
          "stddev" : 0.000000,
          "N" : 0
        },
        "lat_ns" : {
          "min" : 0,
          "max" : 0,
          "mean" : 0.000000,
          "stddev" : 0.000000,
          "N" : 0
        },
        "bw_min" : 0,
        "bw_max" : 0,
        "bw_agg" : 0.000000,
        "bw_mean" : 0.000000,
        "bw_dev" : 0.000000,
        "bw_samples" : 0,
        "iops_min" : 0,
        "iops_max" : 0,
        "iops_mean" : 0.000000,
        "iops_stddev" : 0.000000,
        "iops_samples" : 0
      },
      "trim" : {
        "io_bytes" : 0,
        "io_kbytes" : 0,
        "bw_bytes" : 0,
        "bw" : 0,
        "iops" : 0.000000,
        "runtime" : 0,
        "total_ios" : 0,
        "short_ios" : 0,
        "drop_ios" : 0,
        "slat_ns" : {
          "min" : 0,
          "max" : 0,
          "mean" : 0.000000,
          "stddev" : 0.000000,
          "N" : 0
        },
        "clat_ns" : {
          "min" : 0,
          "max" : 0,
          "mean" : 0.000000,
          "stddev" : 0.000000,
          "N" : 0
        },
        "lat_ns" : {
          "min" : 0,
          "max" : 0,
          "mean" : 0.000000,
          "stddev" : 0.000000,
          "N" : 0
        },
        "bw_min" : 0,
        "bw_max" : 0,
        "bw_agg" : 0.000000,
        "bw_mean" : 0.000000,
        "bw_dev" : 0.000000,
        "bw_samples" : 0,
        "iops_min" : 0,
        "iops_max" : 0,
        "iops_mean" : 0.000000,
        "iops_stddev" : 0.000000,
        "iops_samples" : 0
      },
      "sync" : {
        "total_ios" : 0,
        "lat_ns" : {
          "min" : 0,
          "max" : 0,
          "mean" : 0.000000,
          "stddev" : 0.000000,
          "N" : 0
        }
      },
      "job_runtime" : 240000,
      "usr_cpu" : 1.669167,
      "sys_cpu" : 6.880417,
      "ctx" : 1167946,
      "majf" : 0,
      "minf" : 306,
      "iodepth_level" : {
        "1" : 100.000000,
        "2" : 0.000000,
        "4" : 0.000000,
        "8" : 0.000000,
        "16" : 0.000000,
        "32" : 0.000000,
        ">=64" : 0.000000
      },
      "iodepth_submit" : {
        "0" : 0.000000,
        "4" : 100.000000,
        "8" : 0.000000,
        "16" : 0.000000,
        "32" : 0.000000,
        "64" : 0.000000,
        ">=64" : 0.000000
      },
      "iodepth_complete" : {
        "0" : 0.000000,
        "4" : 100.000000,
        "8" : 0.000000,
        "16" : 0.000000,
        "32" : 0.000000,
        "64" : 0.000000,
        ">=64" : 0.000000
      },
      "latency_ns" : {
        "2" : 0.000000,
        "4" : 0.000000,
        "10" : 0.000000,
        "20" : 0.000000,
        "50" : 0.000000,
        "100" : 0.000000,
        "250" : 0.000000,
        "500" : 0.010000,
        "750" : 0.010000,
        "1000" : 0.010000
      },
      "latency_us" : {
        "2" : 0.000000,
        "4" : 0.000000,
        "10" : 0.000000,
        "20" : 0.000000,
        "50" : 0.010000,
        "100" : 0.077145,
        "250" : 93.284403,
        "500" : 6.610710,
        "750" : 0.010000,
        "1000" : 0.010000
      },
      "latency_ms" : {
        "2" : 0.010000,
        "4" : 0.000000,
        "10" : 0.019864,
        "20" : 0.000000,
        "50" : 0.000000,
        "100" : 0.000000,
        "250" : 0.000000,
        "500" : 0.000000,
        "750" : 0.000000,
        "1000" : 0.000000,
        "2000" : 0.000000,
        ">=2000" : 0.000000
      },
      "latency_depth" : 1,
      "latency_target" : 0,
      "latency_percentile" : 100.000000,
      "latency_window" : 0
    }
  ],
  "disk_util" : [
    {
      "name" : "sdd",
      "read_ios" : 1351062,
      "write_ios" : 31,
      "read_sectors" : 10808496,
      "write_sectors" : 456,
      "read_merges" : 0,
      "write_merges" : 21,
      "read_ticks" : 253753,
      "write_ticks" : 15,
      "in_queue" : 253774,
      "util" : 99.801889
    }
  ]
}
