{
  "fio version" : "fio-3.36",
  "timestamp" : 1759393450,
  "timestamp_ms" : 1759393450060,
  "time" : "Thu Oct  1 22:24:10 2025",
  "jobs" : [
    {
      "jobname" : "NJ8_run2",
      "groupid" : 0,
      "job_start" : 1759393421473,
      "error" : 0,
      "eta" : 0,
      "elapsed" : 36,
      "job options" : {
        "name" : "NJ8_run2",
        "filename" : "/home/jaron/Repo-for-Advanced-Computer-Systems/Project3/testfile/fio_testfile",
        "direct" : "1",
        "ioengine" : "io_uring",
        "iodepth" : "1",
        "numjobs" : "8",
        "rw" : "randread",
        "bs" : "4k",
        "runtime" : "30s",
        "ramp_time" : "5s"
      },
      "read" : {
        "io_bytes" : 4791971840,
        "io_kbytes" : 4679660,
        "bw_bytes" : 159727070,
        "bw" : 155983,
        "iops" : 38995.866804,
        "runtime" : 30001,
        "total_ios" : 1169915,
        "short_ios" : 0,
        "drop_ios" : 0,
        "slat_ns" : {
          "min" : 3185,
          "max" : 1177722,
          "mean" : 8423.830657,
          "stddev" : 5783.524497,
          "N" : 1169915
        },
        "clat_ns" : {
          "min" : 377,
          "max" : 17063337,
          "mean" : 195410.032272,
          "stddev" : 121549.059240,
          "N" : 1169915,
          "percentile" : {
            "1.000000" : 112128,
            "5.000000" : 124416,
            "10.000000" : 134144,
            "20.000000" : 158720,
            "30.000000" : 179200,
            "40.000000" : 187392,
            "50.000000" : 195584,
            "60.000000" : 203776,
            "70.000000" : 214016,
            "80.000000" : 224256,
            "90.000000" : 240640,
            "95.000000" : 257024,
            "99.000000" : 292864,
            "99.500000" : 309248,
            "99.900000" : 378880,
            "99.950000" : 489472,
            "99.990000" : 7766016
          }
        },
        "lat_ns" : {
          "min" : 90517,
          "max" : 17068370,
          "mean" : 203833.862929,
          "stddev" : 121672.639086,
          "N" : 1169915
        },
        "bw_min" : 145655,
        "bw_max" : 163491,
        "bw_agg" : 100.000000,
        "bw_mean" : 156086.644068,
        "bw_dev" : 450.768048,
        "bw_samples" : 472,
        "iops_min" : 36413,
        "iops_max" : 40870,
        "iops_mean" : 39019.508475,
        "iops_stddev" : 112.697032,
        "iops_samples" : 472
      },
      "write" : {
        "io_bytes" : 0,
        "io_kbytes" : 0,
        "bw_bytes" : 0,
        "bw" : 0,
        "iops" : 0.000000,
        "runtime" : 0,
        "total_ios" : 0,
        "short_ios" : 0,
        "drop_ios" : 0,
        "slat_ns" : {
          "min" : 0,
          "max" : 0,
          "mean" : 0.000000,
          "stddev" : 0.000000,
          "N" : 0
        },
        "clat_ns" : {
          "min" : 0,
          "max" : 0,
          "mean" : 0.000000,
          "stddev" : 0.000000,
          "N" : 0
        },
        "lat_ns" : {
          "min" : 0,
          "max" : 0,
          "mean" : 0.000000,
          "stddev" : 0.000000,
          "N" : 0
        },
        "bw_min" : 0,
        "bw_max" : 0,
        "bw_agg" : 0.000000,
        "bw_mean" : 0.000000,
        "bw_dev" : 0.000000,
        "bw_samples" : 0,
        "iops_min" : 0,
        "iops_max" : 0,
        "iops_mean" : 0.000000,
        "iops_stddev" : 0.000000,
        "iops_samples" : 0
      },
      "trim" : {
        "io_bytes" : 0,
        "io_kbytes" : 0,
        "bw_bytes" : 0,
        "bw" : 0,
        "iops" : 0.000000,
        "runtime" : 0,
        "total_ios" : 0,
        "short_ios" : 0,
        "drop_ios" : 0,
        "slat_ns" : {
          "min" : 0,
          "max" : 0,
          "mean" : 0.000000,
          "stddev" : 0.000000,
          "N" : 0
        },
        "clat_ns" : {
          "min" : 0,
          "max" : 0,
          "mean" : 0.000000,
          "stddev" : 0.000000,
          "N" : 0
        },
        "lat_ns" : {
          "min" : 0,
          "max" : 0,
          "mean" : 0.000000,
          "stddev" : 0.000000,
          "N" : 0
        },
        "bw_min" : 0,
        "bw_max" : 0,
        "bw_agg" : 0.000000,
        "bw_mean" : 0.000000,
        "bw_dev" : 0.000000,
        "bw_samples" : 0,
        "iops_min" : 0,
        "iops_max" : 0,
        "iops_mean" : 0.000000,
        "iops_stddev" : 0.000000,
        "iops_samples" : 0
      },
      "sync" : {
        "total_ios" : 0,
        "lat_ns" : {
          "min" : 0,
          "max" : 0,
          "mean" : 0.000000,
          "stddev" : 0.000000,
          "N" : 0
        }
      },
      "job_runtime" : 240000,
      "usr_cpu" : 1.610833,
      "sys_cpu" : 7.005833,
      "ctx" : 1169921,
      "majf" : 0,
      "minf" : 292,
      "iodepth_level" : {
        "1" : 100.000000,
        "2" : 0.000000,
        "4" : 0.000000,
        "8" : 0.000000,
        "16" : 0.000000,
        "32" : 0.000000,
        ">=64" : 0.000000
      },
      "iodepth_submit" : {
        "0" : 0.000000,
        "4" : 100.000000,
        "8" : 0.000000,
        "16" : 0.000000,
        "32" : 0.000000,
        "64" : 0.000000,
        ">=64" : 0.000000
      },
      "iodepth_complete" : {
        "0" : 0.000000,
        "4" : 100.000000,
        "8" : 0.000000,
        "16" : 0.000000,
        "32" : 0.000000,
        "64" : 0.000000,
        ">=64" : 0.000000
      },
      "latency_ns" : {
        "2" : 0.000000,
        "4" : 0.000000,
        "10" : 0.000000,
        "20" : 0.000000,
        "50" : 0.000000,
        "100" : 0.000000,
        "250" : 0.000000,
        "500" : 0.010000,
        "750" : 0.010000,
        "1000" : 0.010000
      },
      "latency_us" : {
        "2" : 0.010000,
        "4" : 0.010000,
        "10" : 0.010000,
        "20" : 0.000000,
        "50" : 0.010000,
        "100" : 0.082827,
        "250" : 93.262929,
        "500" : 6.602702,
        "750" : 0.013933,
        "1000" : 0.010000
      },
      "latency_ms" : {
        "2" : 0.010000,
        "4" : 0.010000,
        "10" : 0.021284,
        "20" : 0.010000,
        "50" : 0.000000,
        "100" : 0.000000,
        "250" : 0.000000,
        "500" : 0.000000,
        "750" : 0.000000,
        "1000" : 0.000000,
        "2000" : 0.000000,
        ">=2000" : 0.000000
      },
      "latency_depth" : 1,
      "latency_target" : 0,
      "latency_percentile" : 100.000000,
      "latency_window" : 0
    }
  ],
  "disk_util" : [
    {
      "name" : "sdd",
      "read_ios" : 1357860,
      "write_ios" : 24,
      "read_sectors" : 10862880,
      "write_sectors" : 480,
      "read_merges" : 0,
      "write_merges" : 27,
      "read_ticks" : 254512,
      "write_ticks" : 13,
      "in_queue" : 254530,
      "util" : 99.839872
    }
  ]
}
