{
  "fio version" : "fio-3.36",
  "timestamp" : 1759385197,
  "timestamp_ms" : 1759385197308,
  "time" : "Thu Oct  1 17:06:37 2025",
  "jobs" : [
    {
      "jobname" : "RandRead_bs_64k",
      "groupid" : 0,
      "job_start" : 1759385168318,
      "error" : 0,
      "eta" : 0,
      "elapsed" : 36,
      "job options" : {
        "name" : "RandRead_bs_64k",
        "filename" : "/home/jaron/Repo-for-Advanced-Computer-Systems/Project3/testfile/fio_testfile",
        "direct" : "1",
        "rw" : "randread",
        "bs" : "64k",
        "iodepth" : "1",
        "numjobs" : "1",
        "size" : "10G",
        "runtime" : "30s",
        "ramp_time" : "5s"
      },
      "read" : {
        "io_bytes" : 9729802240,
        "io_kbytes" : 9501760,
        "bw_bytes" : 324315930,
        "bw" : 316714,
        "iops" : 4948.668378,
        "runtime" : 30001,
        "total_ios" : 148465,
        "short_ios" : 0,
        "drop_ios" : 0,
        "slat_ns" : {
          "min" : 0,
          "max" : 0,
          "mean" : 0.000000,
          "stddev" : 0.000000,
          "N" : 0
        },
        "clat_ns" : {
          "min" : 82431,
          "max" : 7774620,
          "mean" : 201325.315273,
          "stddev" : 111826.589898,
          "N" : 148465,
          "percentile" : {
            "1.000000" : 158720,
            "5.000000" : 168960,
            "10.000000" : 173056,
            "20.000000" : 177152,
            "30.000000" : 183296,
            "40.000000" : 187392,
            "50.000000" : 191488,
            "60.000000" : 197632,
            "70.000000" : 205824,
            "80.000000" : 214016,
            "90.000000" : 230400,
            "95.000000" : 246784,
            "99.000000" : 403456,
            "99.500000" : 432128,
            "99.900000" : 544768,
            "99.950000" : 626688,
            "99.990000" : 7634944
          }
        },
        "lat_ns" : {
          "min" : 82451,
          "max" : 7774630,
          "mean" : 201388.149685,
          "stddev" : 111834.058413,
          "N" : 148465
        },
        "bw_min" : 284359,
        "bw_max" : 338816,
        "bw_agg" : 100.000000,
        "bw_mean" : 317232.949153,
        "bw_dev" : 12349.366092,
        "bw_samples" : 59,
        "iops_min" : 4443,
        "iops_max" : 5294,
        "iops_mean" : 4956.355932,
        "iops_stddev" : 192.958256,
        "iops_samples" : 59
      },
      "write" : {
        "io_bytes" : 0,
        "io_kbytes" : 0,
        "bw_bytes" : 0,
        "bw" : 0,
        "iops" : 0.000000,
        "runtime" : 0,
        "total_ios" : 0,
        "short_ios" : 0,
        "drop_ios" : 0,
        "slat_ns" : {
          "min" : 0,
          "max" : 0,
          "mean" : 0.000000,
          "stddev" : 0.000000,
          "N" : 0
        },
        "clat_ns" : {
          "min" : 0,
          "max" : 0,
          "mean" : 0.000000,
          "stddev" : 0.000000,
          "N" : 0
        },
        "lat_ns" : {
          "min" : 0,
          "max" : 0,
          "mean" : 0.000000,
          "stddev" : 0.000000,
          "N" : 0
        },
        "bw_min" : 0,
        "bw_max" : 0,
        "bw_agg" : 0.000000,
        "bw_mean" : 0.000000,
        "bw_dev" : 0.000000,
        "bw_samples" : 0,
        "iops_min" : 0,
        "iops_max" : 0,
        "iops_mean" : 0.000000,
        "iops_stddev" : 0.000000,
        "iops_samples" : 0
      },
      "trim" : {
        "io_bytes" : 0,
        "io_kbytes" : 0,
        "bw_bytes" : 0,
        "bw" : 0,
        "iops" : 0.000000,
        "runtime" : 0,
        "total_ios" : 0,
        "short_ios" : 0,
        "drop_ios" : 0,
        "slat_ns" : {
          "min" : 0,
          "max" : 0,
          "mean" : 0.000000,
          "stddev" : 0.000000,
          "N" : 0
        },
        "clat_ns" : {
          "min" : 0,
          "max" : 0,
          "mean" : 0.000000,
          "stddev" : 0.000000,
          "N" : 0
        },
        "lat_ns" : {
          "min" : 0,
          "max" : 0,
          "mean" : 0.000000,
          "stddev" : 0.000000,
          "N" : 0
        },
        "bw_min" : 0,
        "bw_max" : 0,
        "bw_agg" : 0.000000,
        "bw_mean" : 0.000000,
        "bw_dev" : 0.000000,
        "bw_samples" : 0,
        "iops_min" : 0,
        "iops_max" : 0,
        "iops_mean" : 0.000000,
        "iops_stddev" : 0.000000,
        "iops_samples" : 0
      },
      "sync" : {
        "total_ios" : 0,
        "lat_ns" : {
          "min" : 0,
          "max" : 0,
          "mean" : 0.000000,
          "stddev" : 0.000000,
          "N" : 0
        }
      },
      "job_runtime" : 30000,
      "usr_cpu" : 0.833333,
      "sys_cpu" : 6.216667,
      "ctx" : 148467,
      "majf" : 0,
      "minf" : 39,
      "iodepth_level" : {
        "1" : 100.000000,
        "2" : 0.000000,
        "4" : 0.000000,
        "8" : 0.000000,
        "16" : 0.000000,
        "32" : 0.000000,
        ">=64" : 0.000000
      },
      "iodepth_submit" : {
        "0" : 0.000000,
        "4" : 100.000000,
        "8" : 0.000000,
        "16" : 0.000000,
        "32" : 0.000000,
        "64" : 0.000000,
        ">=64" : 0.000000
      },
      "iodepth_complete" : {
        "0" : 0.000000,
        "4" : 100.000000,
        "8" : 0.000000,
        "16" : 0.000000,
        "32" : 0.000000,
        "64" : 0.000000,
        ">=64" : 0.000000
      },
      "latency_ns" : {
        "2" : 0.000000,
        "4" : 0.000000,
        "10" : 0.000000,
        "20" : 0.000000,
        "50" : 0.000000,
        "100" : 0.000000,
        "250" : 0.000000,
        "500" : 0.000000,
        "750" : 0.000000,
        "1000" : 0.000000
      },
      "latency_us" : {
        "2" : 0.000000,
        "4" : 0.000000,
        "10" : 0.000000,
        "20" : 0.000000,
        "50" : 0.000000,
        "100" : 0.024248,
        "250" : 95.584144,
        "500" : 4.227259,
        "750" : 0.125956,
        "1000" : 0.010000
      },
      "latency_ms" : {
        "2" : 0.010000,
        "4" : 0.010000,
        "10" : 0.019533,
        "20" : 0.000000,
        "50" : 0.000000,
        "100" : 0.000000,
        "250" : 0.000000,
        "500" : 0.000000,
        "750" : 0.000000,
        "1000" : 0.000000,
        "2000" : 0.000000,
        ">=2000" : 0.000000
      },
      "latency_depth" : 1,
      "latency_target" : 0,
      "latency_percentile" : 100.000000,
      "latency_window" : 0
    }
  ],
  "disk_util" : [
    {
      "name" : "sdd",
      "read_ios" : 172169,
      "write_ios" : 41,
      "read_sectors" : 22037632,
      "write_sectors" : 544,
      "read_merges" : 0,
      "write_merges" : 21,
      "read_ticks" : 32352,
      "write_ticks" : 18,
      "in_queue" : 32375,
      "util" : 85.864416
    }
  ]
}
