{
  "fio version" : "fio-3.36",
  "timestamp" : 1759385060,
  "timestamp_ms" : 1759385060340,
  "time" : "Thu Oct  1 17:04:20 2025",
  "jobs" : [
    {
      "jobname" : "RandRead_bs_4k",
      "groupid" : 0,
      "job_start" : 1759385031349,
      "error" : 0,
      "eta" : 0,
      "elapsed" : 36,
      "job options" : {
        "name" : "RandRead_bs_4k",
        "filename" : "/home/jaron/Repo-for-Advanced-Computer-Systems/Project3/testfile/fio_testfile",
        "direct" : "1",
        "rw" : "randread",
        "bs" : "4k",
        "iodepth" : "1",
        "numjobs" : "1",
        "size" : "10G",
        "runtime" : "30s",
        "ramp_time" : "5s"
      },
      "read" : {
        "io_bytes" : 652738560,
        "io_kbytes" : 637440,
        "bw_bytes" : 21757226,
        "bw" : 21247,
        "iops" : 5311.822939,
        "runtime" : 30001,
        "total_ios" : 159360,
        "short_ios" : 0,
        "drop_ios" : 0,
        "slat_ns" : {
          "min" : 0,
          "max" : 0,
          "mean" : 0.000000,
          "stddev" : 0.000000,
          "N" : 0
        },
        "clat_ns" : {
          "min" : 93394,
          "max" : 7874283,
          "mean" : 187554.604098,
          "stddev" : 113320.272899,
          "N" : 159360,
          "percentile" : {
            "1.000000" : 113152,
            "5.000000" : 160768,
            "10.000000" : 166912,
            "20.000000" : 171008,
            "30.000000" : 173056,
            "40.000000" : 173056,
            "50.000000" : 177152,
            "60.000000" : 183296,
            "70.000000" : 187392,
            "80.000000" : 195584,
            "90.000000" : 214016,
            "95.000000" : 228352,
            "99.000000" : 399360,
            "99.500000" : 428032,
            "99.900000" : 552960,
            "99.950000" : 864256,
            "99.990000" : 7634944
          }
        },
        "lat_ns" : {
          "min" : 93414,
          "max" : 7874448,
          "mean" : 187617.969974,
          "stddev" : 113328.166805,
          "N" : 159360
        },
        "bw_min" : 19073,
        "bw_max" : 22706,
        "bw_agg" : 100.000000,
        "bw_mean" : 21253.135593,
        "bw_dev" : 913.711934,
        "bw_samples" : 59,
        "iops_min" : 4768,
        "iops_max" : 5676,
        "iops_mean" : 5312.898305,
        "iops_stddev" : 228.450455,
        "iops_samples" : 59
      },
      "write" : {
        "io_bytes" : 0,
        "io_kbytes" : 0,
        "bw_bytes" : 0,
        "bw" : 0,
        "iops" : 0.000000,
        "runtime" : 0,
        "total_ios" : 0,
        "short_ios" : 0,
        "drop_ios" : 0,
        "slat_ns" : {
          "min" : 0,
          "max" : 0,
          "mean" : 0.000000,
          "stddev" : 0.000000,
          "N" : 0
        },
        "clat_ns" : {
          "min" : 0,
          "max" : 0,
          "mean" : 0.000000,
          "stddev" : 0.000000,
          "N" : 0
        },
        "lat_ns" : {
          "min" : 0,
          "max" : 0,
          "mean" : 0.000000,
          "stddev" : 0.000000,
          "N" : 0
        },
        "bw_min" : 0,
        "bw_max" : 0,
        "bw_agg" : 0.000000,
        "bw_mean" : 0.000000,
        "bw_dev" : 0.000000,
        "bw_samples" : 0,
        "iops_min" : 0,
        "iops_max" : 0,
        "iops_mean" : 0.000000,
        "iops_stddev" : 0.000000,
        "iops_samples" : 0
      },
      "trim" : {
        "io_bytes" : 0,
        "io_kbytes" : 0,
        "bw_bytes" : 0,
        "bw" : 0,
        "iops" : 0.000000,
        "runtime" : 0,
        "total_ios" : 0,
        "short_ios" : 0,
        "drop_ios" : 0,
        "slat_ns" : {
          "min" : 0,
          "max" : 0,
          "mean" : 0.000000,
          "stddev" : 0.000000,
          "N" : 0
        },
        "clat_ns" : {
          "min" : 0,
          "max" : 0,
          "mean" : 0.000000,
          "stddev" : 0.000000,
          "N" : 0
        },
        "lat_ns" : {
          "min" : 0,
          "max" : 0,
          "mean" : 0.000000,
          "stddev" : 0.000000,
          "N" : 0
        },
        "bw_min" : 0,
        "bw_max" : 0,
        "bw_agg" : 0.000000,
        "bw_mean" : 0.000000,
        "bw_dev" : 0.000000,
        "bw_samples" : 0,
        "iops_min" : 0,
        "iops_max" : 0,
        "iops_mean" : 0.000000,
        "iops_stddev" : 0.000000,
        "iops_samples" : 0
      },
      "sync" : {
        "total_ios" : 0,
        "lat_ns" : {
          "min" : 0,
          "max" : 0,
          "mean" : 0.000000,
          "stddev" : 0.000000,
          "N" : 0
        }
      },
      "job_runtime" : 30000,
      "usr_cpu" : 0.876667,
      "sys_cpu" : 5.570000,
      "ctx" : 159368,
      "majf" : 0,
      "minf" : 49,
      "iodepth_level" : {
        "1" : 100.000000,
        "2" : 0.000000,
        "4" : 0.000000,
        "8" : 0.000000,
        "16" : 0.000000,
        "32" : 0.000000,
        ">=64" : 0.000000
      },
      "iodepth_submit" : {
        "0" : 0.000000,
        "4" : 100.000000,
        "8" : 0.000000,
        "16" : 0.000000,
        "32" : 0.000000,
        "64" : 0.000000,
        ">=64" : 0.000000
      },
      "iodepth_complete" : {
        "0" : 0.000000,
        "4" : 100.000000,
        "8" : 0.000000,
        "16" : 0.000000,
        "32" : 0.000000,
        "64" : 0.000000,
        ">=64" : 0.000000
      },
      "latency_ns" : {
        "2" : 0.000000,
        "4" : 0.000000,
        "10" : 0.000000,
        "20" : 0.000000,
        "50" : 0.000000,
        "100" : 0.000000,
        "250" : 0.000000,
        "500" : 0.000000,
        "750" : 0.000000,
        "1000" : 0.000000
      },
      "latency_us" : {
        "2" : 0.000000,
        "4" : 0.000000,
        "10" : 0.000000,
        "20" : 0.000000,
        "50" : 0.000000,
        "100" : 0.026355,
        "250" : 97.331200,
        "500" : 2.466742,
        "750" : 0.120482,
        "1000" : 0.013805
      },
      "latency_ms" : {
        "2" : 0.016315,
        "4" : 0.010000,
        "10" : 0.020080,
        "20" : 0.000000,
        "50" : 0.000000,
        "100" : 0.000000,
        "250" : 0.000000,
        "500" : 0.000000,
        "750" : 0.000000,
        "1000" : 0.000000,
        "2000" : 0.000000,
        ">=2000" : 0.000000
      },
      "latency_depth" : 1,
      "latency_target" : 0,
      "latency_percentile" : 100.000000,
      "latency_window" : 0
    }
  ],
  "disk_util" : [
    {
      "name" : "sdd",
      "read_ios" : 184473,
      "write_ios" : 65,
      "read_sectors" : 1476824,
      "write_sectors" : 1216,
      "read_merges" : 118,
      "write_merges" : 70,
      "read_ticks" : 32329,
      "write_ticks" : 29,
      "in_queue" : 32369,
      "util" : 86.126985
    }
  ]
}
