{
  "fio version" : "fio-3.36",
  "timestamp" : 1759385401,
  "timestamp_ms" : 1759385401672,
  "time" : "Thu Oct  1 18:10:01 2025",
  "jobs" : [
    {
      "jobname" : "RandWrite_bs_32k",
      "groupid" : 0,
      "job_start" : 1759385372688,
      "error" : 0,
      "eta" : 0,
      "elapsed" : 36,
      "job options" : {
        "name" : "RandWrite_bs_32k",
        "filename" : "~/fio_testfile",
        "direct" : "1",
        "rw" : "randwrite",
        "bs" : "32k",
        "iodepth" : "1",
        "numjobs" : "1",
        "size" : "10G",
        "runtime" : "30s",
        "ramp_time" : "5s"
      },
      "read" : {
        "io_bytes" : 0,
        "io_kbytes" : 0,
        "bw_bytes" : 0,
        "bw" : 0,
        "iops" : 0.000000,
        "runtime" : 0,
        "total_ios" : 0,
        "short_ios" : 0,
        "drop_ios" : 0,
        "slat_ns" : {
          "min" : 0,
          "max" : 0,
          "mean" : 0.000000,
          "stddev" : 0.000000,
          "N" : 0
        },
        "clat_ns" : {
          "min" : 0,
          "max" : 0,
          "mean" : 0.000000,
          "stddev" : 0.000000,
          "N" : 0
        },
        "lat_ns" : {
          "min" : 0,
          "max" : 0,
          "mean" : 0.000000,
          "stddev" : 0.000000,
          "N" : 0
        },
        "bw_min" : 0,
        "bw_max" : 0,
        "bw_agg" : 0.000000,
        "bw_mean" : 0.000000,
        "bw_dev" : 0.000000,
        "bw_samples" : 0,
        "iops_min" : 0,
        "iops_max" : 0,
        "iops_mean" : 0.000000,
        "iops_stddev" : 0.000000,
        "iops_samples" : 0
      },
      "write" : {
        "io_bytes" : 3435495424,
        "io_kbytes" : 3354976,
        "bw_bytes" : 114512697,
        "bw" : 111828,
        "iops" : 3494.650178,
        "runtime" : 30001,
        "total_ios" : 104843,
        "short_ios" : 0,
        "drop_ios" : 0,
        "slat_ns" : {
          "min" : 0,
          "max" : 0,
          "mean" : 0.000000,
          "stddev" : 0.000000,
          "N" : 0
        },
        "clat_ns" : {
          "min" : 206453,
          "max" : 12776193,
          "mean" : 284861.704883,
          "stddev" : 165453.814227,
          "N" : 104843,
          "percentile" : {
            "1.000000" : 228352,
            "5.000000" : 236544,
            "10.000000" : 242688,
            "20.000000" : 250880,
            "30.000000" : 257024,
            "40.000000" : 264192,
            "50.000000" : 272384,
            "60.000000" : 280576,
            "70.000000" : 292864,
            "80.000000" : 305152,
            "90.000000" : 321536,
            "95.000000" : 342016,
            "99.000000" : 481280,
            "99.500000" : 528384,
            "99.900000" : 937984,
            "99.950000" : 5079040,
            "99.990000" : 7831552
          }
        },
        "lat_ns" : {
          "min" : 206608,
          "max" : 12776431,
          "mean" : 285139.851616,
          "stddev" : 165466.488297,
          "N" : 104843
        },
        "bw_min" : 100928,
        "bw_max" : 119760,
        "bw_agg" : 100.000000,
        "bw_mean" : 111952.593220,
        "bw_dev" : 3766.800545,
        "bw_samples" : 59,
        "iops_min" : 3154,
        "iops_max" : 3742,
        "iops_mean" : 3498.237288,
        "iops_stddev" : 117.659553,
        "iops_samples" : 59
      },
      "trim" : {
        "io_bytes" : 0,
        "io_kbytes" : 0,
        "bw_bytes" : 0,
        "bw" : 0,
        "iops" : 0.000000,
        "runtime" : 0,
        "total_ios" : 0,
        "short_ios" : 0,
        "drop_ios" : 0,
        "slat_ns" : {
          "min" : 0,
          "max" : 0,
          "mean" : 0.000000,
          "stddev" : 0.000000,
          "N" : 0
        },
        "clat_ns" : {
          "min" : 0,
          "max" : 0,
          "mean" : 0.000000,
          "stddev" : 0.000000,
          "N" : 0
        },
        "lat_ns" : {
          "min" : 0,
          "max" : 0,
          "mean" : 0.000000,
          "stddev" : 0.000000,
          "N" : 0
        },
        "bw_min" : 0,
        "bw_max" : 0,
        "bw_agg" : 0.000000,
        "bw_mean" : 0.000000,
        "bw_dev" : 0.000000,
        "bw_samples" : 0,
        "iops_min" : 0,
        "iops_max" : 0,
        "iops_mean" : 0.000000,
        "iops_stddev" : 0.000000,
        "iops_samples" : 0
      },
      "sync" : {
        "total_ios" : 0,
        "lat_ns" : {
          "min" : 0,
          "max" : 0,
          "mean" : 0.000000,
          "stddev" : 0.000000,
          "N" : 0
        }
      },
      "job_runtime" : 30000,
      "usr_cpu" : 0.746667,
      "sys_cpu" : 13.540000,
      "ctx" : 104857,
      "majf" : 0,
      "minf" : 36,
      "iodepth_level" : {
        "1" : 100.000000,
        "2" : 0.000000,
        "4" : 0.000000,
        "8" : 0.000000,
        "16" : 0.000000,
        "32" : 0.000000,
        ">=64" : 0.000000
      },
      "iodepth_submit" : {
        "0" : 0.000000,
        "4" : 100.000000,
        "8" : 0.000000,
        "16" : 0.000000,
        "32" : 0.000000,
        "64" : 0.000000,
        ">=64" : 0.000000
      },
      "iodepth_complete" : {
        "0" : 0.000000,
        "4" : 100.000000,
        "8" : 0.000000,
        "16" : 0.000000,
        "32" : 0.000000,
        "64" : 0.000000,
        ">=64" : 0.000000
      },
      "latency_ns" : {
        "2" : 0.000000,
        "4" : 0.000000,
        "10" : 0.000000,
        "20" : 0.000000,
        "50" : 0.000000,
        "100" : 0.000000,
        "250" : 0.000000,
        "500" : 0.000000,
        "750" : 0.000000,
        "1000" : 0.000000
      },
      "latency_us" : {
        "2" : 0.000000,
        "4" : 0.000000,
        "10" : 0.000000,
        "20" : 0.000000,
        "50" : 0.000000,
        "100" : 0.000000,
        "250" : 17.645432,
        "500" : 81.618229,
        "750" : 0.591360,
        "1000" : 0.050552
      },
      "latency_ms" : {
        "2" : 0.020984,
        "4" : 0.018122,
        "10" : 0.054367,
        "20" : 0.010000,
        "50" : 0.000000,
        "100" : 0.000000,
        "250" : 0.000000,
        "500" : 0.000000,
        "750" : 0.000000,
        "1000" : 0.000000,
        "2000" : 0.000000,
        ">=2000" : 0.000000
      },
      "latency_depth" : 1,
      "latency_target" : 0,
      "latency_percentile" : 100.000000,
      "latency_window" : 0
    }
  ],
  "disk_util" : [
    {
      "name" : "sdd",
      "read_ios" : 0,
      "write_ios" : 122927,
      "read_sectors" : 0,
      "write_sectors" : 7929664,
      "read_merges" : 0,
      "write_merges" : 100164,
      "read_ticks" : 0,
      "write_ticks" : 30537,
      "in_queue" : 30543,
      "util" : 81.361946
    }
  ]
}
