{
  "fio version" : "fio-3.36",
  "timestamp" : 1759385265,
  "timestamp_ms" : 1759385265829,
  "time" : "Thu Oct  1 17:07:45 2025",
  "jobs" : [
    {
      "jobname" : "RandRead_bs_256k",
      "groupid" : 0,
      "job_start" : 1759385236825,
      "error" : 0,
      "eta" : 0,
      "elapsed" : 36,
      "job options" : {
        "name" : "RandRead_bs_256k",
        "filename" : "/home/jaron/Repo-for-Advanced-Computer-Systems/Project3/testfile/fio_testfile",
        "direct" : "1",
        "rw" : "randread",
        "bs" : "256k",
        "iodepth" : "1",
        "numjobs" : "1",
        "size" : "10G",
        "runtime" : "30s",
        "ramp_time" : "5s"
      },
      "read" : {
        "io_bytes" : 22820159488,
        "io_kbytes" : 22285312,
        "bw_bytes" : 760646628,
        "bw" : 742818,
        "iops" : 2901.636612,
        "runtime" : 30001,
        "total_ios" : 87052,
        "short_ios" : 0,
        "drop_ios" : 0,
        "slat_ns" : {
          "min" : 0,
          "max" : 0,
          "mean" : 0.000000,
          "stddev" : 0.000000,
          "N" : 0
        },
        "clat_ns" : {
          "min" : 161385,
          "max" : 9459290,
          "mean" : 343725.159204,
          "stddev" : 150509.051547,
          "N" : 87052,
          "percentile" : {
            "1.000000" : 230400,
            "5.000000" : 242688,
            "10.000000" : 288768,
            "20.000000" : 321536,
            "30.000000" : 325632,
            "40.000000" : 333824,
            "50.000000" : 337920,
            "60.000000" : 346112,
            "70.000000" : 350208,
            "80.000000" : 362496,
            "90.000000" : 382976,
            "95.000000" : 403456,
            "99.000000" : 561152,
            "99.500000" : 585728,
            "99.900000" : 724992,
            "99.950000" : 1564672,
            "99.990000" : 7831552
          }
        },
        "lat_ns" : {
          "min" : 161405,
          "max" : 9459445,
          "mean" : 343795.576540,
          "stddev" : 150519.975219,
          "N" : 87052
        },
        "bw_min" : 675328,
        "bw_max" : 897517,
        "bw_agg" : 100.000000,
        "bw_mean" : 743334.661017,
        "bw_dev" : 36212.693770,
        "bw_samples" : 59,
        "iops_min" : 2638,
        "iops_max" : 3505,
        "iops_mean" : 2903.237288,
        "iops_stddev" : 141.430663,
        "iops_samples" : 59
      },
      "write" : {
        "io_bytes" : 0,
        "io_kbytes" : 0,
        "bw_bytes" : 0,
        "bw" : 0,
        "iops" : 0.000000,
        "runtime" : 0,
        "total_ios" : 0,
        "short_ios" : 0,
        "drop_ios" : 0,
        "slat_ns" : {
          "min" : 0,
          "max" : 0,
          "mean" : 0.000000,
          "stddev" : 0.000000,
          "N" : 0
        },
        "clat_ns" : {
          "min" : 0,
          "max" : 0,
          "mean" : 0.000000,
          "stddev" : 0.000000,
          "N" : 0
        },
        "lat_ns" : {
          "min" : 0,
          "max" : 0,
          "mean" : 0.000000,
          "stddev" : 0.000000,
          "N" : 0
        },
        "bw_min" : 0,
        "bw_max" : 0,
        "bw_agg" : 0.000000,
        "bw_mean" : 0.000000,
        "bw_dev" : 0.000000,
        "bw_samples" : 0,
        "iops_min" : 0,
        "iops_max" : 0,
        "iops_mean" : 0.000000,
        "iops_stddev" : 0.000000,
        "iops_samples" : 0
      },
      "trim" : {
        "io_bytes" : 0,
        "io_kbytes" : 0,
        "bw_bytes" : 0,
        "bw" : 0,
        "iops" : 0.000000,
        "runtime" : 0,
        "total_ios" : 0,
        "short_ios" : 0,
        "drop_ios" : 0,
        "slat_ns" : {
          "min" : 0,
          "max" : 0,
          "mean" : 0.000000,
          "stddev" : 0.000000,
          "N" : 0
        },
        "clat_ns" : {
          "min" : 0,
          "max" : 0,
          "mean" : 0.000000,
          "stddev" : 0.000000,
          "N" : 0
        },
        "lat_ns" : {
          "min" : 0,
          "max" : 0,
          "mean" : 0.000000,
          "stddev" : 0.000000,
          "N" : 0
        },
        "bw_min" : 0,
        "bw_max" : 0,
        "bw_agg" : 0.000000,
        "bw_mean" : 0.000000,
        "bw_dev" : 0.000000,
        "bw_samples" : 0,
        "iops_min" : 0,
        "iops_max" : 0,
        "iops_mean" : 0.000000,
        "iops_stddev" : 0.000000,
        "iops_samples" : 0
      },
      "sync" : {
        "total_ios" : 0,
        "lat_ns" : {
          "min" : 0,
          "max" : 0,
          "mean" : 0.000000,
          "stddev" : 0.000000,
          "N" : 0
        }
      },
      "job_runtime" : 30000,
      "usr_cpu" : 0.536667,
      "sys_cpu" : 5.343333,
      "ctx" : 87052,
      "majf" : 0,
      "minf" : 36,
      "iodepth_level" : {
        "1" : 100.000000,
        "2" : 0.000000,
        "4" : 0.000000,
        "8" : 0.000000,
        "16" : 0.000000,
        "32" : 0.000000,
        ">=64" : 0.000000
      },
      "iodepth_submit" : {
        "0" : 0.000000,
        "4" : 100.000000,
        "8" : 0.000000,
        "16" : 0.000000,
        "32" : 0.000000,
        "64" : 0.000000,
        ">=64" : 0.000000
      },
      "iodepth_complete" : {
        "0" : 0.000000,
        "4" : 100.000000,
        "8" : 0.000000,
        "16" : 0.000000,
        "32" : 0.000000,
        "64" : 0.000000,
        ">=64" : 0.000000
      },
      "latency_ns" : {
        "2" : 0.000000,
        "4" : 0.000000,
        "10" : 0.000000,
        "20" : 0.000000,
        "50" : 0.000000,
        "100" : 0.000000,
        "250" : 0.000000,
        "500" : 0.000000,
        "750" : 0.000000,
        "1000" : 0.000000
      },
      "latency_us" : {
        "2" : 0.000000,
        "4" : 0.000000,
        "10" : 0.000000,
        "20" : 0.000000,
        "50" : 0.000000,
        "100" : 0.000000,
        "250" : 6.026283,
        "500" : 92.557322,
        "750" : 1.327942,
        "1000" : 0.021826
      },
      "latency_ms" : {
        "2" : 0.024124,
        "4" : 0.010000,
        "10" : 0.035611,
        "20" : 0.000000,
        "50" : 0.000000,
        "100" : 0.000000,
        "250" : 0.000000,
        "500" : 0.000000,
        "750" : 0.000000,
        "1000" : 0.000000,
        "2000" : 0.000000,
        ">=2000" : 0.000000
      },
      "latency_depth" : 1,
      "latency_target" : 0,
      "latency_percentile" : 100.000000,
      "latency_window" : 0
    }
  ],
  "disk_util" : [
    {
      "name" : "sdd",
      "read_ios" : 100961,
      "write_ios" : 29,
      "read_sectors" : 51692032,
      "write_sectors" : 448,
      "read_merges" : 0,
      "write_merges" : 23,
      "read_ticks" : 33044,
      "write_ticks" : 17,
      "in_queue" : 33067,
      "util" : 91.340935
    }
  ]
}
