{
  "fio version" : "fio-3.36",
  "timestamp" : 1759385470,
  "timestamp_ms" : 1759385470124,
  "time" : "Thu Oct  1 18:11:10 2025",
  "jobs" : [
    {
      "jobname" : "RandWrite_bs_128k",
      "groupid" : 0,
      "job_start" : 1759385441157,
      "error" : 0,
      "eta" : 0,
      "elapsed" : 36,
      "job options" : {
        "name" : "RandWrite_bs_128k",
        "filename" : "~/fio_testfile",
        "direct" : "1",
        "rw" : "randwrite",
        "bs" : "128k",
        "iodepth" : "1",
        "numjobs" : "1",
        "size" : "10G",
        "runtime" : "30s",
        "ramp_time" : "5s"
      },
      "read" : {
        "io_bytes" : 0,
        "io_kbytes" : 0,
        "bw_bytes" : 0,
        "bw" : 0,
        "iops" : 0.000000,
        "runtime" : 0,
        "total_ios" : 0,
        "short_ios" : 0,
        "drop_ios" : 0,
        "slat_ns" : {
          "min" : 0,
          "max" : 0,
          "mean" : 0.000000,
          "stddev" : 0.000000,
          "N" : 0
        },
        "clat_ns" : {
          "min" : 0,
          "max" : 0,
          "mean" : 0.000000,
          "stddev" : 0.000000,
          "N" : 0
        },
        "lat_ns" : {
          "min" : 0,
          "max" : 0,
          "mean" : 0.000000,
          "stddev" : 0.000000,
          "N" : 0
        },
        "bw_min" : 0,
        "bw_max" : 0,
        "bw_agg" : 0.000000,
        "bw_mean" : 0.000000,
        "bw_dev" : 0.000000,
        "bw_samples" : 0,
        "iops_min" : 0,
        "iops_max" : 0,
        "iops_mean" : 0.000000,
        "iops_stddev" : 0.000000,
        "iops_samples" : 0
      },
      "write" : {
        "io_bytes" : 12126650368,
        "io_kbytes" : 11842432,
        "bw_bytes" : 404208205,
        "bw" : 394734,
        "iops" : 3083.863871,
        "runtime" : 30001,
        "total_ios" : 92519,
        "short_ios" : 0,
        "drop_ios" : 0,
        "slat_ns" : {
          "min" : 0,
          "max" : 0,
          "mean" : 0.000000,
          "stddev" : 0.000000,
          "N" : 0
        },
        "clat_ns" : {
          "min" : 234306,
          "max" : 8865681,
          "mean" : 322555.668760,
          "stddev" : 255485.205957,
          "N" : 92519,
          "percentile" : {
            "1.000000" : 250880,
            "5.000000" : 264192,
            "10.000000" : 272384,
            "20.000000" : 280576,
            "30.000000" : 284672,
            "40.000000" : 292864,
            "50.000000" : 301056,
            "60.000000" : 309248,
            "70.000000" : 325632,
            "80.000000" : 337920,
            "90.000000" : 358400,
            "95.000000" : 387072,
            "99.000000" : 552960,
            "99.500000" : 634880,
            "99.900000" : 5341184,
            "99.950000" : 7766016,
            "99.990000" : 8159232
          }
        },
        "lat_ns" : {
          "min" : 234720,
          "max" : 8866281,
          "mean" : 323223.882640,
          "stddev" : 255508.708302,
          "N" : 92519
        },
        "bw_min" : 362240,
        "bw_max" : 428288,
        "bw_agg" : 100.000000,
        "bw_mean" : 394924.542373,
        "bw_dev" : 13709.845402,
        "bw_samples" : 59,
        "iops_min" : 2830,
        "iops_max" : 3346,
        "iops_mean" : 3085.220339,
        "iops_stddev" : 107.118057,
        "iops_samples" : 59
      },
      "trim" : {
        "io_bytes" : 0,
        "io_kbytes" : 0,
        "bw_bytes" : 0,
        "bw" : 0,
        "iops" : 0.000000,
        "runtime" : 0,
        "total_ios" : 0,
        "short_ios" : 0,
        "drop_ios" : 0,
        "slat_ns" : {
          "min" : 0,
          "max" : 0,
          "mean" : 0.000000,
          "stddev" : 0.000000,
          "N" : 0
        },
        "clat_ns" : {
          "min" : 0,
          "max" : 0,
          "mean" : 0.000000,
          "stddev" : 0.000000,
          "N" : 0
        },
        "lat_ns" : {
          "min" : 0,
          "max" : 0,
          "mean" : 0.000000,
          "stddev" : 0.000000,
          "N" : 0
        },
        "bw_min" : 0,
        "bw_max" : 0,
        "bw_agg" : 0.000000,
        "bw_mean" : 0.000000,
        "bw_dev" : 0.000000,
        "bw_samples" : 0,
        "iops_min" : 0,
        "iops_max" : 0,
        "iops_mean" : 0.000000,
        "iops_stddev" : 0.000000,
        "iops_samples" : 0
      },
      "sync" : {
        "total_ios" : 0,
        "lat_ns" : {
          "min" : 0,
          "max" : 0,
          "mean" : 0.000000,
          "stddev" : 0.000000,
          "N" : 0
        }
      },
      "job_runtime" : 30000,
      "usr_cpu" : 0.923333,
      "sys_cpu" : 9.470000,
      "ctx" : 92526,
      "majf" : 0,
      "minf" : 36,
      "iodepth_level" : {
        "1" : 100.000000,
        "2" : 0.000000,
        "4" : 0.000000,
        "8" : 0.000000,
        "16" : 0.000000,
        "32" : 0.000000,
        ">=64" : 0.000000
      },
      "iodepth_submit" : {
        "0" : 0.000000,
        "4" : 100.000000,
        "8" : 0.000000,
        "16" : 0.000000,
        "32" : 0.000000,
        "64" : 0.000000,
        ">=64" : 0.000000
      },
      "iodepth_complete" : {
        "0" : 0.000000,
        "4" : 100.000000,
        "8" : 0.000000,
        "16" : 0.000000,
        "32" : 0.000000,
        "64" : 0.000000,
        ">=64" : 0.000000
      },
      "latency_ns" : {
        "2" : 0.000000,
        "4" : 0.000000,
        "10" : 0.000000,
        "20" : 0.000000,
        "50" : 0.000000,
        "100" : 0.000000,
        "250" : 0.000000,
        "500" : 0.000000,
        "750" : 0.000000,
        "1000" : 0.000000
      },
      "latency_us" : {
        "2" : 0.000000,
        "4" : 0.000000,
        "10" : 0.000000,
        "20" : 0.000000,
        "50" : 0.000000,
        "100" : 0.000000,
        "250" : 0.781461,
        "500" : 97.376755,
        "750" : 1.511041,
        "1000" : 0.032426
      },
      "latency_ms" : {
        "2" : 0.126461,
        "4" : 0.025941,
        "10" : 0.145916,
        "20" : 0.000000,
        "50" : 0.000000,
        "100" : 0.000000,
        "250" : 0.000000,
        "500" : 0.000000,
        "750" : 0.000000,
        "1000" : 0.000000,
        "2000" : 0.000000,
        ">=2000" : 0.000000
      },
      "latency_depth" : 1,
      "latency_target" : 0,
      "latency_percentile" : 100.000000,
      "latency_window" : 0
    }
  ],
  "disk_util" : [
    {
      "name" : "sdd",
      "read_ios" : 0,
      "write_ios" : 107972,
      "read_sectors" : 0,
      "write_sectors" : 27650104,
      "read_merges" : 0,
      "write_merges" : 36961,
      "read_ticks" : 0,
      "write_ticks" : 31656,
      "in_queue" : 31664,
      "util" : 85.272785
    }
  ]
}
