{
  "fio version" : "fio-3.36",
  "timestamp" : 1759385333,
  "timestamp_ms" : 1759385333187,
  "time" : "Thu Oct  1 18:08:53 2025",
  "jobs" : [
    {
      "jobname" : "RandWrite_bs_8k",
      "groupid" : 0,
      "job_start" : 1759385304258,
      "error" : 0,
      "eta" : 0,
      "elapsed" : 36,
      "job options" : {
        "name" : "RandWrite_bs_8k",
        "filename" : "~/fio_testfile",
        "direct" : "1",
        "rw" : "randwrite",
        "bs" : "8k",
        "iodepth" : "1",
        "numjobs" : "1",
        "size" : "10G",
        "runtime" : "30s",
        "ramp_time" : "5s"
      },
      "read" : {
        "io_bytes" : 0,
        "io_kbytes" : 0,
        "bw_bytes" : 0,
        "bw" : 0,
        "iops" : 0.000000,
        "runtime" : 0,
        "total_ios" : 0,
        "short_ios" : 0,
        "drop_ios" : 0,
        "slat_ns" : {
          "min" : 0,
          "max" : 0,
          "mean" : 0.000000,
          "stddev" : 0.000000,
          "N" : 0
        },
        "clat_ns" : {
          "min" : 0,
          "max" : 0,
          "mean" : 0.000000,
          "stddev" : 0.000000,
          "N" : 0
        },
        "lat_ns" : {
          "min" : 0,
          "max" : 0,
          "mean" : 0.000000,
          "stddev" : 0.000000,
          "N" : 0
        },
        "bw_min" : 0,
        "bw_max" : 0,
        "bw_agg" : 0.000000,
        "bw_mean" : 0.000000,
        "bw_dev" : 0.000000,
        "bw_samples" : 0,
        "iops_min" : 0,
        "iops_max" : 0,
        "iops_mean" : 0.000000,
        "iops_stddev" : 0.000000,
        "iops_samples" : 0
      },
      "write" : {
        "io_bytes" : 901185536,
        "io_kbytes" : 880064,
        "bw_bytes" : 30038516,
        "bw" : 29334,
        "iops" : 3666.811106,
        "runtime" : 30001,
        "total_ios" : 110008,
        "short_ios" : 0,
        "drop_ios" : 0,
        "slat_ns" : {
          "min" : 0,
          "max" : 0,
          "mean" : 0.000000,
          "stddev" : 0.000000,
          "N" : 0
        },
        "clat_ns" : {
          "min" : 198625,
          "max" : 7876620,
          "mean" : 271633.636372,
          "stddev" : 157014.637564,
          "N" : 110008,
          "percentile" : {
            "1.000000" : 224256,
            "5.000000" : 234496,
            "10.000000" : 238592,
            "20.000000" : 244736,
            "30.000000" : 248832,
            "40.000000" : 252928,
            "50.000000" : 257024,
            "60.000000" : 264192,
            "70.000000" : 272384,
            "80.000000" : 284672,
            "90.000000" : 301056,
            "95.000000" : 317440,
            "99.000000" : 485376,
            "99.500000" : 536576,
            "99.900000" : 700416,
            "99.950000" : 5079040,
            "99.990000" : 7766016
          }
        },
        "lat_ns" : {
          "min" : 198709,
          "max" : 7876766,
          "mean" : 271783.161006,
          "stddev" : 157021.630721,
          "N" : 110008
        },
        "bw_min" : 26768,
        "bw_max" : 31648,
        "bw_agg" : 100.000000,
        "bw_mean" : 29377.288136,
        "bw_dev" : 948.723881,
        "bw_samples" : 59,
        "iops_min" : 3346,
        "iops_max" : 3956,
        "iops_mean" : 3671.983051,
        "iops_stddev" : 118.618120,
        "iops_samples" : 59
      },
      "trim" : {
        "io_bytes" : 0,
        "io_kbytes" : 0,
        "bw_bytes" : 0,
        "bw" : 0,
        "iops" : 0.000000,
        "runtime" : 0,
        "total_ios" : 0,
        "short_ios" : 0,
        "drop_ios" : 0,
        "slat_ns" : {
          "min" : 0,
          "max" : 0,
          "mean" : 0.000000,
          "stddev" : 0.000000,
          "N" : 0
        },
        "clat_ns" : {
          "min" : 0,
          "max" : 0,
          "mean" : 0.000000,
          "stddev" : 0.000000,
          "N" : 0
        },
        "lat_ns" : {
          "min" : 0,
          "max" : 0,
          "mean" : 0.000000,
          "stddev" : 0.000000,
          "N" : 0
        },
        "bw_min" : 0,
        "bw_max" : 0,
        "bw_agg" : 0.000000,
        "bw_mean" : 0.000000,
        "bw_dev" : 0.000000,
        "bw_samples" : 0,
        "iops_min" : 0,
        "iops_max" : 0,
        "iops_mean" : 0.000000,
        "iops_stddev" : 0.000000,
        "iops_samples" : 0
      },
      "sync" : {
        "total_ios" : 0,
        "lat_ns" : {
          "min" : 0,
          "max" : 0,
          "mean" : 0.000000,
          "stddev" : 0.000000,
          "N" : 0
        }
      },
      "job_runtime" : 30000,
      "usr_cpu" : 0.653333,
      "sys_cpu" : 14.356667,
      "ctx" : 110016,
      "majf" : 0,
      "minf" : 36,
      "iodepth_level" : {
        "1" : 100.000000,
        "2" : 0.000000,
        "4" : 0.000000,
        "8" : 0.000000,
        "16" : 0.000000,
        "32" : 0.000000,
        ">=64" : 0.000000
      },
      "iodepth_submit" : {
        "0" : 0.000000,
        "4" : 100.000000,
        "8" : 0.000000,
        "16" : 0.000000,
        "32" : 0.000000,
        "64" : 0.000000,
        ">=64" : 0.000000
      },
      "iodepth_complete" : {
        "0" : 0.000000,
        "4" : 100.000000,
        "8" : 0.000000,
        "16" : 0.000000,
        "32" : 0.000000,
        "64" : 0.000000,
        ">=64" : 0.000000
      },
      "latency_ns" : {
        "2" : 0.000000,
        "4" : 0.000000,
        "10" : 0.000000,
        "20" : 0.000000,
        "50" : 0.000000,
        "100" : 0.000000,
        "250" : 0.000000,
        "500" : 0.000000,
        "750" : 0.000000,
        "1000" : 0.000000
      },
      "latency_us" : {
        "2" : 0.000000,
        "4" : 0.000000,
        "10" : 0.000000,
        "20" : 0.000000,
        "50" : 0.000000,
        "100" : 0.000000,
        "250" : 34.011163,
        "500" : 65.181623,
        "750" : 0.718130,
        "1000" : 0.013635
      },
      "latency_ms" : {
        "2" : 0.010000,
        "4" : 0.017271,
        "10" : 0.053632,
        "20" : 0.000000,
        "50" : 0.000000,
        "100" : 0.000000,
        "250" : 0.000000,
        "500" : 0.000000,
        "750" : 0.000000,
        "1000" : 0.000000,
        "2000" : 0.000000,
        ">=2000" : 0.000000
      },
      "latency_depth" : 1,
      "latency_target" : 0,
      "latency_percentile" : 100.000000,
      "latency_window" : 0
    }
  ],
  "disk_util" : [
    {
      "name" : "sdd",
      "read_ios" : 0,
      "write_ios" : 128389,
      "read_sectors" : 0,
      "write_sectors" : 2116376,
      "read_merges" : 0,
      "write_merges" : 105503,
      "read_ticks" : 0,
      "write_ticks" : 30196,
      "in_queue" : 30203,
      "util" : 80.451085
    }
  ]
}
