{
  "fio version" : "fio-3.36",
  "timestamp" : 1759385299,
  "timestamp_ms" : 1759385299003,
  "time" : "Thu Oct  1 18:08:19 2025",
  "jobs" : [
    {
      "jobname" : "RandWrite_bs_4k",
      "groupid" : 0,
      "job_start" : 1759385270061,
      "error" : 0,
      "eta" : 0,
      "elapsed" : 36,
      "job options" : {
        "name" : "RandWrite_bs_4k",
        "filename" : "~/fio_testfile",
        "direct" : "1",
        "rw" : "randwrite",
        "bs" : "4k",
        "iodepth" : "1",
        "numjobs" : "1",
        "size" : "10G",
        "runtime" : "30s",
        "ramp_time" : "5s"
      },
      "read" : {
        "io_bytes" : 0,
        "io_kbytes" : 0,
        "bw_bytes" : 0,
        "bw" : 0,
        "iops" : 0.000000,
        "runtime" : 0,
        "total_ios" : 0,
        "short_ios" : 0,
        "drop_ios" : 0,
        "slat_ns" : {
          "min" : 0,
          "max" : 0,
          "mean" : 0.000000,
          "stddev" : 0.000000,
          "N" : 0
        },
        "clat_ns" : {
          "min" : 0,
          "max" : 0,
          "mean" : 0.000000,
          "stddev" : 0.000000,
          "N" : 0
        },
        "lat_ns" : {
          "min" : 0,
          "max" : 0,
          "mean" : 0.000000,
          "stddev" : 0.000000,
          "N" : 0
        },
        "bw_min" : 0,
        "bw_max" : 0,
        "bw_agg" : 0.000000,
        "bw_mean" : 0.000000,
        "bw_dev" : 0.000000,
        "bw_samples" : 0,
        "iops_min" : 0,
        "iops_max" : 0,
        "iops_mean" : 0.000000,
        "iops_stddev" : 0.000000,
        "iops_samples" : 0
      },
      "write" : {
        "io_bytes" : 398540800,
        "io_kbytes" : 389200,
        "bw_bytes" : 13284250,
        "bw" : 12972,
        "iops" : 3243.225226,
        "runtime" : 30001,
        "total_ios" : 97300,
        "short_ios" : 0,
        "drop_ios" : 0,
        "slat_ns" : {
          "min" : 0,
          "max" : 0,
          "mean" : 0.000000,
          "stddev" : 0.000000,
          "N" : 0
        },
        "clat_ns" : {
          "min" : 217770,
          "max" : 9403859,
          "mean" : 307333.515170,
          "stddev" : 284018.810149,
          "N" : 97300,
          "percentile" : {
            "1.000000" : 230400,
            "5.000000" : 234496,
            "10.000000" : 238592,
            "20.000000" : 240640,
            "30.000000" : 244736,
            "40.000000" : 246784,
            "50.000000" : 250880,
            "60.000000" : 254976,
            "70.000000" : 261120,
            "80.000000" : 284672,
            "90.000000" : 317440,
            "95.000000" : 659456,
            "99.000000" : 1122304,
            "99.500000" : 1220608,
            "99.900000" : 5210112,
            "99.950000" : 7700480,
            "99.990000" : 9109504
          }
        },
        "lat_ns" : {
          "min" : 217832,
          "max" : 9404076,
          "mean" : 307448.136372,
          "stddev" : 284026.794740,
          "N" : 97300
        },
        "bw_min" : 6184,
        "bw_max" : 15768,
        "bw_agg" : 99.800350,
        "bw_mean" : 12947.932203,
        "bw_dev" : 2831.309280,
        "bw_samples" : 59,
        "iops_min" : 1546,
        "iops_max" : 3942,
        "iops_mean" : 3236.728814,
        "iops_stddev" : 707.809195,
        "iops_samples" : 59
      },
      "trim" : {
        "io_bytes" : 0,
        "io_kbytes" : 0,
        "bw_bytes" : 0,
        "bw" : 0,
        "iops" : 0.000000,
        "runtime" : 0,
        "total_ios" : 0,
        "short_ios" : 0,
        "drop_ios" : 0,
        "slat_ns" : {
          "min" : 0,
          "max" : 0,
          "mean" : 0.000000,
          "stddev" : 0.000000,
          "N" : 0
        },
        "clat_ns" : {
          "min" : 0,
          "max" : 0,
          "mean" : 0.000000,
          "stddev" : 0.000000,
          "N" : 0
        },
        "lat_ns" : {
          "min" : 0,
          "max" : 0,
          "mean" : 0.000000,
          "stddev" : 0.000000,
          "N" : 0
        },
        "bw_min" : 0,
        "bw_max" : 0,
        "bw_agg" : 0.000000,
        "bw_mean" : 0.000000,
        "bw_dev" : 0.000000,
        "bw_samples" : 0,
        "iops_min" : 0,
        "iops_max" : 0,
        "iops_mean" : 0.000000,
        "iops_stddev" : 0.000000,
        "iops_samples" : 0
      },
      "sync" : {
        "total_ios" : 0,
        "lat_ns" : {
          "min" : 0,
          "max" : 0,
          "mean" : 0.000000,
          "stddev" : 0.000000,
          "N" : 0
        }
      },
      "job_runtime" : 30000,
      "usr_cpu" : 0.486667,
      "sys_cpu" : 13.383333,
      "ctx" : 97307,
      "majf" : 0,
      "minf" : 36,
      "iodepth_level" : {
        "1" : 100.000000,
        "2" : 0.000000,
        "4" : 0.000000,
        "8" : 0.000000,
        "16" : 0.000000,
        "32" : 0.000000,
        ">=64" : 0.000000
      },
      "iodepth_submit" : {
        "0" : 0.000000,
        "4" : 100.000000,
        "8" : 0.000000,
        "16" : 0.000000,
        "32" : 0.000000,
        "64" : 0.000000,
        ">=64" : 0.000000
      },
      "iodepth_complete" : {
        "0" : 0.000000,
        "4" : 100.000000,
        "8" : 0.000000,
        "16" : 0.000000,
        "32" : 0.000000,
        "64" : 0.000000,
        ">=64" : 0.000000
      },
      "latency_ns" : {
        "2" : 0.000000,
        "4" : 0.000000,
        "10" : 0.000000,
        "20" : 0.000000,
        "50" : 0.000000,
        "100" : 0.000000,
        "250" : 0.000000,
        "500" : 0.000000,
        "750" : 0.000000,
        "1000" : 0.000000
      },
      "latency_us" : {
        "2" : 0.000000,
        "4" : 0.000000,
        "10" : 0.000000,
        "20" : 0.000000,
        "50" : 0.000000,
        "100" : 0.000000,
        "250" : 47.492292,
        "500" : 45.402878,
        "750" : 3.349435,
        "1000" : 1.484070
      },
      "latency_ms" : {
        "2" : 2.124358,
        "4" : 0.036999,
        "10" : 0.109969,
        "20" : 0.000000,
        "50" : 0.000000,
        "100" : 0.000000,
        "250" : 0.000000,
        "500" : 0.000000,
        "750" : 0.000000,
        "1000" : 0.000000,
        "2000" : 0.000000,
        ">=2000" : 0.000000
      },
      "latency_depth" : 1,
      "latency_target" : 0,
      "latency_percentile" : 100.000000,
      "latency_window" : 0
    }
  ],
  "disk_util" : [
    {
      "name" : "sdd",
      "read_ios" : 0,
      "write_ios" : 103717,
      "read_sectors" : 0,
      "write_sectors" : 860608,
      "read_merges" : 0,
      "write_merges" : 3854,
      "read_ticks" : 0,
      "write_ticks" : 30579,
      "in_queue" : 30587,
      "util" : 82.191781
    }
  ]
}
