{
  "fio version" : "fio-3.36",
  "timestamp" : 1759385367,
  "timestamp_ms" : 1759385367426,
  "time" : "Thu Oct  1 18:09:27 2025",
  "jobs" : [
    {
      "jobname" : "RandWrite_bs_16k",
      "groupid" : 0,
      "job_start" : 1759385338447,
      "error" : 0,
      "eta" : 0,
      "elapsed" : 36,
      "job options" : {
        "name" : "RandWrite_bs_16k",
        "filename" : "~/fio_testfile",
        "direct" : "1",
        "rw" : "randwrite",
        "bs" : "16k",
        "iodepth" : "1",
        "numjobs" : "1",
        "size" : "10G",
        "runtime" : "30s",
        "ramp_time" : "5s"
      },
      "read" : {
        "io_bytes" : 0,
        "io_kbytes" : 0,
        "bw_bytes" : 0,
        "bw" : 0,
        "iops" : 0.000000,
        "runtime" : 0,
        "total_ios" : 0,
        "short_ios" : 0,
        "drop_ios" : 0,
        "slat_ns" : {
          "min" : 0,
          "max" : 0,
          "mean" : 0.000000,
          "stddev" : 0.000000,
          "N" : 0
        },
        "clat_ns" : {
          "min" : 0,
          "max" : 0,
          "mean" : 0.000000,
          "stddev" : 0.000000,
          "N" : 0
        },
        "lat_ns" : {
          "min" : 0,
          "max" : 0,
          "mean" : 0.000000,
          "stddev" : 0.000000,
          "N" : 0
        },
        "bw_min" : 0,
        "bw_max" : 0,
        "bw_agg" : 0.000000,
        "bw_mean" : 0.000000,
        "bw_dev" : 0.000000,
        "bw_samples" : 0,
        "iops_min" : 0,
        "iops_max" : 0,
        "iops_mean" : 0.000000,
        "iops_stddev" : 0.000000,
        "iops_samples" : 0
      },
      "write" : {
        "io_bytes" : 1773060096,
        "io_kbytes" : 1731504,
        "bw_bytes" : 59100033,
        "bw" : 57714,
        "iops" : 3607.179761,
        "runtime" : 30001,
        "total_ios" : 108219,
        "short_ios" : 0,
        "drop_ios" : 0,
        "slat_ns" : {
          "min" : 0,
          "max" : 0,
          "mean" : 0.000000,
          "stddev" : 0.000000,
          "N" : 0
        },
        "clat_ns" : {
          "min" : 201869,
          "max" : 8848479,
          "mean" : 276035.485100,
          "stddev" : 167321.093283,
          "N" : 108219,
          "percentile" : {
            "1.000000" : 222208,
            "5.000000" : 228352,
            "10.000000" : 234496,
            "20.000000" : 242688,
            "30.000000" : 248832,
            "40.000000" : 254976,
            "50.000000" : 261120,
            "60.000000" : 268288,
            "70.000000" : 280576,
            "80.000000" : 296960,
            "90.000000" : 313344,
            "95.000000" : 337920,
            "99.000000" : 477184,
            "99.500000" : 522240,
            "99.900000" : 806912,
            "99.950000" : 5144576,
            "99.990000" : 7766016
          }
        },
        "lat_ns" : {
          "min" : 201973,
          "max" : 8848717,
          "mean" : 276235.038995,
          "stddev" : 167331.858024,
          "N" : 108219
        },
        "bw_min" : 53270,
        "bw_max" : 62358,
        "bw_agg" : 100.000000,
        "bw_mean" : 57790.762712,
        "bw_dev" : 2044.528378,
        "bw_samples" : 59,
        "iops_min" : 3329,
        "iops_max" : 3897,
        "iops_mean" : 3611.457627,
        "iops_stddev" : 127.733332,
        "iops_samples" : 59
      },
      "trim" : {
        "io_bytes" : 0,
        "io_kbytes" : 0,
        "bw_bytes" : 0,
        "bw" : 0,
        "iops" : 0.000000,
        "runtime" : 0,
        "total_ios" : 0,
        "short_ios" : 0,
        "drop_ios" : 0,
        "slat_ns" : {
          "min" : 0,
          "max" : 0,
          "mean" : 0.000000,
          "stddev" : 0.000000,
          "N" : 0
        },
        "clat_ns" : {
          "min" : 0,
          "max" : 0,
          "mean" : 0.000000,
          "stddev" : 0.000000,
          "N" : 0
        },
        "lat_ns" : {
          "min" : 0,
          "max" : 0,
          "mean" : 0.000000,
          "stddev" : 0.000000,
          "N" : 0
        },
        "bw_min" : 0,
        "bw_max" : 0,
        "bw_agg" : 0.000000,
        "bw_mean" : 0.000000,
        "bw_dev" : 0.000000,
        "bw_samples" : 0,
        "iops_min" : 0,
        "iops_max" : 0,
        "iops_mean" : 0.000000,
        "iops_stddev" : 0.000000,
        "iops_samples" : 0
      },
      "sync" : {
        "total_ios" : 0,
        "lat_ns" : {
          "min" : 0,
          "max" : 0,
          "mean" : 0.000000,
          "stddev" : 0.000000,
          "N" : 0
        }
      },
      "job_runtime" : 30000,
      "usr_cpu" : 0.830000,
      "sys_cpu" : 13.976667,
      "ctx" : 108233,
      "majf" : 0,
      "minf" : 38,
      "iodepth_level" : {
        "1" : 100.000000,
        "2" : 0.000000,
        "4" : 0.000000,
        "8" : 0.000000,
        "16" : 0.000000,
        "32" : 0.000000,
        ">=64" : 0.000000
      },
      "iodepth_submit" : {
        "0" : 0.000000,
        "4" : 100.000000,
        "8" : 0.000000,
        "16" : 0.000000,
        "32" : 0.000000,
        "64" : 0.000000,
        ">=64" : 0.000000
      },
      "iodepth_complete" : {
        "0" : 0.000000,
        "4" : 100.000000,
        "8" : 0.000000,
        "16" : 0.000000,
        "32" : 0.000000,
        "64" : 0.000000,
        ">=64" : 0.000000
      },
      "latency_ns" : {
        "2" : 0.000000,
        "4" : 0.000000,
        "10" : 0.000000,
        "20" : 0.000000,
        "50" : 0.000000,
        "100" : 0.000000,
        "250" : 0.000000,
        "500" : 0.000000,
        "750" : 0.000000,
        "1000" : 0.000000
      },
      "latency_us" : {
        "2" : 0.000000,
        "4" : 0.000000,
        "10" : 0.000000,
        "20" : 0.000000,
        "50" : 0.000000,
        "100" : 0.000000,
        "250" : 32.534952,
        "500" : 66.772009,
        "750" : 0.585849,
        "1000" : 0.019405
      },
      "latency_ms" : {
        "2" : 0.016633,
        "4" : 0.013861,
        "10" : 0.057291,
        "20" : 0.000000,
        "50" : 0.000000,
        "100" : 0.000000,
        "250" : 0.000000,
        "500" : 0.000000,
        "750" : 0.000000,
        "1000" : 0.000000,
        "2000" : 0.000000,
        ">=2000" : 0.000000
      },
      "latency_depth" : 1,
      "latency_target" : 0,
      "latency_percentile" : 100.000000,
      "latency_window" : 0
    }
  ],
  "disk_util" : [
    {
      "name" : "sdd",
      "read_ios" : 0,
      "write_ios" : 125926,
      "read_sectors" : 0,
      "write_sectors" : 4097184,
      "read_merges" : 0,
      "write_merges" : 117564,
      "read_ticks" : 0,
      "write_ticks" : 30403,
      "in_queue" : 30409,
      "util" : 81.708226
    }
  ]
}
