{
  "fio version" : "fio-3.36",
  "timestamp" : 1759385504,
  "timestamp_ms" : 1759385504350,
  "time" : "Thu Oct  1 18:11:44 2025",
  "jobs" : [
    {
      "jobname" : "RandWrite_bs_256k",
      "groupid" : 0,
      "job_start" : 1759385475390,
      "error" : 0,
      "eta" : 0,
      "elapsed" : 36,
      "job options" : {
        "name" : "RandWrite_bs_256k",
        "filename" : "~/fio_testfile",
        "direct" : "1",
        "rw" : "randwrite",
        "bs" : "256k",
        "iodepth" : "1",
        "numjobs" : "1",
        "size" : "10G",
        "runtime" : "30s",
        "ramp_time" : "5s"
      },
      "read" : {
        "io_bytes" : 0,
        "io_kbytes" : 0,
        "bw_bytes" : 0,
        "bw" : 0,
        "iops" : 0.000000,
        "runtime" : 0,
        "total_ios" : 0,
        "short_ios" : 0,
        "drop_ios" : 0,
        "slat_ns" : {
          "min" : 0,
          "max" : 0,
          "mean" : 0.000000,
          "stddev" : 0.000000,
          "N" : 0
        },
        "clat_ns" : {
          "min" : 0,
          "max" : 0,
          "mean" : 0.000000,
          "stddev" : 0.000000,
          "N" : 0
        },
        "lat_ns" : {
          "min" : 0,
          "max" : 0,
          "mean" : 0.000000,
          "stddev" : 0.000000,
          "N" : 0
        },
        "bw_min" : 0,
        "bw_max" : 0,
        "bw_agg" : 0.000000,
        "bw_mean" : 0.000000,
        "bw_dev" : 0.000000,
        "bw_samples" : 0,
        "iops_min" : 0,
        "iops_max" : 0,
        "iops_mean" : 0.000000,
        "iops_stddev" : 0.000000,
        "iops_samples" : 0
      },
      "write" : {
        "io_bytes" : 20520370176,
        "io_kbytes" : 20039424,
        "bw_bytes" : 683989539,
        "bw" : 667958,
        "iops" : 2609.213026,
        "runtime" : 30001,
        "total_ios" : 78279,
        "short_ios" : 0,
        "drop_ios" : 0,
        "slat_ns" : {
          "min" : 0,
          "max" : 0,
          "mean" : 0.000000,
          "stddev" : 0.000000,
          "N" : 0
        },
        "clat_ns" : {
          "min" : 276586,
          "max" : 8737342,
          "mean" : 380968.387205,
          "stddev" : 343750.538548,
          "N" : 78279,
          "percentile" : {
            "1.000000" : 292864,
            "5.000000" : 309248,
            "10.000000" : 317440,
            "20.000000" : 325632,
            "30.000000" : 329728,
            "40.000000" : 337920,
            "50.000000" : 350208,
            "60.000000" : 362496,
            "70.000000" : 374784,
            "80.000000" : 382976,
            "90.000000" : 407552,
            "95.000000" : 440320,
            "99.000000" : 667648,
            "99.500000" : 1269760,
            "99.900000" : 7831552,
            "99.950000" : 8224768,
            "99.990000" : 8355840
          }
        },
        "lat_ns" : {
          "min" : 277435,
          "max" : 8738181,
          "mean" : 382231.170595,
          "stddev" : 343785.026532,
          "N" : 78279
        },
        "bw_min" : 609763,
        "bw_max" : 702332,
        "bw_agg" : 99.992884,
        "bw_mean" : 667911.762712,
        "bw_dev" : 18764.394035,
        "bw_samples" : 59,
        "iops_min" : 2381,
        "iops_max" : 2743,
        "iops_mean" : 2608.847458,
        "iops_stddev" : 73.309644,
        "iops_samples" : 59
      },
      "trim" : {
        "io_bytes" : 0,
        "io_kbytes" : 0,
        "bw_bytes" : 0,
        "bw" : 0,
        "iops" : 0.000000,
        "runtime" : 0,
        "total_ios" : 0,
        "short_ios" : 0,
        "drop_ios" : 0,
        "slat_ns" : {
          "min" : 0,
          "max" : 0,
          "mean" : 0.000000,
          "stddev" : 0.000000,
          "N" : 0
        },
        "clat_ns" : {
          "min" : 0,
          "max" : 0,
          "mean" : 0.000000,
          "stddev" : 0.000000,
          "N" : 0
        },
        "lat_ns" : {
          "min" : 0,
          "max" : 0,
          "mean" : 0.000000,
          "stddev" : 0.000000,
          "N" : 0
        },
        "bw_min" : 0,
        "bw_max" : 0,
        "bw_agg" : 0.000000,
        "bw_mean" : 0.000000,
        "bw_dev" : 0.000000,
        "bw_samples" : 0,
        "iops_min" : 0,
        "iops_max" : 0,
        "iops_mean" : 0.000000,
        "iops_stddev" : 0.000000,
        "iops_samples" : 0
      },
      "sync" : {
        "total_ios" : 0,
        "lat_ns" : {
          "min" : 0,
          "max" : 0,
          "mean" : 0.000000,
          "stddev" : 0.000000,
          "N" : 0
        }
      },
      "job_runtime" : 30000,
      "usr_cpu" : 0.940000,
      "sys_cpu" : 6.900000,
      "ctx" : 78279,
      "majf" : 0,
      "minf" : 36,
      "iodepth_level" : {
        "1" : 100.000000,
        "2" : 0.000000,
        "4" : 0.000000,
        "8" : 0.000000,
        "16" : 0.000000,
        "32" : 0.000000,
        ">=64" : 0.000000
      },
      "iodepth_submit" : {
        "0" : 0.000000,
        "4" : 100.000000,
        "8" : 0.000000,
        "16" : 0.000000,
        "32" : 0.000000,
        "64" : 0.000000,
        ">=64" : 0.000000
      },
      "iodepth_complete" : {
        "0" : 0.000000,
        "4" : 100.000000,
        "8" : 0.000000,
        "16" : 0.000000,
        "32" : 0.000000,
        "64" : 0.000000,
        ">=64" : 0.000000
      },
      "latency_ns" : {
        "2" : 0.000000,
        "4" : 0.000000,
        "10" : 0.000000,
        "20" : 0.000000,
        "50" : 0.000000,
        "100" : 0.000000,
        "250" : 0.000000,
        "500" : 0.000000,
        "750" : 0.000000,
        "1000" : 0.000000
      },
      "latency_us" : {
        "2" : 0.000000,
        "4" : 0.000000,
        "10" : 0.000000,
        "20" : 0.000000,
        "50" : 0.000000,
        "100" : 0.000000,
        "250" : 0.000000,
        "500" : 96.663217,
        "750" : 2.698042,
        "1000" : 0.071539
      },
      "latency_ms" : {
        "2" : 0.282323,
        "4" : 0.022995,
        "10" : 0.261884,
        "20" : 0.000000,
        "50" : 0.000000,
        "100" : 0.000000,
        "250" : 0.000000,
        "500" : 0.000000,
        "750" : 0.000000,
        "1000" : 0.000000,
        "2000" : 0.000000,
        ">=2000" : 0.000000
      },
      "latency_depth" : 1,
      "latency_target" : 0,
      "latency_percentile" : 100.000000,
      "latency_window" : 0
    }
  ],
  "disk_util" : [
    {
      "name" : "sdd",
      "read_ios" : 0,
      "write_ios" : 91435,
      "read_sectors" : 0,
      "write_sectors" : 46772064,
      "read_merges" : 0,
      "write_merges" : 1212,
      "read_ticks" : 0,
      "write_ticks" : 32393,
      "in_queue" : 32398,
      "util" : 88.361154
    }
  ]
}
