{
  "fio version" : "fio-3.36",
  "timestamp" : 1759385128,
  "timestamp_ms" : 1759385128774,
  "time" : "Thu Oct  1 17:05:28 2025",
  "jobs" : [
    {
      "jobname" : "RandRead_bs_16k",
      "groupid" : 0,
      "job_start" : 1759385099845,
      "error" : 0,
      "eta" : 0,
      "elapsed" : 36,
      "job options" : {
        "name" : "RandRead_bs_16k",
        "filename" : "/home/jaron/Repo-for-Advanced-Computer-Systems/Project3/testfile/fio_testfile",
        "direct" : "1",
        "rw" : "randread",
        "bs" : "16k",
        "iodepth" : "1",
        "numjobs" : "1",
        "size" : "10G",
        "runtime" : "30s",
        "ramp_time" : "5s"
      },
      "read" : {
        "io_bytes" : 3050045440,
        "io_kbytes" : 2978560,
        "bw_bytes" : 101664792,
        "bw" : 99282,
        "iops" : 6205.126496,
        "runtime" : 30001,
        "total_ios" : 186160,
        "short_ios" : 0,
        "drop_ios" : 0,
        "slat_ns" : {
          "min" : 0,
          "max" : 0,
          "mean" : 0.000000,
          "stddev" : 0.000000,
          "N" : 0
        },
        "clat_ns" : {
          "min" : 110389,
          "max" : 7804719,
          "mean" : 160410.627723,
          "stddev" : 99526.115035,
          "N" : 186160,
          "percentile" : {
            "1.000000" : 120320,
            "5.000000" : 130560,
            "10.000000" : 134144,
            "20.000000" : 136192,
            "30.000000" : 138240,
            "40.000000" : 142336,
            "50.000000" : 148480,
            "60.000000" : 158720,
            "70.000000" : 171008,
            "80.000000" : 179200,
            "90.000000" : 193536,
            "95.000000" : 209920,
            "99.000000" : 296960,
            "99.500000" : 378880,
            "99.900000" : 464896,
            "99.950000" : 522240,
            "99.990000" : 7569408
          }
        },
        "lat_ns" : {
          "min" : 110410,
          "max" : 7804729,
          "mean" : 160465.010905,
          "stddev" : 99534.756671,
          "N" : 186160
        },
        "bw_min" : 88945,
        "bw_max" : 107543,
        "bw_agg" : 100.000000,
        "bw_mean" : 99391.457627,
        "bw_dev" : 4488.494926,
        "bw_samples" : 59,
        "iops_min" : 5559,
        "iops_max" : 6721,
        "iops_mean" : 6211.627119,
        "iops_stddev" : 280.524810,
        "iops_samples" : 59
      },
      "write" : {
        "io_bytes" : 0,
        "io_kbytes" : 0,
        "bw_bytes" : 0,
        "bw" : 0,
        "iops" : 0.000000,
        "runtime" : 0,
        "total_ios" : 0,
        "short_ios" : 0,
        "drop_ios" : 0,
        "slat_ns" : {
          "min" : 0,
          "max" : 0,
          "mean" : 0.000000,
          "stddev" : 0.000000,
          "N" : 0
        },
        "clat_ns" : {
          "min" : 0,
          "max" : 0,
          "mean" : 0.000000,
          "stddev" : 0.000000,
          "N" : 0
        },
        "lat_ns" : {
          "min" : 0,
          "max" : 0,
          "mean" : 0.000000,
          "stddev" : 0.000000,
          "N" : 0
        },
        "bw_min" : 0,
        "bw_max" : 0,
        "bw_agg" : 0.000000,
        "bw_mean" : 0.000000,
        "bw_dev" : 0.000000,
        "bw_samples" : 0,
        "iops_min" : 0,
        "iops_max" : 0,
        "iops_mean" : 0.000000,
        "iops_stddev" : 0.000000,
        "iops_samples" : 0
      },
      "trim" : {
        "io_bytes" : 0,
        "io_kbytes" : 0,
        "bw_bytes" : 0,
        "bw" : 0,
        "iops" : 0.000000,
        "runtime" : 0,
        "total_ios" : 0,
        "short_ios" : 0,
        "drop_ios" : 0,
        "slat_ns" : {
          "min" : 0,
          "max" : 0,
          "mean" : 0.000000,
          "stddev" : 0.000000,
          "N" : 0
        },
        "clat_ns" : {
          "min" : 0,
          "max" : 0,
          "mean" : 0.000000,
          "stddev" : 0.000000,
          "N" : 0
        },
        "lat_ns" : {
          "min" : 0,
          "max" : 0,
          "mean" : 0.000000,
          "stddev" : 0.000000,
          "N" : 0
        },
        "bw_min" : 0,
        "bw_max" : 0,
        "bw_agg" : 0.000000,
        "bw_mean" : 0.000000,
        "bw_dev" : 0.000000,
        "bw_samples" : 0,
        "iops_min" : 0,
        "iops_max" : 0,
        "iops_mean" : 0.000000,
        "iops_stddev" : 0.000000,
        "iops_samples" : 0
      },
      "sync" : {
        "total_ios" : 0,
        "lat_ns" : {
          "min" : 0,
          "max" : 0,
          "mean" : 0.000000,
          "stddev" : 0.000000,
          "N" : 0
        }
      },
      "job_runtime" : 30000,
      "usr_cpu" : 1.123333,
      "sys_cpu" : 6.496667,
      "ctx" : 186158,
      "majf" : 0,
      "minf" : 37,
      "iodepth_level" : {
        "1" : 100.000000,
        "2" : 0.000000,
        "4" : 0.000000,
        "8" : 0.000000,
        "16" : 0.000000,
        "32" : 0.000000,
        ">=64" : 0.000000
      },
      "iodepth_submit" : {
        "0" : 0.000000,
        "4" : 100.000000,
        "8" : 0.000000,
        "16" : 0.000000,
        "32" : 0.000000,
        "64" : 0.000000,
        ">=64" : 0.000000
      },
      "iodepth_complete" : {
        "0" : 0.000000,
        "4" : 100.000000,
        "8" : 0.000000,
        "16" : 0.000000,
        "32" : 0.000000,
        "64" : 0.000000,
        ">=64" : 0.000000
      },
      "latency_ns" : {
        "2" : 0.000000,
        "4" : 0.000000,
        "10" : 0.000000,
        "20" : 0.000000,
        "50" : 0.000000,
        "100" : 0.000000,
        "250" : 0.000000,
        "500" : 0.000000,
        "750" : 0.000000,
        "1000" : 0.000000
      },
      "latency_us" : {
        "2" : 0.000000,
        "4" : 0.000000,
        "10" : 0.000000,
        "20" : 0.000000,
        "50" : 0.000000,
        "100" : 0.000000,
        "250" : 98.522239,
        "500" : 1.409540,
        "750" : 0.044048,
        "1000" : 0.010000
      },
      "latency_ms" : {
        "2" : 0.010000,
        "4" : 0.000000,
        "10" : 0.015578,
        "20" : 0.000000,
        "50" : 0.000000,
        "100" : 0.000000,
        "250" : 0.000000,
        "500" : 0.000000,
        "750" : 0.000000,
        "1000" : 0.000000,
        "2000" : 0.000000,
        ">=2000" : 0.000000
      },
      "latency_depth" : 1,
      "latency_target" : 0,
      "latency_percentile" : 100.000000,
      "latency_window" : 0
    }
  ],
  "disk_util" : [
    {
      "name" : "sdd",
      "read_ios" : 215036,
      "write_ios" : 37,
      "read_sectors" : 6881152,
      "write_sectors" : 496,
      "read_merges" : 0,
      "write_merges" : 22,
      "read_ticks" : 32031,
      "write_ticks" : 20,
      "in_queue" : 32054,
      "util" : 83.407225
    }
  ]
}
