{
  "fio version" : "fio-3.36",
  "timestamp" : 1759385231,
  "timestamp_ms" : 1759385231564,
  "time" : "Thu Oct  1 17:07:11 2025",
  "jobs" : [
    {
      "jobname" : "RandRead_bs_128k",
      "groupid" : 0,
      "job_start" : 1759385202574,
      "error" : 0,
      "eta" : 0,
      "elapsed" : 36,
      "job options" : {
        "name" : "RandRead_bs_128k",
        "filename" : "/home/jaron/Repo-for-Advanced-Computer-Systems/Project3/testfile/fio_testfile",
        "direct" : "1",
        "rw" : "randread",
        "bs" : "128k",
        "iodepth" : "1",
        "numjobs" : "1",
        "size" : "10G",
        "runtime" : "30s",
        "ramp_time" : "5s"
      },
      "read" : {
        "io_bytes" : 17324310528,
        "io_kbytes" : 16918272,
        "bw_bytes" : 577457769,
        "bw" : 563923,
        "iops" : 4405.653145,
        "runtime" : 30001,
        "total_ios" : 132174,
        "short_ios" : 0,
        "drop_ios" : 0,
        "slat_ns" : {
          "min" : 0,
          "max" : 0,
          "mean" : 0.000000,
          "stddev" : 0.000000,
          "N" : 0
        },
        "clat_ns" : {
          "min" : 105238,
          "max" : 7806691,
          "mean" : 226213.199078,
          "stddev" : 119933.779036,
          "N" : 132174,
          "percentile" : {
            "1.000000" : 177152,
            "5.000000" : 189440,
            "10.000000" : 197632,
            "20.000000" : 201728,
            "30.000000" : 205824,
            "40.000000" : 209920,
            "50.000000" : 216064,
            "60.000000" : 224256,
            "70.000000" : 230400,
            "80.000000" : 238592,
            "90.000000" : 254976,
            "95.000000" : 272384,
            "99.000000" : 436224,
            "99.500000" : 460800,
            "99.900000" : 602112,
            "99.950000" : 1028096,
            "99.990000" : 7634944
          }
        },
        "lat_ns" : {
          "min" : 105269,
          "max" : 7806795,
          "mean" : 226285.834082,
          "stddev" : 119942.354703,
          "N" : 132174
        },
        "bw_min" : 475209,
        "bw_max" : 606275,
        "bw_agg" : 100.000000,
        "bw_mean" : 564156.559322,
        "bw_dev" : 21845.731463,
        "bw_samples" : 59,
        "iops_min" : 3712,
        "iops_max" : 4736,
        "iops_mean" : 4407.084746,
        "iops_stddev" : 170.594224,
        "iops_samples" : 59
      },
      "write" : {
        "io_bytes" : 0,
        "io_kbytes" : 0,
        "bw_bytes" : 0,
        "bw" : 0,
        "iops" : 0.000000,
        "runtime" : 0,
        "total_ios" : 0,
        "short_ios" : 0,
        "drop_ios" : 0,
        "slat_ns" : {
          "min" : 0,
          "max" : 0,
          "mean" : 0.000000,
          "stddev" : 0.000000,
          "N" : 0
        },
        "clat_ns" : {
          "min" : 0,
          "max" : 0,
          "mean" : 0.000000,
          "stddev" : 0.000000,
          "N" : 0
        },
        "lat_ns" : {
          "min" : 0,
          "max" : 0,
          "mean" : 0.000000,
          "stddev" : 0.000000,
          "N" : 0
        },
        "bw_min" : 0,
        "bw_max" : 0,
        "bw_agg" : 0.000000,
        "bw_mean" : 0.000000,
        "bw_dev" : 0.000000,
        "bw_samples" : 0,
        "iops_min" : 0,
        "iops_max" : 0,
        "iops_mean" : 0.000000,
        "iops_stddev" : 0.000000,
        "iops_samples" : 0
      },
      "trim" : {
        "io_bytes" : 0,
        "io_kbytes" : 0,
        "bw_bytes" : 0,
        "bw" : 0,
        "iops" : 0.000000,
        "runtime" : 0,
        "total_ios" : 0,
        "short_ios" : 0,
        "drop_ios" : 0,
        "slat_ns" : {
          "min" : 0,
          "max" : 0,
          "mean" : 0.000000,
          "stddev" : 0.000000,
          "N" : 0
        },
        "clat_ns" : {
          "min" : 0,
          "max" : 0,
          "mean" : 0.000000,
          "stddev" : 0.000000,
          "N" : 0
        },
        "lat_ns" : {
          "min" : 0,
          "max" : 0,
          "mean" : 0.000000,
          "stddev" : 0.000000,
          "N" : 0
        },
        "bw_min" : 0,
        "bw_max" : 0,
        "bw_agg" : 0.000000,
        "bw_mean" : 0.000000,
        "bw_dev" : 0.000000,
        "bw_samples" : 0,
        "iops_min" : 0,
        "iops_max" : 0,
        "iops_mean" : 0.000000,
        "iops_stddev" : 0.000000,
        "iops_samples" : 0
      },
      "sync" : {
        "total_ios" : 0,
        "lat_ns" : {
          "min" : 0,
          "max" : 0,
          "mean" : 0.000000,
          "stddev" : 0.000000,
          "N" : 0
        }
      },
      "job_runtime" : 30000,
      "usr_cpu" : 0.580000,
      "sys_cpu" : 6.560000,
      "ctx" : 132176,
      "majf" : 0,
      "minf" : 38,
      "iodepth_level" : {
        "1" : 100.000000,
        "2" : 0.000000,
        "4" : 0.000000,
        "8" : 0.000000,
        "16" : 0.000000,
        "32" : 0.000000,
        ">=64" : 0.000000
      },
      "iodepth_submit" : {
        "0" : 0.000000,
        "4" : 100.000000,
        "8" : 0.000000,
        "16" : 0.000000,
        "32" : 0.000000,
        "64" : 0.000000,
        ">=64" : 0.000000
      },
      "iodepth_complete" : {
        "0" : 0.000000,
        "4" : 100.000000,
        "8" : 0.000000,
        "16" : 0.000000,
        "32" : 0.000000,
        "64" : 0.000000,
        ">=64" : 0.000000
      },
      "latency_ns" : {
        "2" : 0.000000,
        "4" : 0.000000,
        "10" : 0.000000,
        "20" : 0.000000,
        "50" : 0.000000,
        "100" : 0.000000,
        "250" : 0.000000,
        "500" : 0.000000,
        "750" : 0.000000,
        "1000" : 0.000000
      },
      "latency_us" : {
        "2" : 0.000000,
        "4" : 0.000000,
        "10" : 0.000000,
        "20" : 0.000000,
        "50" : 0.000000,
        "100" : 0.000000,
        "250" : 87.899284,
        "500" : 11.844236,
        "750" : 0.192928,
        "1000" : 0.012105
      },
      "latency_ms" : {
        "2" : 0.021184,
        "4" : 0.010000,
        "10" : 0.022697,
        "20" : 0.000000,
        "50" : 0.000000,
        "100" : 0.000000,
        "250" : 0.000000,
        "500" : 0.000000,
        "750" : 0.000000,
        "1000" : 0.000000,
        "2000" : 0.000000,
        ">=2000" : 0.000000
      },
      "latency_depth" : 1,
      "latency_target" : 0,
      "latency_percentile" : 100.000000,
      "latency_window" : 0
    }
  ],
  "disk_util" : [
    {
      "name" : "sdd",
      "read_ios" : 154159,
      "write_ios" : 39,
      "read_sectors" : 39464704,
      "write_sectors" : 664,
      "read_merges" : 0,
      "write_merges" : 40,
      "read_ticks" : 32596,
      "write_ticks" : 20,
      "in_queue" : 32624,
      "util" : 86.846620
    }
  ]
}
