{
  "fio version" : "fio-3.36",
  "timestamp" : 1759385435,
  "timestamp_ms" : 1759385435899,
  "time" : "Thu Oct  1 18:10:35 2025",
  "jobs" : [
    {
      "jobname" : "RandWrite_bs_64k",
      "groupid" : 0,
      "job_start" : 1759385406929,
      "error" : 0,
      "eta" : 0,
      "elapsed" : 36,
      "job options" : {
        "name" : "RandWrite_bs_64k",
        "filename" : "~/fio_testfile",
        "direct" : "1",
        "rw" : "randwrite",
        "bs" : "64k",
        "iodepth" : "1",
        "numjobs" : "1",
        "size" : "10G",
        "runtime" : "30s",
        "ramp_time" : "5s"
      },
      "read" : {
        "io_bytes" : 0,
        "io_kbytes" : 0,
        "bw_bytes" : 0,
        "bw" : 0,
        "iops" : 0.000000,
        "runtime" : 0,
        "total_ios" : 0,
        "short_ios" : 0,
        "drop_ios" : 0,
        "slat_ns" : {
          "min" : 0,
          "max" : 0,
          "mean" : 0.000000,
          "stddev" : 0.000000,
          "N" : 0
        },
        "clat_ns" : {
          "min" : 0,
          "max" : 0,
          "mean" : 0.000000,
          "stddev" : 0.000000,
          "N" : 0
        },
        "lat_ns" : {
          "min" : 0,
          "max" : 0,
          "mean" : 0.000000,
          "stddev" : 0.000000,
          "N" : 0
        },
        "bw_min" : 0,
        "bw_max" : 0,
        "bw_agg" : 0.000000,
        "bw_mean" : 0.000000,
        "bw_dev" : 0.000000,
        "bw_samples" : 0,
        "iops_min" : 0,
        "iops_max" : 0,
        "iops_mean" : 0.000000,
        "iops_stddev" : 0.000000,
        "iops_samples" : 0
      },
      "write" : {
        "io_bytes" : 6434390016,
        "io_kbytes" : 6283584,
        "bw_bytes" : 214472518,
        "bw" : 209445,
        "iops" : 3272.590914,
        "runtime" : 30001,
        "total_ios" : 98181,
        "short_ios" : 0,
        "drop_ios" : 0,
        "slat_ns" : {
          "min" : 0,
          "max" : 0,
          "mean" : 0.000000,
          "stddev" : 0.000000,
          "N" : 0
        },
        "clat_ns" : {
          "min" : 216138,
          "max" : 12861398,
          "mean" : 304174.008749,
          "stddev" : 197023.155575,
          "N" : 98181,
          "percentile" : {
            "1.000000" : 240640,
            "5.000000" : 250880,
            "10.000000" : 259072,
            "20.000000" : 268288,
            "30.000000" : 272384,
            "40.000000" : 280576,
            "50.000000" : 288768,
            "60.000000" : 296960,
            "70.000000" : 309248,
            "80.000000" : 321536,
            "90.000000" : 342016,
            "95.000000" : 366592,
            "99.000000" : 518144,
            "99.500000" : 577536,
            "99.900000" : 2965504,
            "99.950000" : 5341184,
            "99.990000" : 7897088
          }
        },
        "lat_ns" : {
          "min" : 216345,
          "max" : 12861595,
          "mean" : 304587.301688,
          "stddev" : 197042.094174,
          "N" : 98181
        },
        "bw_min" : 193792,
        "bw_max" : 230016,
        "bw_agg" : 100.000000,
        "bw_mean" : 209635.406780,
        "bw_dev" : 6926.911787,
        "bw_samples" : 59,
        "iops_min" : 3028,
        "iops_max" : 3594,
        "iops_mean" : 3275.237288,
        "iops_stddev" : 108.196873,
        "iops_samples" : 59
      },
      "trim" : {
        "io_bytes" : 0,
        "io_kbytes" : 0,
        "bw_bytes" : 0,
        "bw" : 0,
        "iops" : 0.000000,
        "runtime" : 0,
        "total_ios" : 0,
        "short_ios" : 0,
        "drop_ios" : 0,
        "slat_ns" : {
          "min" : 0,
          "max" : 0,
          "mean" : 0.000000,
          "stddev" : 0.000000,
          "N" : 0
        },
        "clat_ns" : {
          "min" : 0,
          "max" : 0,
          "mean" : 0.000000,
          "stddev" : 0.000000,
          "N" : 0
        },
        "lat_ns" : {
          "min" : 0,
          "max" : 0,
          "mean" : 0.000000,
          "stddev" : 0.000000,
          "N" : 0
        },
        "bw_min" : 0,
        "bw_max" : 0,
        "bw_agg" : 0.000000,
        "bw_mean" : 0.000000,
        "bw_dev" : 0.000000,
        "bw_samples" : 0,
        "iops_min" : 0,
        "iops_max" : 0,
        "iops_mean" : 0.000000,
        "iops_stddev" : 0.000000,
        "iops_samples" : 0
      },
      "sync" : {
        "total_ios" : 0,
        "lat_ns" : {
          "min" : 0,
          "max" : 0,
          "mean" : 0.000000,
          "stddev" : 0.000000,
          "N" : 0
        }
      },
      "job_runtime" : 30000,
      "usr_cpu" : 0.986667,
      "sys_cpu" : 12.046667,
      "ctx" : 98195,
      "majf" : 0,
      "minf" : 36,
      "iodepth_level" : {
        "1" : 100.000000,
        "2" : 0.000000,
        "4" : 0.000000,
        "8" : 0.000000,
        "16" : 0.000000,
        "32" : 0.000000,
        ">=64" : 0.000000
      },
      "iodepth_submit" : {
        "0" : 0.000000,
        "4" : 100.000000,
        "8" : 0.000000,
        "16" : 0.000000,
        "32" : 0.000000,
        "64" : 0.000000,
        ">=64" : 0.000000
      },
      "iodepth_complete" : {
        "0" : 0.000000,
        "4" : 100.000000,
        "8" : 0.000000,
        "16" : 0.000000,
        "32" : 0.000000,
        "64" : 0.000000,
        ">=64" : 0.000000
      },
      "latency_ns" : {
        "2" : 0.000000,
        "4" : 0.000000,
        "10" : 0.000000,
        "20" : 0.000000,
        "50" : 0.000000,
        "100" : 0.000000,
        "250" : 0.000000,
        "500" : 0.000000,
        "750" : 0.000000,
        "1000" : 0.000000
      },
      "latency_us" : {
        "2" : 0.000000,
        "4" : 0.000000,
        "10" : 0.000000,
        "20" : 0.000000,
        "50" : 0.000000,
        "100" : 0.000000,
        "250" : 4.615964,
        "500" : 94.111895,
        "750" : 1.080657,
        "1000" : 0.021389
      },
      "latency_ms" : {
        "2" : 0.065186,
        "4" : 0.021389,
        "10" : 0.082501,
        "20" : 0.010000,
        "50" : 0.000000,
        "100" : 0.000000,
        "250" : 0.000000,
        "500" : 0.000000,
        "750" : 0.000000,
        "1000" : 0.000000,
        "2000" : 0.000000,
        ">=2000" : 0.000000
      },
      "latency_depth" : 1,
      "latency_target" : 0,
      "latency_percentile" : 100.000000,
      "latency_window" : 0
    }
  ],
  "disk_util" : [
    {
      "name" : "sdd",
      "read_ios" : 0,
      "write_ios" : 114903,
      "read_sectors" : 0,
      "write_sectors" : 14761064,
      "read_merges" : 0,
      "write_merges" : 72498,
      "read_ticks" : 0,
      "write_ticks" : 30768,
      "in_queue" : 30774,
      "util" : 82.504942
    }
  ]
}
