{
  "fio version" : "fio-3.36",
  "timestamp" : 1759385664,
  "timestamp_ms" : 1759385664966,
  "time" : "Thu Oct  1 20:14:24 2025",
  "jobs" : [
    {
      "jobname" : "SeqRead_bs_8k",
      "groupid" : 0,
      "job_start" : 1759385636007,
      "error" : 0,
      "eta" : 0,
      "elapsed" : 36,
      "job options" : {
        "name" : "SeqRead_bs_8k",
        "filename" : "/home/jaron/Repo-for-Advanced-Computer-Systems/Project3/testfile/fio_testfile",
        "direct" : "1",
        "rw" : "read",
        "bs" : "8k",
        "iodepth" : "1",
        "numjobs" : "1",
        "size" : "10G",
        "runtime" : "30s",
        "ramp_time" : "5s"
      },
      "read" : {
        "io_bytes" : 3061522432,
        "io_kbytes" : 2989768,
        "bw_bytes" : 102047346,
        "bw" : 99655,
        "iops" : 12456.951435,
        "runtime" : 30001,
        "total_ios" : 373721,
        "short_ios" : 0,
        "drop_ios" : 0,
        "slat_ns" : {
          "min" : 0,
          "max" : 0,
          "mean" : 0.000000,
          "stddev" : 0.000000,
          "N" : 0
        },
        "clat_ns" : {
          "min" : 47995,
          "max" : 19822925,
          "mean" : 79814.768956,
          "stddev" : 80523.076275,
          "N" : 373721,
          "percentile" : {
            "1.000000" : 55040,
            "5.000000" : 58112,
            "10.000000" : 61184,
            "20.000000" : 62720,
            "30.000000" : 64256,
            "40.000000" : 66048,
            "50.000000" : 69120,
            "60.000000" : 72192,
            "70.000000" : 82432,
            "80.000000" : 94720,
            "90.000000" : 108032,
            "95.000000" : 120320,
            "99.000000" : 197632,
            "99.500000" : 252928,
            "99.900000" : 337920,
            "99.950000" : 378880,
            "99.990000" : 643072
          }
        },
        "lat_ns" : {
          "min" : 48016,
          "max" : 19823018,
          "mean" : 79866.625809,
          "stddev" : 80533.480641,
          "N" : 373721
        },
        "bw_min" : 82777,
        "bw_max" : 122330,
        "bw_agg" : 100.000000,
        "bw_mean" : 99737.576271,
        "bw_dev" : 8429.097864,
        "bw_samples" : 59,
        "iops_min" : 10347,
        "iops_max" : 15291,
        "iops_mean" : 12466.813559,
        "iops_stddev" : 1053.676396,
        "iops_samples" : 59
      },
      "write" : {
        "io_bytes" : 0,
        "io_kbytes" : 0,
        "bw_bytes" : 0,
        "bw" : 0,
        "iops" : 0.000000,
        "runtime" : 0,
        "total_ios" : 0,
        "short_ios" : 0,
        "drop_ios" : 0,
        "slat_ns" : {
          "min" : 0,
          "max" : 0,
          "mean" : 0.000000,
          "stddev" : 0.000000,
          "N" : 0
        },
        "clat_ns" : {
          "min" : 0,
          "max" : 0,
          "mean" : 0.000000,
          "stddev" : 0.000000,
          "N" : 0
        },
        "lat_ns" : {
          "min" : 0,
          "max" : 0,
          "mean" : 0.000000,
          "stddev" : 0.000000,
          "N" : 0
        },
        "bw_min" : 0,
        "bw_max" : 0,
        "bw_agg" : 0.000000,
        "bw_mean" : 0.000000,
        "bw_dev" : 0.000000,
        "bw_samples" : 0,
        "iops_min" : 0,
        "iops_max" : 0,
        "iops_mean" : 0.000000,
        "iops_stddev" : 0.000000,
        "iops_samples" : 0
      },
      "trim" : {
        "io_bytes" : 0,
        "io_kbytes" : 0,
        "bw_bytes" : 0,
        "bw" : 0,
        "iops" : 0.000000,
        "runtime" : 0,
        "total_ios" : 0,
        "short_ios" : 0,
        "drop_ios" : 0,
        "slat_ns" : {
          "min" : 0,
          "max" : 0,
          "mean" : 0.000000,
          "stddev" : 0.000000,
          "N" : 0
        },
        "clat_ns" : {
          "min" : 0,
          "max" : 0,
          "mean" : 0.000000,
          "stddev" : 0.000000,
          "N" : 0
        },
        "lat_ns" : {
          "min" : 0,
          "max" : 0,
          "mean" : 0.000000,
          "stddev" : 0.000000,
          "N" : 0
        },
        "bw_min" : 0,
        "bw_max" : 0,
        "bw_agg" : 0.000000,
        "bw_mean" : 0.000000,
        "bw_dev" : 0.000000,
        "bw_samples" : 0,
        "iops_min" : 0,
        "iops_max" : 0,
        "iops_mean" : 0.000000,
        "iops_stddev" : 0.000000,
        "iops_samples" : 0
      },
      "sync" : {
        "total_ios" : 0,
        "lat_ns" : {
          "min" : 0,
          "max" : 0,
          "mean" : 0.000000,
          "stddev" : 0.000000,
          "N" : 0
        }
      },
      "job_runtime" : 30000,
      "usr_cpu" : 1.543333,
      "sys_cpu" : 12.573333,
      "ctx" : 373645,
      "majf" : 0,
      "minf" : 42,
      "iodepth_level" : {
        "1" : 100.000000,
        "2" : 0.000000,
        "4" : 0.000000,
        "8" : 0.000000,
        "16" : 0.000000,
        "32" : 0.000000,
        ">=64" : 0.000000
      },
      "iodepth_submit" : {
        "0" : 0.000000,
        "4" : 100.000000,
        "8" : 0.000000,
        "16" : 0.000000,
        "32" : 0.000000,
        "64" : 0.000000,
        ">=64" : 0.000000
      },
      "iodepth_complete" : {
        "0" : 0.000000,
        "4" : 100.000000,
        "8" : 0.000000,
        "16" : 0.000000,
        "32" : 0.000000,
        "64" : 0.000000,
        ">=64" : 0.000000
      },
      "latency_ns" : {
        "2" : 0.000000,
        "4" : 0.000000,
        "10" : 0.000000,
        "20" : 0.000000,
        "50" : 0.000000,
        "100" : 0.000000,
        "250" : 0.000000,
        "500" : 0.000000,
        "750" : 0.000000,
        "1000" : 0.000000
      },
      "latency_us" : {
        "2" : 0.000000,
        "4" : 0.000000,
        "10" : 0.000000,
        "20" : 0.000000,
        "50" : 0.010000,
        "100" : 84.202119,
        "250" : 15.278777,
        "500" : 0.503317,
        "750" : 0.010000,
        "1000" : 0.010000
      },
      "latency_ms" : {
        "2" : 0.010000,
        "4" : 0.010000,
        "10" : 0.010000,
        "20" : 0.010000,
        "50" : 0.000000,
        "100" : 0.000000,
        "250" : 0.000000,
        "500" : 0.000000,
        "750" : 0.000000,
        "1000" : 0.000000,
        "2000" : 0.000000,
        ">=2000" : 0.000000
      },
      "latency_depth" : 1,
      "latency_target" : 0,
      "latency_percentile" : 100.000000,
      "latency_window" : 0
    }
  ],
  "disk_util" : [
    {
      "name" : "sdd",
      "read_ios" : 434904,
      "write_ios" : 21,
      "read_sectors" : 6958464,
      "write_sectors" : 416,
      "read_merges" : 0,
      "write_merges" : 25,
      "read_ticks" : 29439,
      "write_ticks" : 12,
      "in_queue" : 29456,
      "util" : 71.900472
    }
  ]
}
