{
  "fio version" : "fio-3.36",
  "timestamp" : 1759385800,
  "timestamp_ms" : 1759385800786,
  "time" : "Thu Oct  1 20:16:40 2025",
  "jobs" : [
    {
      "jobname" : "SeqRead_bs_128k",
      "groupid" : 0,
      "job_start" : 1759385771827,
      "error" : 0,
      "eta" : 0,
      "elapsed" : 36,
      "job options" : {
        "name" : "SeqRead_bs_128k",
        "filename" : "/home/jaron/Repo-for-Advanced-Computer-Systems/Project3/testfile/fio_testfile",
        "direct" : "1",
        "rw" : "read",
        "bs" : "128k",
        "iodepth" : "1",
        "numjobs" : "1",
        "size" : "10G",
        "runtime" : "30s",
        "ramp_time" : "5s"
      },
      "read" : {
        "io_bytes" : 30089805824,
        "io_kbytes" : 29384576,
        "bw_bytes" : 1002960095,
        "bw" : 979453,
        "iops" : 7651.978267,
        "runtime" : 30001,
        "total_ios" : 229567,
        "short_ios" : 0,
        "drop_ios" : 0,
        "slat_ns" : {
          "min" : 0,
          "max" : 0,
          "mean" : 0.000000,
          "stddev" : 0.000000,
          "N" : 0
        },
        "clat_ns" : {
          "min" : 95347,
          "max" : 7794804,
          "mean" : 130207.471880,
          "stddev" : 90382.789543,
          "N" : 229567,
          "percentile" : {
            "1.000000" : 103936,
            "5.000000" : 107008,
            "10.000000" : 108032,
            "20.000000" : 112128,
            "30.000000" : 113152,
            "40.000000" : 116224,
            "50.000000" : 120320,
            "60.000000" : 124416,
            "70.000000" : 132096,
            "80.000000" : 140288,
            "90.000000" : 156672,
            "95.000000" : 173056,
            "99.000000" : 280576,
            "99.500000" : 342016,
            "99.900000" : 415744,
            "99.950000" : 468992,
            "99.990000" : 7569408
          }
        },
        "lat_ns" : {
          "min" : 95368,
          "max" : 7794928,
          "mean" : 130263.185410,
          "stddev" : 90390.543421,
          "N" : 229567
        },
        "bw_min" : 874836,
        "bw_max" : 1065142,
        "bw_agg" : 100.000000,
        "bw_mean" : 981029.745763,
        "bw_dev" : 45287.970095,
        "bw_samples" : 59,
        "iops_min" : 6834,
        "iops_max" : 8321,
        "iops_mean" : 7663.966102,
        "iops_stddev" : 353.798499,
        "iops_samples" : 59
      },
      "write" : {
        "io_bytes" : 0,
        "io_kbytes" : 0,
        "bw_bytes" : 0,
        "bw" : 0,
        "iops" : 0.000000,
        "runtime" : 0,
        "total_ios" : 0,
        "short_ios" : 0,
        "drop_ios" : 0,
        "slat_ns" : {
          "min" : 0,
          "max" : 0,
          "mean" : 0.000000,
          "stddev" : 0.000000,
          "N" : 0
        },
        "clat_ns" : {
          "min" : 0,
          "max" : 0,
          "mean" : 0.000000,
          "stddev" : 0.000000,
          "N" : 0
        },
        "lat_ns" : {
          "min" : 0,
          "max" : 0,
          "mean" : 0.000000,
          "stddev" : 0.000000,
          "N" : 0
        },
        "bw_min" : 0,
        "bw_max" : 0,
        "bw_agg" : 0.000000,
        "bw_mean" : 0.000000,
        "bw_dev" : 0.000000,
        "bw_samples" : 0,
        "iops_min" : 0,
        "iops_max" : 0,
        "iops_mean" : 0.000000,
        "iops_stddev" : 0.000000,
        "iops_samples" : 0
      },
      "trim" : {
        "io_bytes" : 0,
        "io_kbytes" : 0,
        "bw_bytes" : 0,
        "bw" : 0,
        "iops" : 0.000000,
        "runtime" : 0,
        "total_ios" : 0,
        "short_ios" : 0,
        "drop_ios" : 0,
        "slat_ns" : {
          "min" : 0,
          "max" : 0,
          "mean" : 0.000000,
          "stddev" : 0.000000,
          "N" : 0
        },
        "clat_ns" : {
          "min" : 0,
          "max" : 0,
          "mean" : 0.000000,
          "stddev" : 0.000000,
          "N" : 0
        },
        "lat_ns" : {
          "min" : 0,
          "max" : 0,
          "mean" : 0.000000,
          "stddev" : 0.000000,
          "N" : 0
        },
        "bw_min" : 0,
        "bw_max" : 0,
        "bw_agg" : 0.000000,
        "bw_mean" : 0.000000,
        "bw_dev" : 0.000000,
        "bw_samples" : 0,
        "iops_min" : 0,
        "iops_max" : 0,
        "iops_mean" : 0.000000,
        "iops_stddev" : 0.000000,
        "iops_samples" : 0
      },
      "sync" : {
        "total_ios" : 0,
        "lat_ns" : {
          "min" : 0,
          "max" : 0,
          "mean" : 0.000000,
          "stddev" : 0.000000,
          "N" : 0
        }
      },
      "job_runtime" : 30000,
      "usr_cpu" : 0.960000,
      "sys_cpu" : 9.970000,
      "ctx" : 229562,
      "majf" : 0,
      "minf" : 38,
      "iodepth_level" : {
        "1" : 100.000000,
        "2" : 0.000000,
        "4" : 0.000000,
        "8" : 0.000000,
        "16" : 0.000000,
        "32" : 0.000000,
        ">=64" : 0.000000
      },
      "iodepth_submit" : {
        "0" : 0.000000,
        "4" : 100.000000,
        "8" : 0.000000,
        "16" : 0.000000,
        "32" : 0.000000,
        "64" : 0.000000,
        ">=64" : 0.000000
      },
      "iodepth_complete" : {
        "0" : 0.000000,
        "4" : 100.000000,
        "8" : 0.000000,
        "16" : 0.000000,
        "32" : 0.000000,
        "64" : 0.000000,
        ">=64" : 0.000000
      },
      "latency_ns" : {
        "2" : 0.000000,
        "4" : 0.000000,
        "10" : 0.000000,
        "20" : 0.000000,
        "50" : 0.000000,
        "100" : 0.000000,
        "250" : 0.000000,
        "500" : 0.000000,
        "750" : 0.000000,
        "1000" : 0.000000
      },
      "latency_us" : {
        "2" : 0.000000,
        "4" : 0.000000,
        "10" : 0.000000,
        "20" : 0.000000,
        "50" : 0.000000,
        "100" : 0.108901,
        "250" : 98.607378,
        "500" : 1.248437,
        "750" : 0.019602,
        "1000" : 0.010000
      },
      "latency_ms" : {
        "2" : 0.010000,
        "4" : 0.000000,
        "10" : 0.013068,
        "20" : 0.000000,
        "50" : 0.000000,
        "100" : 0.000000,
        "250" : 0.000000,
        "500" : 0.000000,
        "750" : 0.000000,
        "1000" : 0.000000,
        "2000" : 0.000000,
        ">=2000" : 0.000000
      },
      "latency_depth" : 1,
      "latency_target" : 0,
      "latency_percentile" : 100.000000,
      "latency_window" : 0
    }
  ],
  "disk_util" : [
    {
      "name" : "sdd",
      "read_ios" : 267642,
      "write_ios" : 28,
      "read_sectors" : 68516352,
      "write_sectors" : 432,
      "read_merges" : 0,
      "write_merges" : 23,
      "read_ticks" : 31233,
      "write_ticks" : 14,
      "in_queue" : 31252,
      "util" : 80.619355
    }
  ]
}
