{
  "fio version" : "fio-3.36",
  "timestamp" : 1759385766,
  "timestamp_ms" : 1759385766568,
  "time" : "Thu Oct  1 20:16:06 2025",
  "jobs" : [
    {
      "jobname" : "SeqRead_bs_64k",
      "groupid" : 0,
      "job_start" : 1759385737625,
      "error" : 0,
      "eta" : 0,
      "elapsed" : 36,
      "job options" : {
        "name" : "SeqRead_bs_64k",
        "filename" : "/home/jaron/Repo-for-Advanced-Computer-Systems/Project3/testfile/fio_testfile",
        "direct" : "1",
        "rw" : "read",
        "bs" : "64k",
        "iodepth" : "1",
        "numjobs" : "1",
        "size" : "10G",
        "runtime" : "30s",
        "ramp_time" : "5s"
      },
      "read" : {
        "io_bytes" : 19299237888,
        "io_kbytes" : 18846912,
        "bw_bytes" : 643286486,
        "bw" : 628209,
        "iops" : 9815.772808,
        "runtime" : 30001,
        "total_ios" : 294483,
        "short_ios" : 0,
        "drop_ios" : 0,
        "slat_ns" : {
          "min" : 0,
          "max" : 0,
          "mean" : 0.000000,
          "stddev" : 0.000000,
          "N" : 0
        },
        "clat_ns" : {
          "min" : 70642,
          "max" : 7694992,
          "mean" : 101481.198300,
          "stddev" : 81667.107231,
          "N" : 294483,
          "percentile" : {
            "1.000000" : 78336,
            "5.000000" : 83456,
            "10.000000" : 84480,
            "20.000000" : 85504,
            "30.000000" : 87552,
            "40.000000" : 88576,
            "50.000000" : 90624,
            "60.000000" : 93696,
            "70.000000" : 98816,
            "80.000000" : 111104,
            "90.000000" : 128512,
            "95.000000" : 142336,
            "99.000000" : 228352,
            "99.500000" : 309248,
            "99.900000" : 382976,
            "99.950000" : 444416,
            "99.990000" : 6324224
          }
        },
        "lat_ns" : {
          "min" : 70663,
          "max" : 7695013,
          "mean" : 101523.420265,
          "stddev" : 81674.756856,
          "N" : 294483
        },
        "bw_min" : 538059,
        "bw_max" : 692015,
        "bw_agg" : 100.000000,
        "bw_mean" : 628704.508475,
        "bw_dev" : 38846.156661,
        "bw_samples" : 59,
        "iops_min" : 8407,
        "iops_max" : 10812,
        "iops_mean" : 9823.186441,
        "iops_stddev" : 606.976722,
        "iops_samples" : 59
      },
      "write" : {
        "io_bytes" : 0,
        "io_kbytes" : 0,
        "bw_bytes" : 0,
        "bw" : 0,
        "iops" : 0.000000,
        "runtime" : 0,
        "total_ios" : 0,
        "short_ios" : 0,
        "drop_ios" : 0,
        "slat_ns" : {
          "min" : 0,
          "max" : 0,
          "mean" : 0.000000,
          "stddev" : 0.000000,
          "N" : 0
        },
        "clat_ns" : {
          "min" : 0,
          "max" : 0,
          "mean" : 0.000000,
          "stddev" : 0.000000,
          "N" : 0
        },
        "lat_ns" : {
          "min" : 0,
          "max" : 0,
          "mean" : 0.000000,
          "stddev" : 0.000000,
          "N" : 0
        },
        "bw_min" : 0,
        "bw_max" : 0,
        "bw_agg" : 0.000000,
        "bw_mean" : 0.000000,
        "bw_dev" : 0.000000,
        "bw_samples" : 0,
        "iops_min" : 0,
        "iops_max" : 0,
        "iops_mean" : 0.000000,
        "iops_stddev" : 0.000000,
        "iops_samples" : 0
      },
      "trim" : {
        "io_bytes" : 0,
        "io_kbytes" : 0,
        "bw_bytes" : 0,
        "bw" : 0,
        "iops" : 0.000000,
        "runtime" : 0,
        "total_ios" : 0,
        "short_ios" : 0,
        "drop_ios" : 0,
        "slat_ns" : {
          "min" : 0,
          "max" : 0,
          "mean" : 0.000000,
          "stddev" : 0.000000,
          "N" : 0
        },
        "clat_ns" : {
          "min" : 0,
          "max" : 0,
          "mean" : 0.000000,
          "stddev" : 0.000000,
          "N" : 0
        },
        "lat_ns" : {
          "min" : 0,
          "max" : 0,
          "mean" : 0.000000,
          "stddev" : 0.000000,
          "N" : 0
        },
        "bw_min" : 0,
        "bw_max" : 0,
        "bw_agg" : 0.000000,
        "bw_mean" : 0.000000,
        "bw_dev" : 0.000000,
        "bw_samples" : 0,
        "iops_min" : 0,
        "iops_max" : 0,
        "iops_mean" : 0.000000,
        "iops_stddev" : 0.000000,
        "iops_samples" : 0
      },
      "sync" : {
        "total_ios" : 0,
        "lat_ns" : {
          "min" : 0,
          "max" : 0,
          "mean" : 0.000000,
          "stddev" : 0.000000,
          "N" : 0
        }
      },
      "job_runtime" : 30000,
      "usr_cpu" : 0.966667,
      "sys_cpu" : 10.766667,
      "ctx" : 294474,
      "majf" : 0,
      "minf" : 37,
      "iodepth_level" : {
        "1" : 100.000000,
        "2" : 0.000000,
        "4" : 0.000000,
        "8" : 0.000000,
        "16" : 0.000000,
        "32" : 0.000000,
        ">=64" : 0.000000
      },
      "iodepth_submit" : {
        "0" : 0.000000,
        "4" : 100.000000,
        "8" : 0.000000,
        "16" : 0.000000,
        "32" : 0.000000,
        "64" : 0.000000,
        ">=64" : 0.000000
      },
      "iodepth_complete" : {
        "0" : 0.000000,
        "4" : 100.000000,
        "8" : 0.000000,
        "16" : 0.000000,
        "32" : 0.000000,
        "64" : 0.000000,
        ">=64" : 0.000000
      },
      "latency_ns" : {
        "2" : 0.000000,
        "4" : 0.000000,
        "10" : 0.000000,
        "20" : 0.000000,
        "50" : 0.000000,
        "100" : 0.000000,
        "250" : 0.000000,
        "500" : 0.000000,
        "750" : 0.000000,
        "1000" : 0.000000
      },
      "latency_us" : {
        "2" : 0.000000,
        "4" : 0.000000,
        "10" : 0.000000,
        "20" : 0.000000,
        "50" : 0.000000,
        "100" : 71.561686,
        "250" : 27.632495,
        "500" : 0.783067,
        "750" : 0.010000,
        "1000" : 0.010000
      },
      "latency_ms" : {
        "2" : 0.010000,
        "4" : 0.010000,
        "10" : 0.010527,
        "20" : 0.000000,
        "50" : 0.000000,
        "100" : 0.000000,
        "250" : 0.000000,
        "500" : 0.000000,
        "750" : 0.000000,
        "1000" : 0.000000,
        "2000" : 0.000000,
        ">=2000" : 0.000000
      },
      "latency_depth" : 1,
      "latency_target" : 0,
      "latency_percentile" : 100.000000,
      "latency_window" : 0
    }
  ],
  "disk_util" : [
    {
      "name" : "sdd",
      "read_ios" : 340654,
      "write_ios" : 39,
      "read_sectors" : 43603352,
      "write_sectors" : 640,
      "read_merges" : 0,
      "write_merges" : 31,
      "read_ticks" : 30824,
      "write_ticks" : 41,
      "in_queue" : 30894,
      "util" : 77.310636
    }
  ]
}
