{
  "fio version" : "fio-3.36",
  "timestamp" : 1759385835,
  "timestamp_ms" : 1759385835003,
  "time" : "Thu Oct  1 20:17:15 2025",
  "jobs" : [
    {
      "jobname" : "SeqRead_bs_256k",
      "groupid" : 0,
      "job_start" : 1759385806045,
      "error" : 0,
      "eta" : 0,
      "elapsed" : 36,
      "job options" : {
        "name" : "SeqRead_bs_256k",
        "filename" : "/home/jaron/Repo-for-Advanced-Computer-Systems/Project3/testfile/fio_testfile",
        "direct" : "1",
        "rw" : "read",
        "bs" : "256k",
        "iodepth" : "1",
        "numjobs" : "1",
        "size" : "10G",
        "runtime" : "30s",
        "ramp_time" : "5s"
      },
      "read" : {
        "io_bytes" : 41847619584,
        "io_kbytes" : 40866816,
        "bw_bytes" : 1394874156,
        "bw" : 1362181,
        "iops" : 5321.022633,
        "runtime" : 30001,
        "total_ios" : 159636,
        "short_ios" : 0,
        "drop_ios" : 0,
        "slat_ns" : {
          "min" : 0,
          "max" : 0,
          "mean" : 0.000000,
          "stddev" : 0.000000,
          "N" : 0
        },
        "clat_ns" : {
          "min" : 145596,
          "max" : 7858709,
          "mean" : 187384.638716,
          "stddev" : 110181.883811,
          "N" : 159636,
          "percentile" : {
            "1.000000" : 152576,
            "5.000000" : 156672,
            "10.000000" : 156672,
            "20.000000" : 162816,
            "30.000000" : 166912,
            "40.000000" : 168960,
            "50.000000" : 173056,
            "60.000000" : 179200,
            "70.000000" : 187392,
            "80.000000" : 201728,
            "90.000000" : 222208,
            "95.000000" : 242688,
            "99.000000" : 374784,
            "99.500000" : 411648,
            "99.900000" : 536576,
            "99.950000" : 716800,
            "99.990000" : 7634944
          }
        },
        "lat_ns" : {
          "min" : 145617,
          "max" : 7858720,
          "mean" : 187446.808696,
          "stddev" : 110190.798547,
          "N" : 159636
        },
        "bw_min" : 1209625,
        "bw_max" : 1490051,
        "bw_agg" : 100.000000,
        "bw_mean" : 1363945.745763,
        "bw_dev" : 62885.644855,
        "bw_samples" : 59,
        "iops_min" : 4725,
        "iops_max" : 5820,
        "iops_mean" : 5327.440678,
        "iops_stddev" : 245.620767,
        "iops_samples" : 59
      },
      "write" : {
        "io_bytes" : 0,
        "io_kbytes" : 0,
        "bw_bytes" : 0,
        "bw" : 0,
        "iops" : 0.000000,
        "runtime" : 0,
        "total_ios" : 0,
        "short_ios" : 0,
        "drop_ios" : 0,
        "slat_ns" : {
          "min" : 0,
          "max" : 0,
          "mean" : 0.000000,
          "stddev" : 0.000000,
          "N" : 0
        },
        "clat_ns" : {
          "min" : 0,
          "max" : 0,
          "mean" : 0.000000,
          "stddev" : 0.000000,
          "N" : 0
        },
        "lat_ns" : {
          "min" : 0,
          "max" : 0,
          "mean" : 0.000000,
          "stddev" : 0.000000,
          "N" : 0
        },
        "bw_min" : 0,
        "bw_max" : 0,
        "bw_agg" : 0.000000,
        "bw_mean" : 0.000000,
        "bw_dev" : 0.000000,
        "bw_samples" : 0,
        "iops_min" : 0,
        "iops_max" : 0,
        "iops_mean" : 0.000000,
        "iops_stddev" : 0.000000,
        "iops_samples" : 0
      },
      "trim" : {
        "io_bytes" : 0,
        "io_kbytes" : 0,
        "bw_bytes" : 0,
        "bw" : 0,
        "iops" : 0.000000,
        "runtime" : 0,
        "total_ios" : 0,
        "short_ios" : 0,
        "drop_ios" : 0,
        "slat_ns" : {
          "min" : 0,
          "max" : 0,
          "mean" : 0.000000,
          "stddev" : 0.000000,
          "N" : 0
        },
        "clat_ns" : {
          "min" : 0,
          "max" : 0,
          "mean" : 0.000000,
          "stddev" : 0.000000,
          "N" : 0
        },
        "lat_ns" : {
          "min" : 0,
          "max" : 0,
          "mean" : 0.000000,
          "stddev" : 0.000000,
          "N" : 0
        },
        "bw_min" : 0,
        "bw_max" : 0,
        "bw_agg" : 0.000000,
        "bw_mean" : 0.000000,
        "bw_dev" : 0.000000,
        "bw_samples" : 0,
        "iops_min" : 0,
        "iops_max" : 0,
        "iops_mean" : 0.000000,
        "iops_stddev" : 0.000000,
        "iops_samples" : 0
      },
      "sync" : {
        "total_ios" : 0,
        "lat_ns" : {
          "min" : 0,
          "max" : 0,
          "mean" : 0.000000,
          "stddev" : 0.000000,
          "N" : 0
        }
      },
      "job_runtime" : 30000,
      "usr_cpu" : 0.580000,
      "sys_cpu" : 9.113333,
      "ctx" : 159634,
      "majf" : 0,
      "minf" : 37,
      "iodepth_level" : {
        "1" : 100.000000,
        "2" : 0.000000,
        "4" : 0.000000,
        "8" : 0.000000,
        "16" : 0.000000,
        "32" : 0.000000,
        ">=64" : 0.000000
      },
      "iodepth_submit" : {
        "0" : 0.000000,
        "4" : 100.000000,
        "8" : 0.000000,
        "16" : 0.000000,
        "32" : 0.000000,
        "64" : 0.000000,
        ">=64" : 0.000000
      },
      "iodepth_complete" : {
        "0" : 0.000000,
        "4" : 100.000000,
        "8" : 0.000000,
        "16" : 0.000000,
        "32" : 0.000000,
        "64" : 0.000000,
        ">=64" : 0.000000
      },
      "latency_ns" : {
        "2" : 0.000000,
        "4" : 0.000000,
        "10" : 0.000000,
        "20" : 0.000000,
        "50" : 0.000000,
        "100" : 0.000000,
        "250" : 0.000000,
        "500" : 0.000000,
        "750" : 0.000000,
        "1000" : 0.000000
      },
      "latency_us" : {
        "2" : 0.000000,
        "4" : 0.000000,
        "10" : 0.000000,
        "20" : 0.000000,
        "50" : 0.000000,
        "100" : 0.000000,
        "250" : 95.845549,
        "500" : 4.020396,
        "750" : 0.087073,
        "1000" : 0.011902
      },
      "latency_ms" : {
        "2" : 0.013155,
        "4" : 0.010000,
        "10" : 0.018793,
        "20" : 0.000000,
        "50" : 0.000000,
        "100" : 0.000000,
        "250" : 0.000000,
        "500" : 0.000000,
        "750" : 0.000000,
        "1000" : 0.000000,
        "2000" : 0.000000,
        ">=2000" : 0.000000
      },
      "latency_depth" : 1,
      "latency_target" : 0,
      "latency_percentile" : 100.000000,
      "latency_window" : 0
    }
  ],
  "disk_util" : [
    {
      "name" : "sdd",
      "read_ios" : 185659,
      "write_ios" : 54,
      "read_sectors" : 95040704,
      "write_sectors" : 792,
      "read_merges" : 0,
      "write_merges" : 36,
      "read_ticks" : 31826,
      "write_ticks" : 42,
      "in_queue" : 31882,
      "util" : 83.799011
    }
  ]
}
