{
  "fio version" : "fio-3.36",
  "timestamp" : 1759386005,
  "timestamp_ms" : 1759386005934,
  "time" : "Thu Oct  1 20:20:05 2025",
  "jobs" : [
    {
      "jobname" : "SeqWrite_bs_64k",
      "groupid" : 0,
      "job_start" : 1759385977023,
      "error" : 0,
      "eta" : 0,
      "elapsed" : 36,
      "job options" : {
        "name" : "SeqWrite_bs_64k",
        "filename" : "/home/jaron/Repo-for-Advanced-Computer-Systems/Project3/testfile/fio_testfile",
        "direct" : "1",
        "rw" : "write",
        "bs" : "64k",
        "iodepth" : "1",
        "numjobs" : "1",
        "size" : "10G",
        "runtime" : "30s",
        "ramp_time" : "5s"
      },
      "read" : {
        "io_bytes" : 0,
        "io_kbytes" : 0,
        "bw_bytes" : 0,
        "bw" : 0,
        "iops" : 0.000000,
        "runtime" : 0,
        "total_ios" : 0,
        "short_ios" : 0,
        "drop_ios" : 0,
        "slat_ns" : {
          "min" : 0,
          "max" : 0,
          "mean" : 0.000000,
          "stddev" : 0.000000,
          "N" : 0
        },
        "clat_ns" : {
          "min" : 0,
          "max" : 0,
          "mean" : 0.000000,
          "stddev" : 0.000000,
          "N" : 0
        },
        "lat_ns" : {
          "min" : 0,
          "max" : 0,
          "mean" : 0.000000,
          "stddev" : 0.000000,
          "N" : 0
        },
        "bw_min" : 0,
        "bw_max" : 0,
        "bw_agg" : 0.000000,
        "bw_mean" : 0.000000,
        "bw_dev" : 0.000000,
        "bw_samples" : 0,
        "iops_min" : 0,
        "iops_max" : 0,
        "iops_mean" : 0.000000,
        "iops_stddev" : 0.000000,
        "iops_samples" : 0
      },
      "write" : {
        "io_bytes" : 7292125184,
        "io_kbytes" : 7121216,
        "bw_bytes" : 243062737,
        "bw" : 237365,
        "iops" : 3708.843039,
        "runtime" : 30001,
        "total_ios" : 111269,
        "short_ios" : 0,
        "drop_ios" : 0,
        "slat_ns" : {
          "min" : 0,
          "max" : 0,
          "mean" : 0.000000,
          "stddev" : 0.000000,
          "N" : 0
        },
        "clat_ns" : {
          "min" : 207129,
          "max" : 8269782,
          "mean" : 268403.349100,
          "stddev" : 186423.615292,
          "N" : 111269,
          "percentile" : {
            "1.000000" : 220160,
            "5.000000" : 228352,
            "10.000000" : 234496,
            "20.000000" : 240640,
            "30.000000" : 244736,
            "40.000000" : 248832,
            "50.000000" : 252928,
            "60.000000" : 257024,
            "70.000000" : 264192,
            "80.000000" : 280576,
            "90.000000" : 301056,
            "95.000000" : 317440,
            "99.000000" : 464896,
            "99.500000" : 514048,
            "99.900000" : 3096576,
            "99.950000" : 5275648,
            "99.990000" : 7831552
          }
        },
        "lat_ns" : {
          "min" : 207377,
          "max" : 8270662,
          "mean" : 268817.519183,
          "stddev" : 186443.750289,
          "N" : 111269
        },
        "bw_min" : 211840,
        "bw_max" : 256896,
        "bw_agg" : 100.000000,
        "bw_mean" : 237419.864407,
        "bw_dev" : 9348.264133,
        "bw_samples" : 59,
        "iops_min" : 3310,
        "iops_max" : 4014,
        "iops_mean" : 3709.457627,
        "iops_stddev" : 146.077368,
        "iops_samples" : 59
      },
      "trim" : {
        "io_bytes" : 0,
        "io_kbytes" : 0,
        "bw_bytes" : 0,
        "bw" : 0,
        "iops" : 0.000000,
        "runtime" : 0,
        "total_ios" : 0,
        "short_ios" : 0,
        "drop_ios" : 0,
        "slat_ns" : {
          "min" : 0,
          "max" : 0,
          "mean" : 0.000000,
          "stddev" : 0.000000,
          "N" : 0
        },
        "clat_ns" : {
          "min" : 0,
          "max" : 0,
          "mean" : 0.000000,
          "stddev" : 0.000000,
          "N" : 0
        },
        "lat_ns" : {
          "min" : 0,
          "max" : 0,
          "mean" : 0.000000,
          "stddev" : 0.000000,
          "N" : 0
        },
        "bw_min" : 0,
        "bw_max" : 0,
        "bw_agg" : 0.000000,
        "bw_mean" : 0.000000,
        "bw_dev" : 0.000000,
        "bw_samples" : 0,
        "iops_min" : 0,
        "iops_max" : 0,
        "iops_mean" : 0.000000,
        "iops_stddev" : 0.000000,
        "iops_samples" : 0
      },
      "sync" : {
        "total_ios" : 0,
        "lat_ns" : {
          "min" : 0,
          "max" : 0,
          "mean" : 0.000000,
          "stddev" : 0.000000,
          "N" : 0
        }
      },
      "job_runtime" : 30000,
      "usr_cpu" : 0.730000,
      "sys_cpu" : 8.433333,
      "ctx" : 111270,
      "majf" : 0,
      "minf" : 38,
      "iodepth_level" : {
        "1" : 100.000000,
        "2" : 0.000000,
        "4" : 0.000000,
        "8" : 0.000000,
        "16" : 0.000000,
        "32" : 0.000000,
        ">=64" : 0.000000
      },
      "iodepth_submit" : {
        "0" : 0.000000,
        "4" : 100.000000,
        "8" : 0.000000,
        "16" : 0.000000,
        "32" : 0.000000,
        "64" : 0.000000,
        ">=64" : 0.000000
      },
      "iodepth_complete" : {
        "0" : 0.000000,
        "4" : 100.000000,
        "8" : 0.000000,
        "16" : 0.000000,
        "32" : 0.000000,
        "64" : 0.000000,
        ">=64" : 0.000000
      },
      "latency_ns" : {
        "2" : 0.000000,
        "4" : 0.000000,
        "10" : 0.000000,
        "20" : 0.000000,
        "50" : 0.000000,
        "100" : 0.000000,
        "250" : 0.000000,
        "500" : 0.000000,
        "750" : 0.000000,
        "1000" : 0.000000
      },
      "latency_us" : {
        "2" : 0.000000,
        "4" : 0.000000,
        "10" : 0.000000,
        "20" : 0.000000,
        "50" : 0.000000,
        "100" : 0.000000,
        "250" : 41.362823,
        "500" : 58.067386,
        "750" : 0.434083,
        "1000" : 0.010000
      },
      "latency_ms" : {
        "2" : 0.016177,
        "4" : 0.027860,
        "10" : 0.081784,
        "20" : 0.000000,
        "50" : 0.000000,
        "100" : 0.000000,
        "250" : 0.000000,
        "500" : 0.000000,
        "750" : 0.000000,
        "1000" : 0.000000,
        "2000" : 0.000000,
        ">=2000" : 0.000000
      },
      "latency_depth" : 1,
      "latency_target" : 0,
      "latency_percentile" : 100.000000,
      "latency_window" : 0
    }
  ],
  "disk_util" : [
    {
      "name" : "sdd",
      "read_ios" : 0,
      "write_ios" : 128991,
      "read_sectors" : 0,
      "write_sectors" : 16507480,
      "read_merges" : 0,
      "write_merges" : 38,
      "read_ticks" : 0,
      "write_ticks" : 31636,
      "in_queue" : 31641,
      "util" : 84.252758
    }
  ]
}
