{
  "fio version" : "fio-3.36",
  "timestamp" : 1759386074,
  "timestamp_ms" : 1759386074363,
  "time" : "Thu Oct  1 20:21:14 2025",
  "jobs" : [
    {
      "jobname" : "SeqWrite_bs_256k",
      "groupid" : 0,
      "job_start" : 1759386045418,
      "error" : 0,
      "eta" : 0,
      "elapsed" : 36,
      "job options" : {
        "name" : "SeqWrite_bs_256k",
        "filename" : "/home/jaron/Repo-for-Advanced-Computer-Systems/Project3/testfile/fio_testfile",
        "direct" : "1",
        "rw" : "write",
        "bs" : "256k",
        "iodepth" : "1",
        "numjobs" : "1",
        "size" : "10G",
        "runtime" : "30s",
        "ramp_time" : "5s"
      },
      "read" : {
        "io_bytes" : 0,
        "io_kbytes" : 0,
        "bw_bytes" : 0,
        "bw" : 0,
        "iops" : 0.000000,
        "runtime" : 0,
        "total_ios" : 0,
        "short_ios" : 0,
        "drop_ios" : 0,
        "slat_ns" : {
          "min" : 0,
          "max" : 0,
          "mean" : 0.000000,
          "stddev" : 0.000000,
          "N" : 0
        },
        "clat_ns" : {
          "min" : 0,
          "max" : 0,
          "mean" : 0.000000,
          "stddev" : 0.000000,
          "N" : 0
        },
        "lat_ns" : {
          "min" : 0,
          "max" : 0,
          "mean" : 0.000000,
          "stddev" : 0.000000,
          "N" : 0
        },
        "bw_min" : 0,
        "bw_max" : 0,
        "bw_agg" : 0.000000,
        "bw_mean" : 0.000000,
        "bw_dev" : 0.000000,
        "bw_samples" : 0,
        "iops_min" : 0,
        "iops_max" : 0,
        "iops_mean" : 0.000000,
        "iops_stddev" : 0.000000,
        "iops_samples" : 0
      },
      "write" : {
        "io_bytes" : 22221160448,
        "io_kbytes" : 21700352,
        "bw_bytes" : 740680658,
        "bw" : 723320,
        "iops" : 2825.472484,
        "runtime" : 30001,
        "total_ios" : 84767,
        "short_ios" : 0,
        "drop_ios" : 0,
        "slat_ns" : {
          "min" : 0,
          "max" : 0,
          "mean" : 0.000000,
          "stddev" : 0.000000,
          "N" : 0
        },
        "clat_ns" : {
          "min" : 276690,
          "max" : 11015821,
          "mean" : 352031.103684,
          "stddev" : 335508.517907,
          "N" : 84767,
          "percentile" : {
            "1.000000" : 288768,
            "5.000000" : 296960,
            "10.000000" : 301056,
            "20.000000" : 305152,
            "30.000000" : 309248,
            "40.000000" : 313344,
            "50.000000" : 317440,
            "60.000000" : 325632,
            "70.000000" : 337920,
            "80.000000" : 358400,
            "90.000000" : 374784,
            "95.000000" : 407552,
            "99.000000" : 610304,
            "99.500000" : 692224,
            "99.900000" : 7766016,
            "99.950000" : 8224768,
            "99.990000" : 8290304
          }
        },
        "lat_ns" : {
          "min" : 277550,
          "max" : 11017282,
          "mean" : 353250.422664,
          "stddev" : 335549.191618,
          "N" : 84767
        },
        "bw_min" : 664271,
        "bw_max" : 770544,
        "bw_agg" : 100.000000,
        "bw_mean" : 724146.406780,
        "bw_dev" : 21495.371819,
        "bw_samples" : 59,
        "iops_min" : 2594,
        "iops_max" : 3009,
        "iops_mean" : 2828.423729,
        "iops_stddev" : 83.965552,
        "iops_samples" : 59
      },
      "trim" : {
        "io_bytes" : 0,
        "io_kbytes" : 0,
        "bw_bytes" : 0,
        "bw" : 0,
        "iops" : 0.000000,
        "runtime" : 0,
        "total_ios" : 0,
        "short_ios" : 0,
        "drop_ios" : 0,
        "slat_ns" : {
          "min" : 0,
          "max" : 0,
          "mean" : 0.000000,
          "stddev" : 0.000000,
          "N" : 0
        },
        "clat_ns" : {
          "min" : 0,
          "max" : 0,
          "mean" : 0.000000,
          "stddev" : 0.000000,
          "N" : 0
        },
        "lat_ns" : {
          "min" : 0,
          "max" : 0,
          "mean" : 0.000000,
          "stddev" : 0.000000,
          "N" : 0
        },
        "bw_min" : 0,
        "bw_max" : 0,
        "bw_agg" : 0.000000,
        "bw_mean" : 0.000000,
        "bw_dev" : 0.000000,
        "bw_samples" : 0,
        "iops_min" : 0,
        "iops_max" : 0,
        "iops_mean" : 0.000000,
        "iops_stddev" : 0.000000,
        "iops_samples" : 0
      },
      "sync" : {
        "total_ios" : 0,
        "lat_ns" : {
          "min" : 0,
          "max" : 0,
          "mean" : 0.000000,
          "stddev" : 0.000000,
          "N" : 0
        }
      },
      "job_runtime" : 30000,
      "usr_cpu" : 0.783333,
      "sys_cpu" : 7.063333,
      "ctx" : 84767,
      "majf" : 0,
      "minf" : 37,
      "iodepth_level" : {
        "1" : 100.000000,
        "2" : 0.000000,
        "4" : 0.000000,
        "8" : 0.000000,
        "16" : 0.000000,
        "32" : 0.000000,
        ">=64" : 0.000000
      },
      "iodepth_submit" : {
        "0" : 0.000000,
        "4" : 100.000000,
        "8" : 0.000000,
        "16" : 0.000000,
        "32" : 0.000000,
        "64" : 0.000000,
        ">=64" : 0.000000
      },
      "iodepth_complete" : {
        "0" : 0.000000,
        "4" : 100.000000,
        "8" : 0.000000,
        "16" : 0.000000,
        "32" : 0.000000,
        "64" : 0.000000,
        ">=64" : 0.000000
      },
      "latency_ns" : {
        "2" : 0.000000,
        "4" : 0.000000,
        "10" : 0.000000,
        "20" : 0.000000,
        "50" : 0.000000,
        "100" : 0.000000,
        "250" : 0.000000,
        "500" : 0.000000,
        "750" : 0.000000,
        "1000" : 0.000000
      },
      "latency_us" : {
        "2" : 0.000000,
        "4" : 0.000000,
        "10" : 0.000000,
        "20" : 0.000000,
        "50" : 0.000000,
        "100" : 0.000000,
        "250" : 0.000000,
        "500" : 97.493128,
        "750" : 2.101053,
        "1000" : 0.053087
      },
      "latency_ms" : {
        "2" : 0.033032,
        "4" : 0.062524,
        "10" : 0.255996,
        "20" : 0.010000,
        "50" : 0.000000,
        "100" : 0.000000,
        "250" : 0.000000,
        "500" : 0.000000,
        "750" : 0.000000,
        "1000" : 0.000000,
        "2000" : 0.000000,
        ">=2000" : 0.000000
      },
      "latency_depth" : 1,
      "latency_target" : 0,
      "latency_percentile" : 100.000000,
      "latency_window" : 0
    }
  ],
  "disk_util" : [
    {
      "name" : "sdd",
      "read_ios" : 0,
      "write_ios" : 98641,
      "read_sectors" : 0,
      "write_sectors" : 50485424,
      "read_merges" : 0,
      "write_merges" : 41,
      "read_ticks" : 0,
      "write_ticks" : 32432,
      "in_queue" : 32439,
      "util" : 89.060533
    }
  ]
}
