{
  "fio version" : "fio-3.36",
  "timestamp" : 1759385971,
  "timestamp_ms" : 1759385971766,
  "time" : "Thu Oct  1 20:19:31 2025",
  "jobs" : [
    {
      "jobname" : "SeqWrite_bs_32k",
      "groupid" : 0,
      "job_start" : 1759385942862,
      "error" : 0,
      "eta" : 0,
      "elapsed" : 36,
      "job options" : {
        "name" : "SeqWrite_bs_32k",
        "filename" : "/home/jaron/Repo-for-Advanced-Computer-Systems/Project3/testfile/fio_testfile",
        "direct" : "1",
        "rw" : "write",
        "bs" : "32k",
        "iodepth" : "1",
        "numjobs" : "1",
        "size" : "10G",
        "runtime" : "30s",
        "ramp_time" : "5s"
      },
      "read" : {
        "io_bytes" : 0,
        "io_kbytes" : 0,
        "bw_bytes" : 0,
        "bw" : 0,
        "iops" : 0.000000,
        "runtime" : 0,
        "total_ios" : 0,
        "short_ios" : 0,
        "drop_ios" : 0,
        "slat_ns" : {
          "min" : 0,
          "max" : 0,
          "mean" : 0.000000,
          "stddev" : 0.000000,
          "N" : 0
        },
        "clat_ns" : {
          "min" : 0,
          "max" : 0,
          "mean" : 0.000000,
          "stddev" : 0.000000,
          "N" : 0
        },
        "lat_ns" : {
          "min" : 0,
          "max" : 0,
          "mean" : 0.000000,
          "stddev" : 0.000000,
          "N" : 0
        },
        "bw_min" : 0,
        "bw_max" : 0,
        "bw_agg" : 0.000000,
        "bw_mean" : 0.000000,
        "bw_dev" : 0.000000,
        "bw_samples" : 0,
        "iops_min" : 0,
        "iops_max" : 0,
        "iops_mean" : 0.000000,
        "iops_stddev" : 0.000000,
        "iops_samples" : 0
      },
      "write" : {
        "io_bytes" : 3762421760,
        "io_kbytes" : 3674240,
        "bw_bytes" : 125409878,
        "bw" : 122470,
        "iops" : 3827.205760,
        "runtime" : 30001,
        "total_ios" : 114820,
        "short_ios" : 0,
        "drop_ios" : 0,
        "slat_ns" : {
          "min" : 0,
          "max" : 0,
          "mean" : 0.000000,
          "stddev" : 0.000000,
          "N" : 0
        },
        "clat_ns" : {
          "min" : 200521,
          "max" : 9128180,
          "mean" : 260284.991561,
          "stddev" : 166512.033793,
          "N" : 114820,
          "percentile" : {
            "1.000000" : 211968,
            "5.000000" : 218112,
            "10.000000" : 222208,
            "20.000000" : 228352,
            "30.000000" : 234496,
            "40.000000" : 240640,
            "50.000000" : 244736,
            "60.000000" : 250880,
            "70.000000" : 261120,
            "80.000000" : 272384,
            "90.000000" : 292864,
            "95.000000" : 313344,
            "99.000000" : 468992,
            "99.500000" : 610304,
            "99.900000" : 954368,
            "99.950000" : 5079040,
            "99.990000" : 7831552
          }
        },
        "lat_ns" : {
          "min" : 200635,
          "max" : 9128396,
          "mean" : 260528.509084,
          "stddev" : 166528.230130,
          "N" : 114820
        },
        "bw_min" : 71287,
        "bw_max" : 137251,
        "bw_agg" : 100.000000,
        "bw_mean" : 122527.491525,
        "bw_dev" : 8902.971963,
        "bw_samples" : 59,
        "iops_min" : 2227,
        "iops_max" : 4289,
        "iops_mean" : 3828.559322,
        "iops_stddev" : 278.254738,
        "iops_samples" : 59
      },
      "trim" : {
        "io_bytes" : 0,
        "io_kbytes" : 0,
        "bw_bytes" : 0,
        "bw" : 0,
        "iops" : 0.000000,
        "runtime" : 0,
        "total_ios" : 0,
        "short_ios" : 0,
        "drop_ios" : 0,
        "slat_ns" : {
          "min" : 0,
          "max" : 0,
          "mean" : 0.000000,
          "stddev" : 0.000000,
          "N" : 0
        },
        "clat_ns" : {
          "min" : 0,
          "max" : 0,
          "mean" : 0.000000,
          "stddev" : 0.000000,
          "N" : 0
        },
        "lat_ns" : {
          "min" : 0,
          "max" : 0,
          "mean" : 0.000000,
          "stddev" : 0.000000,
          "N" : 0
        },
        "bw_min" : 0,
        "bw_max" : 0,
        "bw_agg" : 0.000000,
        "bw_mean" : 0.000000,
        "bw_dev" : 0.000000,
        "bw_samples" : 0,
        "iops_min" : 0,
        "iops_max" : 0,
        "iops_mean" : 0.000000,
        "iops_stddev" : 0.000000,
        "iops_samples" : 0
      },
      "sync" : {
        "total_ios" : 0,
        "lat_ns" : {
          "min" : 0,
          "max" : 0,
          "mean" : 0.000000,
          "stddev" : 0.000000,
          "N" : 0
        }
      },
      "job_runtime" : 30000,
      "usr_cpu" : 0.686667,
      "sys_cpu" : 8.543333,
      "ctx" : 114820,
      "majf" : 0,
      "minf" : 37,
      "iodepth_level" : {
        "1" : 100.000000,
        "2" : 0.000000,
        "4" : 0.000000,
        "8" : 0.000000,
        "16" : 0.000000,
        "32" : 0.000000,
        ">=64" : 0.000000
      },
      "iodepth_submit" : {
        "0" : 0.000000,
        "4" : 100.000000,
        "8" : 0.000000,
        "16" : 0.000000,
        "32" : 0.000000,
        "64" : 0.000000,
        ">=64" : 0.000000
      },
      "iodepth_complete" : {
        "0" : 0.000000,
        "4" : 100.000000,
        "8" : 0.000000,
        "16" : 0.000000,
        "32" : 0.000000,
        "64" : 0.000000,
        ">=64" : 0.000000
      },
      "latency_ns" : {
        "2" : 0.000000,
        "4" : 0.000000,
        "10" : 0.000000,
        "20" : 0.000000,
        "50" : 0.000000,
        "100" : 0.000000,
        "250" : 0.000000,
        "500" : 0.000000,
        "750" : 0.000000,
        "1000" : 0.000000
      },
      "latency_us" : {
        "2" : 0.000000,
        "4" : 0.000000,
        "10" : 0.000000,
        "20" : 0.000000,
        "50" : 0.000000,
        "100" : 0.000000,
        "250" : 58.157986,
        "500" : 41.076468,
        "750" : 0.319631,
        "1000" : 0.353597
      },
      "latency_ms" : {
        "2" : 0.026999,
        "4" : 0.011322,
        "10" : 0.053998,
        "20" : 0.000000,
        "50" : 0.000000,
        "100" : 0.000000,
        "250" : 0.000000,
        "500" : 0.000000,
        "750" : 0.000000,
        "1000" : 0.000000,
        "2000" : 0.000000,
        ">=2000" : 0.000000
      },
      "latency_depth" : 1,
      "latency_target" : 0,
      "latency_percentile" : 100.000000,
      "latency_window" : 0
    }
  ],
  "disk_util" : [
    {
      "name" : "sdd",
      "read_ios" : 0,
      "write_ios" : 133517,
      "read_sectors" : 0,
      "write_sectors" : 8543656,
      "read_merges" : 0,
      "write_merges" : 28,
      "read_ticks" : 0,
      "write_ticks" : 31553,
      "in_queue" : 31557,
      "util" : 83.301377
    }
  ]
}
