{
  "fio version" : "fio-3.36",
  "timestamp" : 1759386040,
  "timestamp_ms" : 1759386040158,
  "time" : "Thu Oct  1 20:20:40 2025",
  "jobs" : [
    {
      "jobname" : "SeqWrite_bs_128k",
      "groupid" : 0,
      "job_start" : 1759386011196,
      "error" : 0,
      "eta" : 0,
      "elapsed" : 36,
      "job options" : {
        "name" : "SeqWrite_bs_128k",
        "filename" : "/home/jaron/Repo-for-Advanced-Computer-Systems/Project3/testfile/fio_testfile",
        "direct" : "1",
        "rw" : "write",
        "bs" : "128k",
        "iodepth" : "1",
        "numjobs" : "1",
        "size" : "10G",
        "runtime" : "30s",
        "ramp_time" : "5s"
      },
      "read" : {
        "io_bytes" : 0,
        "io_kbytes" : 0,
        "bw_bytes" : 0,
        "bw" : 0,
        "iops" : 0.000000,
        "runtime" : 0,
        "total_ios" : 0,
        "short_ios" : 0,
        "drop_ios" : 0,
        "slat_ns" : {
          "min" : 0,
          "max" : 0,
          "mean" : 0.000000,
          "stddev" : 0.000000,
          "N" : 0
        },
        "clat_ns" : {
          "min" : 0,
          "max" : 0,
          "mean" : 0.000000,
          "stddev" : 0.000000,
          "N" : 0
        },
        "lat_ns" : {
          "min" : 0,
          "max" : 0,
          "mean" : 0.000000,
          "stddev" : 0.000000,
          "N" : 0
        },
        "bw_min" : 0,
        "bw_max" : 0,
        "bw_agg" : 0.000000,
        "bw_mean" : 0.000000,
        "bw_dev" : 0.000000,
        "bw_samples" : 0,
        "iops_min" : 0,
        "iops_max" : 0,
        "iops_mean" : 0.000000,
        "iops_stddev" : 0.000000,
        "iops_samples" : 0
      },
      "write" : {
        "io_bytes" : 13083344896,
        "io_kbytes" : 12776704,
        "bw_bytes" : 436096959,
        "bw" : 425875,
        "iops" : 3327.155761,
        "runtime" : 30001,
        "total_ios" : 99818,
        "short_ios" : 0,
        "drop_ios" : 0,
        "slat_ns" : {
          "min" : 0,
          "max" : 0,
          "mean" : 0.000000,
          "stddev" : 0.000000,
          "N" : 0
        },
        "clat_ns" : {
          "min" : 237586,
          "max" : 8387598,
          "mean" : 299017.610661,
          "stddev" : 260967.045102,
          "N" : 99818,
          "percentile" : {
            "1.000000" : 257024,
            "5.000000" : 261120,
            "10.000000" : 264192,
            "20.000000" : 268288,
            "30.000000" : 272384,
            "40.000000" : 276480,
            "50.000000" : 276480,
            "60.000000" : 280576,
            "70.000000" : 284672,
            "80.000000" : 301056,
            "90.000000" : 325632,
            "95.000000" : 337920,
            "99.000000" : 514048,
            "99.500000" : 585728,
            "99.900000" : 5275648,
            "99.950000" : 8224768,
            "99.990000" : 8290304
          }
        },
        "lat_ns" : {
          "min" : 237979,
          "max" : 8388292,
          "mean" : 299698.068695,
          "stddev" : 260985.482182,
          "N" : 99818
        },
        "bw_min" : 396518,
        "bw_max" : 448378,
        "bw_agg" : 100.000000,
        "bw_mean" : 426134.152542,
        "bw_dev" : 10898.116403,
        "bw_samples" : 59,
        "iops_min" : 3097,
        "iops_max" : 3502,
        "iops_mean" : 3328.949153,
        "iops_stddev" : 85.139525,
        "iops_samples" : 59
      },
      "trim" : {
        "io_bytes" : 0,
        "io_kbytes" : 0,
        "bw_bytes" : 0,
        "bw" : 0,
        "iops" : 0.000000,
        "runtime" : 0,
        "total_ios" : 0,
        "short_ios" : 0,
        "drop_ios" : 0,
        "slat_ns" : {
          "min" : 0,
          "max" : 0,
          "mean" : 0.000000,
          "stddev" : 0.000000,
          "N" : 0
        },
        "clat_ns" : {
          "min" : 0,
          "max" : 0,
          "mean" : 0.000000,
          "stddev" : 0.000000,
          "N" : 0
        },
        "lat_ns" : {
          "min" : 0,
          "max" : 0,
          "mean" : 0.000000,
          "stddev" : 0.000000,
          "N" : 0
        },
        "bw_min" : 0,
        "bw_max" : 0,
        "bw_agg" : 0.000000,
        "bw_mean" : 0.000000,
        "bw_dev" : 0.000000,
        "bw_samples" : 0,
        "iops_min" : 0,
        "iops_max" : 0,
        "iops_mean" : 0.000000,
        "iops_stddev" : 0.000000,
        "iops_samples" : 0
      },
      "sync" : {
        "total_ios" : 0,
        "lat_ns" : {
          "min" : 0,
          "max" : 0,
          "mean" : 0.000000,
          "stddev" : 0.000000,
          "N" : 0
        }
      },
      "job_runtime" : 30000,
      "usr_cpu" : 0.840000,
      "sys_cpu" : 8.016667,
      "ctx" : 99818,
      "majf" : 0,
      "minf" : 37,
      "iodepth_level" : {
        "1" : 100.000000,
        "2" : 0.000000,
        "4" : 0.000000,
        "8" : 0.000000,
        "16" : 0.000000,
        "32" : 0.000000,
        ">=64" : 0.000000
      },
      "iodepth_submit" : {
        "0" : 0.000000,
        "4" : 100.000000,
        "8" : 0.000000,
        "16" : 0.000000,
        "32" : 0.000000,
        "64" : 0.000000,
        ">=64" : 0.000000
      },
      "iodepth_complete" : {
        "0" : 0.000000,
        "4" : 100.000000,
        "8" : 0.000000,
        "16" : 0.000000,
        "32" : 0.000000,
        "64" : 0.000000,
        ">=64" : 0.000000
      },
      "latency_ns" : {
        "2" : 0.000000,
        "4" : 0.000000,
        "10" : 0.000000,
        "20" : 0.000000,
        "50" : 0.000000,
        "100" : 0.000000,
        "250" : 0.000000,
        "500" : 0.000000,
        "750" : 0.000000,
        "1000" : 0.000000
      },
      "latency_us" : {
        "2" : 0.000000,
        "4" : 0.000000,
        "10" : 0.000000,
        "20" : 0.000000,
        "50" : 0.000000,
        "100" : 0.000000,
        "250" : 0.194354,
        "500" : 98.566391,
        "750" : 1.049911,
        "1000" : 0.026047
      },
      "latency_ms" : {
        "2" : 0.012022,
        "4" : 0.010018,
        "10" : 0.141257,
        "20" : 0.000000,
        "50" : 0.000000,
        "100" : 0.000000,
        "250" : 0.000000,
        "500" : 0.000000,
        "750" : 0.000000,
        "1000" : 0.000000,
        "2000" : 0.000000,
        ">=2000" : 0.000000
      },
      "latency_depth" : 1,
      "latency_target" : 0,
      "latency_percentile" : 100.000000,
      "latency_window" : 0
    }
  ],
  "disk_util" : [
    {
      "name" : "sdd",
      "read_ios" : 0,
      "write_ios" : 115801,
      "read_sectors" : 0,
      "write_sectors" : 29635912,
      "read_merges" : 0,
      "write_merges" : 30,
      "read_ticks" : 0,
      "write_ticks" : 31918,
      "in_queue" : 31923,
      "util" : 85.490331
    }
  ]
}
