{
  "fio version" : "fio-3.36",
  "timestamp" : 1765742920,
  "timestamp_ms" : 1765742920278,
  "time" : "Sun Dec 14 15:08:40 2025",
  "global options" : {
    "filename" : "test.dat",
    "rw" : "randread",
    "bs" : "4k",
    "direct" : "1",
    "time_based" : "1",
    "runtime" : "30",
    "group_reporting" : "1",
    "randrepeat" : "0",
    "norandommap" : "1"
  },
  "jobs" : [
    {
      "jobname" : "async_uring_c16_smt_off",
      "groupid" : 0,
      "job_start" : 1765742890890,
      "error" : 0,
      "eta" : 0,
      "elapsed" : 31,
      "job options" : {
        "name" : "async_uring_c16_smt_off",
        "ioengine" : "io_uring",
        "numjobs" : "4",
        "iodepth" : "4",
        "iodepth_batch" : "4",
        "iodepth_batch_complete_min" : "4"
      },
      "read" : {
        "io_bytes" : 385837449216,
        "io_kbytes" : 376794384,
        "bw_bytes" : 12860390947,
        "bw" : 12558975,
        "iops" : 3139743.883741,
        "runtime" : 30002,
        "total_ios" : 94198596,
        "short_ios" : 0,
        "drop_ios" : 0,
        "slat_ns" : {
          "min" : 3304,
          "max" : 13165879,
          "mean" : 4495.919933,
          "stddev" : 12255.560364,
          "N" : 94198596
        },
        "clat_ns" : {
          "min" : 81,
          "max" : 4398507,
          "mean" : 142.647875,
          "stddev" : 1155.877325,
          "N" : 94198596,
          "percentile" : {
            "1.000000" : 92,
            "5.000000" : 102,
            "10.000000" : 102,
            "20.000000" : 102,
            "30.000000" : 112,
            "40.000000" : 113,
            "50.000000" : 143,
            "60.000000" : 153,
            "70.000000" : 163,
            "80.000000" : 165,
            "90.000000" : 175,
            "95.000000" : 185,
            "99.000000" : 205,
            "99.500000" : 235,
            "99.900000" : 604,
            "99.950000" : 892,
            "99.990000" : 10432
          }
        },
        "lat_ns" : {
          "min" : 3411,
          "max" : 13168538,
          "mean" : 4638.567809,
          "stddev" : 12319.048844,
          "N" : 94198596
        },
        "bw_min" : 11125750,
        "bw_max" : 13412120,
        "bw_agg" : 100.000000,
        "bw_mean" : 12578553.661017,
        "bw_dev" : 118575.090798,
        "bw_samples" : 236,
        "iops_min" : 2781437,
        "iops_max" : 3353029,
        "iops_mean" : 3144637.796610,
        "iops_stddev" : 29643.801855,
        "iops_samples" : 236
      },
      "write" : {
        "io_bytes" : 0,
        "io_kbytes" : 0,
        "bw_bytes" : 0,
        "bw" : 0,
        "iops" : 0.000000,
        "runtime" : 0,
        "total_ios" : 0,
        "short_ios" : 0,
        "drop_ios" : 0,
        "slat_ns" : {
          "min" : 0,
          "max" : 0,
          "mean" : 0.000000,
          "stddev" : 0.000000,
          "N" : 0
        },
        "clat_ns" : {
          "min" : 0,
          "max" : 0,
          "mean" : 0.000000,
          "stddev" : 0.000000,
          "N" : 0
        },
        "lat_ns" : {
          "min" : 0,
          "max" : 0,
          "mean" : 0.000000,
          "stddev" : 0.000000,
          "N" : 0
        },
        "bw_min" : 0,
        "bw_max" : 0,
        "bw_agg" : 0.000000,
        "bw_mean" : 0.000000,
        "bw_dev" : 0.000000,
        "bw_samples" : 0,
        "iops_min" : 0,
        "iops_max" : 0,
        "iops_mean" : 0.000000,
        "iops_stddev" : 0.000000,
        "iops_samples" : 0
      },
      "trim" : {
        "io_bytes" : 0,
        "io_kbytes" : 0,
        "bw_bytes" : 0,
        "bw" : 0,
        "iops" : 0.000000,
        "runtime" : 0,
        "total_ios" : 0,
        "short_ios" : 0,
        "drop_ios" : 0,
        "slat_ns" : {
          "min" : 0,
          "max" : 0,
          "mean" : 0.000000,
          "stddev" : 0.000000,
          "N" : 0
        },
        "clat_ns" : {
          "min" : 0,
          "max" : 0,
          "mean" : 0.000000,
          "stddev" : 0.000000,
          "N" : 0
        },
        "lat_ns" : {
          "min" : 0,
          "max" : 0,
          "mean" : 0.000000,
          "stddev" : 0.000000,
          "N" : 0
        },
        "bw_min" : 0,
        "bw_max" : 0,
        "bw_agg" : 0.000000,
        "bw_mean" : 0.000000,
        "bw_dev" : 0.000000,
        "bw_samples" : 0,
        "iops_min" : 0,
        "iops_max" : 0,
        "iops_mean" : 0.000000,
        "iops_stddev" : 0.000000,
        "iops_samples" : 0
      },
      "sync" : {
        "total_ios" : 0,
        "lat_ns" : {
          "min" : 0,
          "max" : 0,
          "mean" : 0.000000,
          "stddev" : 0.000000,
          "N" : 0
        }
      },
      "job_runtime" : 120001,
      "usr_cpu" : 17.177357,
      "sys_cpu" : 80.908492,
      "ctx" : 150,
      "majf" : 0,
      "minf" : 63,
      "iodepth_level" : {
        "1" : 0.000000,
        "2" : 0.000000,
        "4" : 100.000000,
        "8" : 0.000000,
        "16" : 0.000000,
        "32" : 0.000000,
        ">=64" : 0.000000
      },
      "iodepth_submit" : {
        "0" : 0.000000,
        "4" : 100.000000,
        "8" : 0.000000,
        "16" : 0.000000,
        "32" : 0.000000,
        "64" : 0.000000,
        ">=64" : 0.000000
      },
      "iodepth_complete" : {
        "0" : 0.000000,
        "4" : 100.000000,
        "8" : 0.000000,
        "16" : 0.000000,
        "32" : 0.000000,
        "64" : 0.000000,
        ">=64" : 0.000000
      },
      "latency_ns" : {
        "2" : 0.000000,
        "4" : 0.000000,
        "10" : 0.000000,
        "20" : 0.000000,
        "50" : 0.000000,
        "100" : 2.442571,
        "250" : 97.144208,
        "500" : 0.245766,
        "750" : 0.093424,
        "1000" : 0.046723
      },
      "latency_us" : {
        "2" : 0.010000,
        "4" : 0.010000,
        "10" : 0.013215,
        "20" : 0.010000,
        "50" : 0.010000,
        "100" : 0.010000,
        "250" : 0.010000,
        "500" : 0.010000,
        "750" : 0.010000,
        "1000" : 0.010000
      },
      "latency_ms" : {
        "2" : 0.010000,
        "4" : 0.000000,
        "10" : 0.010000,
        "20" : 0.000000,
        "50" : 0.000000,
        "100" : 0.000000,
        "250" : 0.000000,
        "500" : 0.000000,
        "750" : 0.000000,
        "1000" : 0.000000,
        "2000" : 0.000000,
        ">=2000" : 0.000000
      },
      "latency_depth" : 4,
      "latency_target" : 0,
      "latency_percentile" : 100.000000,
      "latency_window" : 0
    }
  ],
  "disk_util" : [
    {
      "name" : "sdd",
      "read_ios" : 0,
      "write_ios" : 38,
      "read_sectors" : 0,
      "write_sectors" : 472,
      "read_merges" : 0,
      "write_merges" : 18,
      "read_ticks" : 0,
      "write_ticks" : 53,
      "in_queue" : 69,
      "util" : 0.093570
    }
  ]
}
