{
  "fio version" : "fio-3.36",
  "timestamp" : 1765742860,
  "timestamp_ms" : 1765742860956,
  "time" : "Sun Dec 14 15:07:40 2025",
  "global options" : {
    "filename" : "test.dat",
    "rw" : "randread",
    "bs" : "4k",
    "direct" : "1",
    "time_based" : "1",
    "runtime" : "30",
    "group_reporting" : "1",
    "randrepeat" : "0",
    "norandommap" : "1"
  },
  "jobs" : [
    {
      "jobname" : "async_uring_c16_smt_on",
      "groupid" : 0,
      "job_start" : 1765742831537,
      "error" : 0,
      "eta" : 0,
      "elapsed" : 31,
      "job options" : {
        "name" : "async_uring_c16_smt_on",
        "ioengine" : "io_uring",
        "numjobs" : "4",
        "iodepth" : "4",
        "iodepth_batch" : "4",
        "iodepth_batch_complete_min" : "4"
      },
      "read" : {
        "io_bytes" : 385804992512,
        "io_kbytes" : 376762688,
        "bw_bytes" : 12859737759,
        "bw" : 12558337,
        "iops" : 3139584.413853,
        "runtime" : 30001,
        "total_ios" : 94190672,
        "short_ios" : 0,
        "drop_ios" : 0,
        "slat_ns" : {
          "min" : 3307,
          "max" : 13038718,
          "mean" : 4489.710024,
          "stddev" : 13879.951138,
          "N" : 94190672
        },
        "clat_ns" : {
          "min" : 81,
          "max" : 1989212,
          "mean" : 141.232795,
          "stddev" : 701.270475,
          "N" : 94190672,
          "percentile" : {
            "1.000000" : 92,
            "5.000000" : 102,
            "10.000000" : 102,
            "20.000000" : 102,
            "30.000000" : 112,
            "40.000000" : 122,
            "50.000000" : 133,
            "60.000000" : 153,
            "70.000000" : 155,
            "80.000000" : 163,
            "90.000000" : 175,
            "95.000000" : 185,
            "99.000000" : 205,
            "99.500000" : 235,
            "99.900000" : 580,
            "99.950000" : 828,
            "99.990000" : 11072
          }
        },
        "lat_ns" : {
          "min" : 3420,
          "max" : 13041343,
          "mean" : 4630.942819,
          "stddev" : 13907.767055,
          "N" : 94190672
        },
        "bw_min" : 10765540,
        "bw_max" : 13561203,
        "bw_agg" : 100.000000,
        "bw_mean" : 12570820.762712,
        "bw_dev" : 140459.806903,
        "bw_samples" : 236,
        "iops_min" : 2691383,
        "iops_max" : 3390300,
        "iops_mean" : 3142704.474576,
        "iops_stddev" : 35114.984940,
        "iops_samples" : 236
      },
      "write" : {
        "io_bytes" : 0,
        "io_kbytes" : 0,
        "bw_bytes" : 0,
        "bw" : 0,
        "iops" : 0.000000,
        "runtime" : 0,
        "total_ios" : 0,
        "short_ios" : 0,
        "drop_ios" : 0,
        "slat_ns" : {
          "min" : 0,
          "max" : 0,
          "mean" : 0.000000,
          "stddev" : 0.000000,
          "N" : 0
        },
        "clat_ns" : {
          "min" : 0,
          "max" : 0,
          "mean" : 0.000000,
          "stddev" : 0.000000,
          "N" : 0
        },
        "lat_ns" : {
          "min" : 0,
          "max" : 0,
          "mean" : 0.000000,
          "stddev" : 0.000000,
          "N" : 0
        },
        "bw_min" : 0,
        "bw_max" : 0,
        "bw_agg" : 0.000000,
        "bw_mean" : 0.000000,
        "bw_dev" : 0.000000,
        "bw_samples" : 0,
        "iops_min" : 0,
        "iops_max" : 0,
        "iops_mean" : 0.000000,
        "iops_stddev" : 0.000000,
        "iops_samples" : 0
      },
      "trim" : {
        "io_bytes" : 0,
        "io_kbytes" : 0,
        "bw_bytes" : 0,
        "bw" : 0,
        "iops" : 0.000000,
        "runtime" : 0,
        "total_ios" : 0,
        "short_ios" : 0,
        "drop_ios" : 0,
        "slat_ns" : {
          "min" : 0,
          "max" : 0,
          "mean" : 0.000000,
          "stddev" : 0.000000,
          "N" : 0
        },
        "clat_ns" : {
          "min" : 0,
          "max" : 0,
          "mean" : 0.000000,
          "stddev" : 0.000000,
          "N" : 0
        },
        "lat_ns" : {
          "min" : 0,
          "max" : 0,
          "mean" : 0.000000,
          "stddev" : 0.000000,
          "N" : 0
        },
        "bw_min" : 0,
        "bw_max" : 0,
        "bw_agg" : 0.000000,
        "bw_mean" : 0.000000,
        "bw_dev" : 0.000000,
        "bw_samples" : 0,
        "iops_min" : 0,
        "iops_max" : 0,
        "iops_mean" : 0.000000,
        "iops_stddev" : 0.000000,
        "iops_samples" : 0
      },
      "sync" : {
        "total_ios" : 0,
        "lat_ns" : {
          "min" : 0,
          "max" : 0,
          "mean" : 0.000000,
          "stddev" : 0.000000,
          "N" : 0
        }
      },
      "job_runtime" : 120000,
      "usr_cpu" : 17.635833,
      "sys_cpu" : 80.484167,
      "ctx" : 62,
      "majf" : 0,
      "minf" : 52,
      "iodepth_level" : {
        "1" : 0.000000,
        "2" : 0.000000,
        "4" : 100.000000,
        "8" : 0.000000,
        "16" : 0.000000,
        "32" : 0.000000,
        ">=64" : 0.000000
      },
      "iodepth_submit" : {
        "0" : 0.000000,
        "4" : 100.000000,
        "8" : 0.000000,
        "16" : 0.000000,
        "32" : 0.000000,
        "64" : 0.000000,
        ">=64" : 0.000000
      },
      "iodepth_complete" : {
        "0" : 0.000000,
        "4" : 100.000000,
        "8" : 0.000000,
        "16" : 0.000000,
        "32" : 0.000000,
        "64" : 0.000000,
        ">=64" : 0.000000
      },
      "latency_ns" : {
        "2" : 0.000000,
        "4" : 0.000000,
        "10" : 0.000000,
        "20" : 0.000000,
        "50" : 0.000000,
        "100" : 1.770935,
        "250" : 97.799897,
        "500" : 0.270770,
        "750" : 0.095500,
        "1000" : 0.034084
      },
      "latency_us" : {
        "2" : 0.010000,
        "4" : 0.010000,
        "10" : 0.012566,
        "20" : 0.010000,
        "50" : 0.010000,
        "100" : 0.010000,
        "250" : 0.010000,
        "500" : 0.010000,
        "750" : 0.010000,
        "1000" : 0.000000
      },
      "latency_ms" : {
        "2" : 0.010000,
        "4" : 0.000000,
        "10" : 0.000000,
        "20" : 0.000000,
        "50" : 0.000000,
        "100" : 0.000000,
        "250" : 0.000000,
        "500" : 0.000000,
        "750" : 0.000000,
        "1000" : 0.000000,
        "2000" : 0.000000,
        ">=2000" : 0.000000
      },
      "latency_depth" : 4,
      "latency_target" : 0,
      "latency_percentile" : 100.000000,
      "latency_window" : 0
    }
  ],
  "disk_util" : [
    {
      "name" : "sdd",
      "read_ios" : 1,
      "write_ios" : 63,
      "read_sectors" : 8,
      "write_sectors" : 712,
      "read_merges" : 0,
      "write_merges" : 21,
      "read_ticks" : 2,
      "write_ticks" : 83,
      "in_queue" : 96,
      "util" : 0.079915
    }
  ]
}
