{
  "fio version" : "fio-3.36",
  "timestamp" : 1765742890,
  "timestamp_ms" : 1765742890628,
  "time" : "Sun Dec 14 15:08:10 2025",
  "global options" : {
    "filename" : "test.dat",
    "rw" : "randread",
    "bs" : "4k",
    "direct" : "1",
    "time_based" : "1",
    "runtime" : "30",
    "group_reporting" : "1",
    "randrepeat" : "0",
    "norandommap" : "1"
  },
  "jobs" : [
    {
      "jobname" : "sync_psync_c16_smt_off",
      "groupid" : 0,
      "job_start" : 1765742861231,
      "error" : 0,
      "eta" : 0,
      "elapsed" : 31,
      "job options" : {
        "name" : "sync_psync_c16_smt_off",
        "ioengine" : "psync",
        "numjobs" : "16",
        "iodepth" : "1"
      },
      "read" : {
        "io_bytes" : 468552318976,
        "io_kbytes" : 457570624,
        "bw_bytes" : 15617369474,
        "bw" : 15251337,
        "iops" : 3812834.344377,
        "runtime" : 30002,
        "total_ios" : 114392656,
        "short_ios" : 0,
        "drop_ios" : 0,
        "slat_ns" : {
          "min" : 0,
          "max" : 0,
          "mean" : 0.000000,
          "stddev" : 0.000000,
          "N" : 0
        },
        "clat_ns" : {
          "min" : 1051,
          "max" : 50728856,
          "mean" : 3661.234065,
          "stddev" : 135913.995026,
          "N" : 114392656,
          "percentile" : {
            "1.000000" : 1112,
            "5.000000" : 1128,
            "10.000000" : 1144,
            "20.000000" : 1160,
            "30.000000" : 1176,
            "40.000000" : 1320,
            "50.000000" : 1400,
            "60.000000" : 1416,
            "70.000000" : 1416,
            "80.000000" : 1432,
            "90.000000" : 1448,
            "95.000000" : 1480,
            "99.000000" : 1672,
            "99.500000" : 2064,
            "99.900000" : 13504,
            "99.950000" : 39680,
            "99.990000" : 8028160
          }
        },
        "lat_ns" : {
          "min" : 1071,
          "max" : 50728886,
          "mean" : 3734.491670,
          "stddev" : 137402.091924,
          "N" : 114392656
        },
        "bw_min" : 7904644,
        "bw_max" : 17678576,
        "bw_agg" : 100.000000,
        "bw_mean" : 15266639.254237,
        "bw_dev" : 81496.652781,
        "bw_samples" : 944,
        "iops_min" : 1976154,
        "iops_max" : 4419646,
        "iops_mean" : 3816659.254237,
        "iops_stddev" : 20374.191061,
        "iops_samples" : 944
      },
      "write" : {
        "io_bytes" : 0,
        "io_kbytes" : 0,
        "bw_bytes" : 0,
        "bw" : 0,
        "iops" : 0.000000,
        "runtime" : 0,
        "total_ios" : 0,
        "short_ios" : 0,
        "drop_ios" : 0,
        "slat_ns" : {
          "min" : 0,
          "max" : 0,
          "mean" : 0.000000,
          "stddev" : 0.000000,
          "N" : 0
        },
        "clat_ns" : {
          "min" : 0,
          "max" : 0,
          "mean" : 0.000000,
          "stddev" : 0.000000,
          "N" : 0
        },
        "lat_ns" : {
          "min" : 0,
          "max" : 0,
          "mean" : 0.000000,
          "stddev" : 0.000000,
          "N" : 0
        },
        "bw_min" : 0,
        "bw_max" : 0,
        "bw_agg" : 0.000000,
        "bw_mean" : 0.000000,
        "bw_dev" : 0.000000,
        "bw_samples" : 0,
        "iops_min" : 0,
        "iops_max" : 0,
        "iops_mean" : 0.000000,
        "iops_stddev" : 0.000000,
        "iops_samples" : 0
      },
      "trim" : {
        "io_bytes" : 0,
        "io_kbytes" : 0,
        "bw_bytes" : 0,
        "bw" : 0,
        "iops" : 0.000000,
        "runtime" : 0,
        "total_ios" : 0,
        "short_ios" : 0,
        "drop_ios" : 0,
        "slat_ns" : {
          "min" : 0,
          "max" : 0,
          "mean" : 0.000000,
          "stddev" : 0.000000,
          "N" : 0
        },
        "clat_ns" : {
          "min" : 0,
          "max" : 0,
          "mean" : 0.000000,
          "stddev" : 0.000000,
          "N" : 0
        },
        "lat_ns" : {
          "min" : 0,
          "max" : 0,
          "mean" : 0.000000,
          "stddev" : 0.000000,
          "N" : 0
        },
        "bw_min" : 0,
        "bw_max" : 0,
        "bw_agg" : 0.000000,
        "bw_mean" : 0.000000,
        "bw_dev" : 0.000000,
        "bw_samples" : 0,
        "iops_min" : 0,
        "iops_max" : 0,
        "iops_mean" : 0.000000,
        "iops_stddev" : 0.000000,
        "iops_samples" : 0
      },
      "sync" : {
        "total_ios" : 0,
        "lat_ns" : {
          "min" : 0,
          "max" : 0,
          "mean" : 0.000000,
          "stddev" : 0.000000,
          "N" : 0
        }
      },
      "job_runtime" : 480005,
      "usr_cpu" : 8.360330,
      "sys_cpu" : 28.391788,
      "ctx" : 45125,
      "majf" : 0,
      "minf" : 196,
      "iodepth_level" : {
        "1" : 100.000000,
        "2" : 0.000000,
        "4" : 0.000000,
        "8" : 0.000000,
        "16" : 0.000000,
        "32" : 0.000000,
        ">=64" : 0.000000
      },
      "iodepth_submit" : {
        "0" : 0.000000,
        "4" : 100.000000,
        "8" : 0.000000,
        "16" : 0.000000,
        "32" : 0.000000,
        "64" : 0.000000,
        ">=64" : 0.000000
      },
      "iodepth_complete" : {
        "0" : 0.000000,
        "4" : 100.000000,
        "8" : 0.000000,
        "16" : 0.000000,
        "32" : 0.000000,
        "64" : 0.000000,
        ">=64" : 0.000000
      },
      "latency_ns" : {
        "2" : 0.000000,
        "4" : 0.000000,
        "10" : 0.000000,
        "20" : 0.000000,
        "50" : 0.000000,
        "100" : 0.000000,
        "250" : 0.000000,
        "500" : 0.000000,
        "750" : 0.000000,
        "1000" : 0.000000
      },
      "latency_us" : {
        "2" : 99.476396,
        "4" : 0.305975,
        "10" : 0.086707,
        "20" : 0.061112,
        "50" : 0.023141,
        "100" : 0.010000,
        "250" : 0.010000,
        "500" : 0.010000,
        "750" : 0.010000,
        "1000" : 0.010000
      },
      "latency_ms" : {
        "2" : 0.010000,
        "4" : 0.010000,
        "10" : 0.030956,
        "20" : 0.010000,
        "50" : 0.010000,
        "100" : 0.010000,
        "250" : 0.000000,
        "500" : 0.000000,
        "750" : 0.000000,
        "1000" : 0.000000,
        "2000" : 0.000000,
        ">=2000" : 0.000000
      },
      "latency_depth" : 1,
      "latency_target" : 0,
      "latency_percentile" : 100.000000,
      "latency_window" : 0
    }
  ],
  "disk_util" : [
    {
      "name" : "sdd",
      "read_ios" : 1,
      "write_ios" : 58,
      "read_sectors" : 8,
      "write_sectors" : 880,
      "read_merges" : 0,
      "write_merges" : 46,
      "read_ticks" : 1,
      "write_ticks" : 113,
      "in_queue" : 122,
      "util" : 0.066653
    }
  ]
}
