{
  "fio version" : "fio-3.36",
  "timestamp" : 1765742831,
  "timestamp_ms" : 1765742831267,
  "time" : "Sun Dec 14 15:07:11 2025",
  "global options" : {
    "filename" : "test.dat",
    "rw" : "randread",
    "bs" : "4k",
    "direct" : "1",
    "time_based" : "1",
    "runtime" : "30",
    "group_reporting" : "1",
    "randrepeat" : "0",
    "norandommap" : "1"
  },
  "jobs" : [
    {
      "jobname" : "sync_psync_c16_smt_on",
      "groupid" : 0,
      "job_start" : 1765742801846,
      "error" : 0,
      "eta" : 0,
      "elapsed" : 31,
      "job options" : {
        "name" : "sync_psync_c16_smt_on",
        "ioengine" : "psync",
        "numjobs" : "16",
        "iodepth" : "1"
      },
      "read" : {
        "io_bytes" : 825354141696,
        "io_kbytes" : 806009904,
        "bw_bytes" : 27509970725,
        "bw" : 26865205,
        "iops" : 6716301.446570,
        "runtime" : 30002,
        "total_ios" : 201502476,
        "short_ios" : 0,
        "drop_ios" : 0,
        "slat_ns" : {
          "min" : 0,
          "max" : 0,
          "mean" : 0.000000,
          "stddev" : 0.000000,
          "N" : 0
        },
        "clat_ns" : {
          "min" : 1031,
          "max" : 60103830,
          "mean" : 2068.724683,
          "stddev" : 49504.248153,
          "N" : 201502476,
          "percentile" : {
            "1.000000" : 1400,
            "5.000000" : 1416,
            "10.000000" : 1432,
            "20.000000" : 1432,
            "30.000000" : 1448,
            "40.000000" : 1448,
            "50.000000" : 1464,
            "60.000000" : 1464,
            "70.000000" : 1464,
            "80.000000" : 1480,
            "90.000000" : 1496,
            "95.000000" : 1544,
            "99.000000" : 1768,
            "99.500000" : 2256,
            "99.900000" : 10304,
            "99.950000" : 27520,
            "99.990000" : 4014080
          }
        },
        "lat_ns" : {
          "min" : 1061,
          "max" : 60104086,
          "mean" : 2109.819137,
          "stddev" : 49974.003343,
          "N" : 201502476
        },
        "bw_min" : 15404909,
        "bw_max" : 36951808,
        "bw_agg" : 100.000000,
        "bw_mean" : 26892733.915254,
        "bw_dev" : 316880.269549,
        "bw_samples" : 944,
        "iops_min" : 3851227,
        "iops_max" : 9237952,
        "iops_mean" : 6723183.406780,
        "iops_stddev" : 79220.060727,
        "iops_samples" : 944
      },
      "write" : {
        "io_bytes" : 0,
        "io_kbytes" : 0,
        "bw_bytes" : 0,
        "bw" : 0,
        "iops" : 0.000000,
        "runtime" : 0,
        "total_ios" : 0,
        "short_ios" : 0,
        "drop_ios" : 0,
        "slat_ns" : {
          "min" : 0,
          "max" : 0,
          "mean" : 0.000000,
          "stddev" : 0.000000,
          "N" : 0
        },
        "clat_ns" : {
          "min" : 0,
          "max" : 0,
          "mean" : 0.000000,
          "stddev" : 0.000000,
          "N" : 0
        },
        "lat_ns" : {
          "min" : 0,
          "max" : 0,
          "mean" : 0.000000,
          "stddev" : 0.000000,
          "N" : 0
        },
        "bw_min" : 0,
        "bw_max" : 0,
        "bw_agg" : 0.000000,
        "bw_mean" : 0.000000,
        "bw_dev" : 0.000000,
        "bw_samples" : 0,
        "iops_min" : 0,
        "iops_max" : 0,
        "iops_mean" : 0.000000,
        "iops_stddev" : 0.000000,
        "iops_samples" : 0
      },
      "trim" : {
        "io_bytes" : 0,
        "io_kbytes" : 0,
        "bw_bytes" : 0,
        "bw" : 0,
        "iops" : 0.000000,
        "runtime" : 0,
        "total_ios" : 0,
        "short_ios" : 0,
        "drop_ios" : 0,
        "slat_ns" : {
          "min" : 0,
          "max" : 0,
          "mean" : 0.000000,
          "stddev" : 0.000000,
          "N" : 0
        },
        "clat_ns" : {
          "min" : 0,
          "max" : 0,
          "mean" : 0.000000,
          "stddev" : 0.000000,
          "N" : 0
        },
        "lat_ns" : {
          "min" : 0,
          "max" : 0,
          "mean" : 0.000000,
          "stddev" : 0.000000,
          "N" : 0
        },
        "bw_min" : 0,
        "bw_max" : 0,
        "bw_agg" : 0.000000,
        "bw_mean" : 0.000000,
        "bw_dev" : 0.000000,
        "bw_samples" : 0,
        "iops_min" : 0,
        "iops_max" : 0,
        "iops_mean" : 0.000000,
        "iops_stddev" : 0.000000,
        "iops_samples" : 0
      },
      "sync" : {
        "total_ios" : 0,
        "lat_ns" : {
          "min" : 0,
          "max" : 0,
          "mean" : 0.000000,
          "stddev" : 0.000000,
          "N" : 0
        }
      },
      "job_runtime" : 480001,
      "usr_cpu" : 16.922673,
      "sys_cpu" : 56.347174,
      "ctx" : 42246,
      "majf" : 0,
      "minf" : 210,
      "iodepth_level" : {
        "1" : 100.000000,
        "2" : 0.000000,
        "4" : 0.000000,
        "8" : 0.000000,
        "16" : 0.000000,
        "32" : 0.000000,
        ">=64" : 0.000000
      },
      "iodepth_submit" : {
        "0" : 0.000000,
        "4" : 100.000000,
        "8" : 0.000000,
        "16" : 0.000000,
        "32" : 0.000000,
        "64" : 0.000000,
        ">=64" : 0.000000
      },
      "iodepth_complete" : {
        "0" : 0.000000,
        "4" : 100.000000,
        "8" : 0.000000,
        "16" : 0.000000,
        "32" : 0.000000,
        "64" : 0.000000,
        ">=64" : 0.000000
      },
      "latency_ns" : {
        "2" : 0.000000,
        "4" : 0.000000,
        "10" : 0.000000,
        "20" : 0.000000,
        "50" : 0.000000,
        "100" : 0.000000,
        "250" : 0.000000,
        "500" : 0.000000,
        "750" : 0.000000,
        "1000" : 0.000000
      },
      "latency_us" : {
        "2" : 99.294900,
        "4" : 0.470234,
        "10" : 0.130017,
        "20" : 0.043409,
        "50" : 0.027697,
        "100" : 0.010000,
        "250" : 0.010000,
        "500" : 0.010000,
        "750" : 0.010000,
        "1000" : 0.010000
      },
      "latency_ms" : {
        "2" : 0.010000,
        "4" : 0.010000,
        "10" : 0.012337,
        "20" : 0.010000,
        "50" : 0.010000,
        "100" : 0.010000,
        "250" : 0.000000,
        "500" : 0.000000,
        "750" : 0.000000,
        "1000" : 0.000000,
        "2000" : 0.000000,
        ">=2000" : 0.000000
      },
      "latency_depth" : 1,
      "latency_target" : 0,
      "latency_percentile" : 100.000000,
      "latency_window" : 0
    }
  ],
  "disk_util" : [
    {
      "name" : "sdd",
      "read_ios" : 0,
      "write_ios" : 55,
      "read_sectors" : 0,
      "write_sectors" : 696,
      "read_merges" : 0,
      "write_merges" : 25,
      "read_ticks" : 0,
      "write_ticks" : 126,
      "in_queue" : 139,
      "util" : 0.066709
    }
  ]
}
